density_sample_id,hole_id,dataset_id,project_id,campaign_id,from_m,to_m,length_m,density_t_m3,mid_m,from_x,from_y,from_z,mid_x,mid_y,mid_z,to_x,to_y,to_z
CR-C01-001-D0001,CR-C01-001,DS04,cerro_rojo,CAMPAIGN_01,4.091610674,5.091610674,1.000000000,2.277592452,4.591610674,242792.30349181962,8196745.429271402,3307.9308035973845,242792.33346935135,8196745.38645905,3307.4335426497005,242792.36344688307,8196745.343646698,3306.936281702016
CR-C01-001-D0002,CR-C01-001,DS04,cerro_rojo,CAMPAIGN_01,29.091610674,30.091610674,1.000000000,2.734492529,29.591610674,242793.80236840603,8196743.288653793,3283.0677562131777,242793.83234593776,8196743.24584144,3282.5704952654937,242793.86232346948,8196743.203029088,3282.0732343178092
CR-C01-001-D0003,CR-C01-001,DS04,cerro_rojo,CAMPAIGN_01,54.091610674,55.091610674,1.000000000,2.706606826,54.591610674,242795.30124499247,8196741.148036183,3258.204708828971,242795.3312225242,8196741.105223831,3257.707447881287,242795.36120005592,8196741.062411479,3257.2101869336025
CR-C01-001-D0004,CR-C01-001,DS04,cerro_rojo,CAMPAIGN_01,79.091610674,80.091610674,1.000000000,2.703526571,79.591610674,242796.80012157888,8196739.007418574,3233.341661444764,242796.8300991106,8196738.964606221,3232.84440049708,242796.86007664233,8196738.921793869,3232.3471395493957
CR-C01-001-D0005,CR-C01-001,DS04,cerro_rojo,CAMPAIGN_01,104.091610674,105.091610674,1.000000000,2.723231442,104.591610674,242798.29899816532,8196736.866800964,3208.4786140605574,242798.32897569705,8196736.823988612,3207.9813531128734,242798.35895322877,8196736.78117626,3207.484092165189
CR-C01-001-D0006,CR-C01-001,DS04,cerro_rojo,CAMPAIGN_01,129.091610674,130.091610674,1.000000000,2.700640813,129.591610674,242799.79787475173,8196734.726183355,3183.6155666763507,242799.82785228346,8196734.683371002,3183.1183057286667,242799.85782981518,8196734.64055865,3182.621044780982
CR-C01-001-D0007,CR-C01-001,DS04,cerro_rojo,CAMPAIGN_01,154.091610674,155.091610674,1.000000000,2.702216900,154.591610674,242801.29675133817,8196732.585565745,3158.752519292144,242801.3267288699,8196732.542753393,3158.25525834446,242801.35670640162,8196732.499941041,3157.7579973967754
CR-C01-001-D0008,CR-C01-001,DS04,cerro_rojo,CAMPAIGN_01,179.091610674,180.091610674,1.000000000,2.705109692,179.591610674,242802.79562792458,8196730.444948136,3133.889471907937,242802.8256054563,8196730.402135783,3133.392210960253,242802.85558298804,8196730.359323431,3132.8949500125686
CR-C01-001-D0009,CR-C01-001,DS04,cerro_rojo,CAMPAIGN_01,204.091610674,205.091610674,1.000000000,2.701021673,204.591610674,242804.29450451102,8196728.304330526,3109.0264245237304,242804.32448204275,8196728.261518174,3108.5291635760464,242804.35445957448,8196728.218705822,3108.031902628362
CR-C01-002-D0001,CR-C01-002,DS04,cerro_rojo,CAMPAIGN_01,4.569786321,5.569786321,1.000000000,2.265047735,5.069786321,242884.10439068684,8196614.324000667,3367.455247446611,242884.1343682186,8196614.281188315,3366.957986498927,242884.16434575032,8196614.238375963,3366.460725551243
CR-C01-002-D0002,CR-C01-002,DS04,cerro_rojo,CAMPAIGN_01,29.569786321,30.569786321,1.000000000,2.632582608,30.069786321,242885.6032672733,8196612.183383058,3342.592200062404,242885.63324480504,8196612.140570706,3342.09493911472,242885.66322233676,8196612.097758354,3341.597678167036
CR-C01-002-D0003,CR-C01-002,DS04,cerro_rojo,CAMPAIGN_01,54.569786321,55.569786321,1.000000000,2.614044794,55.069786321,242887.10214385975,8196610.042765448,3317.7291526781974,242887.1321213915,8196609.999953096,3317.2318917305133,242887.16209892323,8196609.957140744,3316.7346307828293
CR-C01-002-D0004,CR-C01-002,DS04,cerro_rojo,CAMPAIGN_01,79.569786321,80.569786321,1.000000000,2.652788134,80.069786321,242888.60102044622,8196607.902147839,3292.8661052939906,242888.63099797795,8196607.859335487,3292.3688443463066,242888.66097550967,8196607.816523135,3291.8715833986225
CR-C01-002-D0005,CR-C01-002,DS04,cerro_rojo,CAMPAIGN_01,104.569786321,105.569786321,1.000000000,2.639034259,105.069786321,242890.09989703266,8196605.761530229,3268.003057909784,242890.12987456442,8196605.718717877,3267.5057969621,242890.15985209614,8196605.675905525,3267.0085360144158
CR-C01-002-D0006,CR-C01-002,DS04,cerro_rojo,CAMPAIGN_01,129.569786321,130.569786321,1.000000000,2.655644123,130.069786321,242891.59877361913,8196603.62091262,3243.140010525577,242891.62875115086,8196603.578100268,3242.642749577893,242891.65872868258,8196603.535287916,3242.145488630209
CR-C01-002-D0007,CR-C01-002,DS04,cerro_rojo,CAMPAIGN_01,154.569786321,155.569786321,1.000000000,2.653578698,155.069786321,242893.09765020557,8196601.48029501,3218.2769631413703,242893.12762773733,8196601.437482658,3217.7797021936863,242893.15760526905,8196601.394670306,3217.2824412460022
CR-C01-002-D0008,CR-C01-002,DS04,cerro_rojo,CAMPAIGN_01,179.569786321,180.569786321,1.000000000,2.592887741,180.069786321,242894.59652679204,8196599.339677401,3193.4139157571635,242894.62650432377,8196599.296865049,3192.9166548094795,242894.6564818555,8196599.254052697,3192.4193938617955
CR-C01-002-D0009,CR-C01-002,DS04,cerro_rojo,CAMPAIGN_01,204.569786321,205.569786321,1.000000000,2.646502305,205.069786321,242896.09540337848,8196597.199059791,3168.5508683729568,242896.12538091023,8196597.156247439,3168.0536074252727,242896.15535844196,8196597.113435087,3167.5563464775887
CR-C01-002-D0010,CR-C01-002,DS04,cerro_rojo,CAMPAIGN_01,229.569786321,230.569786321,1.000000000,2.647422115,230.069786321,242897.59427996495,8196595.058442182,3143.68782098875,242897.62425749667,8196595.01562983,3143.190560041066,242897.6542350284,8196594.972817478,3142.693299093382
CR-C01-002-D0011,CR-C01-002,DS04,cerro_rojo,CAMPAIGN_01,254.569786321,255.569786321,1.000000000,2.510385467,255.069786321,242899.0931565514,8196592.917824572,3118.824773604543,242899.12313408314,8196592.87501222,3118.327512656859,242899.15311161487,8196592.832199868,3117.830251709175
CR-C01-002-D0012,CR-C01-002,DS04,cerro_rojo,CAMPAIGN_01,279.569786321,280.569786321,1.000000000,2.629873243,280.069786321,242900.59203313786,8196590.777206963,3093.961726220337,242900.62201066958,8196590.734394611,3093.4644652726524,242900.6519882013,8196590.691582259,3092.9672043249684
CR-C01-003-D0001,CR-C01-003,DS04,cerro_rojo,CAMPAIGN_01,1.213460927,2.213460927,1.000000000,2.275298407,1.7134609269999999,242975.52988554712,8196483.754862417,3500.7931865389246,242975.4999080154,8196483.797674769,3500.2959255912406,242975.46993048367,8196483.840487122,3499.7986646435565
CR-C01-003-D0002,CR-C01-003,DS04,cerro_rojo,CAMPAIGN_01,26.213460927,27.213460927,1.000000000,2.686550415,26.713460927,242974.03100896068,8196485.8954800265,3475.930139154718,242974.00103142895,8196485.938292379,3475.432878207034,242973.97105389723,8196485.981104731,3474.93561725935
CR-C01-003-D0003,CR-C01-003,DS04,cerro_rojo,CAMPAIGN_01,51.213460927,52.213460927,1.000000000,2.727528027,51.713460927,242972.53213237427,8196488.0360976355,3451.067091770511,242972.50215484254,8196488.078909988,3450.569830822827,242972.47217731082,8196488.121722341,3450.072569875143
CR-C01-003-D0004,CR-C01-003,DS04,cerro_rojo,CAMPAIGN_01,76.213460927,77.213460927,1.000000000,2.679959294,76.713460927,242971.03325578783,8196490.1767152455,3426.2040443863043,242971.0032782561,8196490.219527598,3425.7067834386203,242970.97330072438,8196490.26233995,3425.2095224909363
CR-C01-003-D0005,CR-C01-003,DS04,cerro_rojo,CAMPAIGN_01,101.213460927,102.213460927,1.000000000,2.712538931,101.713460927,242969.53437920142,8196492.3173328545,3401.3409970020975,242969.5044016697,8196492.360145207,3400.8437360544135,242969.47442413797,8196492.40295756,3400.3464751067295
CR-C01-003-D0006,CR-C01-003,DS04,cerro_rojo,CAMPAIGN_01,126.213460927,127.213460927,1.000000000,2.748981618,126.713460927,242968.03550261498,8196494.457950464,3376.4779496178908,242968.00552508325,8196494.5007628165,3375.9806886702067,242967.97554755153,8196494.543575169,3375.4834277225227
CR-C01-003-D0007,CR-C01-003,DS04,cerro_rojo,CAMPAIGN_01,151.213460927,152.213460927,1.000000000,2.696739652,151.713460927,242966.53662602857,8196496.5985680735,3351.614902233684,242966.50664849684,8196496.641380426,3351.117641286,242966.47667096512,8196496.684192779,3350.620380338316
CR-C01-003-D0008,CR-C01-003,DS04,cerro_rojo,CAMPAIGN_01,176.213460927,177.213460927,1.000000000,2.696007338,176.713460927,242965.03774944213,8196498.739185683,3326.7518548494772,242965.0077719104,8196498.7819980355,3326.254593901793,242964.97779437868,8196498.824810388,3325.757332954109
CR-C01-003-D0009,CR-C01-003,DS04,cerro_rojo,CAMPAIGN_01,201.213460927,202.213460927,1.000000000,2.669634244,201.713460927,242963.53887285572,8196500.879803292,3301.8888074652705,242963.508895324,8196500.9226156445,3301.3915465175864,242963.47891779226,8196500.9654279975,3300.8942855699024
CR-C01-003-D0010,CR-C01-003,DS04,cerro_rojo,CAMPAIGN_01,226.213460927,227.213460927,1.000000000,2.734698605,226.713460927,242962.03999626928,8196503.020420902,3277.0257600810637,242962.01001873755,8196503.0632332545,3276.5284991333797,242961.98004120582,8196503.106045607,3276.0312381856957
CR-C01-003-D0011,CR-C01-003,DS04,cerro_rojo,CAMPAIGN_01,251.213460927,252.213460927,1.000000000,2.709778914,251.713460927,242960.54111968286,8196505.161038511,3252.162712696857,242960.51114215114,8196505.2038508635,3251.665451749173,242960.4811646194,8196505.2466632165,3251.168190801489
CR-C01-003-D0012,CR-C01-003,DS04,cerro_rojo,CAMPAIGN_01,276.213460927,277.213460927,1.000000000,2.707691172,276.713460927,242959.04224309642,8196507.301656121,3227.29966531265,242959.0122655647,8196507.344468473,3226.802404364966,242958.98228803297,8196507.3872808255,3226.305143417282
CR-C01-003-D0013,CR-C01-003,DS04,cerro_rojo,CAMPAIGN_01,301.213460927,302.213460927,1.000000000,2.712755447,301.713460927,242957.54336651,8196509.44227373,3202.4366179284434,242957.5133889783,8196509.4850860825,3201.9393569807594,242957.48341144656,8196509.5278984355,3201.4420960330754
CR-C01-003-D0014,CR-C01-003,DS04,cerro_rojo,CAMPAIGN_01,326.213460927,327.213460927,1.000000000,2.680655586,326.713460927,242956.04448992357,8196511.58289134,3177.5735705442366,242956.01451239185,8196511.625703692,3177.0763095965526,242955.98453486012,8196511.6685160445,3176.5790486488686
CR-C01-003-D0015,CR-C01-003,DS04,cerro_rojo,CAMPAIGN_01,351.213460927,352.213460927,1.000000000,2.705298570,351.713460927,242954.54561333716,8196513.723508949,3152.71052316003,242954.51563580544,8196513.766321301,3152.213262212346,242954.4856582737,8196513.809133654,3151.716001264662
CR-C01-003-D0016,CR-C01-003,DS04,cerro_rojo,CAMPAIGN_01,376.213460927,377.213460927,1.000000000,2.668504812,376.713460927,242953.04673675072,8196515.864126559,3127.847475775823,242953.016759219,8196515.906938911,3127.350214828139,242952.98678168727,8196515.9497512635,3126.852953880455
CR-C01-003-D0017,CR-C01-003,DS04,cerro_rojo,CAMPAIGN_01,401.213460927,402.213460927,1.000000000,2.626842797,401.713460927,242951.5478601643,8196518.004744168,3102.9844283916163,242951.5178826326,8196518.04755652,3102.4871674439323,242951.48790510086,8196518.090368873,3101.989906496248
CR-C01-004-D0001,CR-C01-004,DS04,cerro_rojo,CAMPAIGN_01,16.077646101,17.077646101,1.000000000,2.705202279,16.577646101,242629.1917064762,8196629.687683391,3298.0104289265732,242629.22168400793,8196629.644871039,3297.513167978889,242629.25166153966,8196629.602058687,3297.0159070312047
CR-C01-004-D0002,CR-C01-004,DS04,cerro_rojo,CAMPAIGN_01,41.077646101,42.077646101,1.000000000,2.694883505,41.577646101,242630.69058306265,8196627.547065782,3273.1473815423665,242630.72056059437,8196627.50425343,3272.6501205946824,242630.7505381261,8196627.461441078,3272.152859646998
CR-C01-004-D0003,CR-C01-004,DS04,cerro_rojo,CAMPAIGN_01,66.077646101,67.077646101,1.000000000,2.699122152,66.577646101,242632.18945964906,8196625.406448172,3248.2843341581597,242632.2194371808,8196625.36363582,3247.7870732104757,242632.2494147125,8196625.320823468,3247.289812262791
CR-C01-004-D0004,CR-C01-004,DS04,cerro_rojo,CAMPAIGN_01,91.077646101,92.077646101,1.000000000,2.692836522,91.577646101,242633.6883362355,8196623.265830563,3223.421286773953,242633.71831376723,8196623.223018211,3222.924025826269,242633.74829129895,8196623.180205859,3222.4267648785844
CR-C01-004-D0005,CR-C01-004,DS04,cerro_rojo,CAMPAIGN_01,116.077646101,117.077646101,1.000000000,2.681478667,116.577646101,242635.1872128219,8196621.125212953,3198.558239389746,242635.21719035364,8196621.082400601,3198.060978442062,242635.24716788536,8196621.039588249,3197.5637174943777
CR-C01-004-D0006,CR-C01-004,DS04,cerro_rojo,CAMPAIGN_01,141.077646101,142.077646101,1.000000000,2.718560907,141.577646101,242636.68608940835,8196618.984595344,3173.6951920055394,242636.71606694008,8196618.941782992,3173.1979310578554,242636.7460444718,8196618.89897064,3172.700670110171
CR-C01-004-D0007,CR-C01-004,DS04,cerro_rojo,CAMPAIGN_01,166.077646101,167.077646101,1.000000000,2.754570140,166.577646101,242638.18496599476,8196616.843977734,3148.8321446213326,242638.2149435265,8196616.801165382,3148.3348836736486,242638.2449210582,8196616.75835303,3147.837622725964
CR-C01-004-D0008,CR-C01-004,DS04,cerro_rojo,CAMPAIGN_01,191.077646101,192.077646101,1.000000000,2.714185532,191.577646101,242639.6838425812,8196614.703360125,3123.969097237126,242639.71382011293,8196614.660547773,3123.471836289442,242639.74379764465,8196614.617735421,3122.9745753417574
CR-C01-004-D0009,CR-C01-004,DS04,cerro_rojo,CAMPAIGN_01,216.077646101,217.077646101,1.000000000,2.749983177,216.577646101,242641.1827191676,8196612.5627425155,3099.106049852919,242641.21269669934,8196612.519930163,3098.6087889052346,242641.24267423106,8196612.477117811,3098.1115279575506
CR-C01-005-D0001,CR-C01-005,DS04,cerro_rojo,CAMPAIGN_01,10.365270225,11.365270225,1.000000000,2.660990226,10.865270225,242720.6214504341,8196499.1124768015,3359.6915118098286,242720.65142796584,8196499.069664449,3359.1942508621446,242720.68140549757,8196499.026852096,3358.6969899144606
CR-C01-005-D0002,CR-C01-005,DS04,cerro_rojo,CAMPAIGN_01,35.365270225,36.365270225,1.000000000,2.663793646,35.865270225,242722.12032702056,8196496.971859192,3334.828464425622,242722.15030455228,8196496.9290468395,3334.331203477938,242722.180282084,8196496.886234487,3333.833942530254
CR-C01-005-D0003,CR-C01-005,DS04,cerro_rojo,CAMPAIGN_01,60.365270225,61.365270225,1.000000000,2.653270429,60.865270225,242723.619203607,8196494.8312415825,3309.965417041415,242723.64918113875,8196494.78842923,3309.468156093731,242723.67915867048,8196494.745616877,3308.970895146047
CR-C01-005-D0004,CR-C01-005,DS04,cerro_rojo,CAMPAIGN_01,85.365270225,86.365270225,1.000000000,2.642844578,85.865270225,242725.11808019347,8196492.690623973,3285.1023696572083,242725.1480577252,8196492.6478116205,3284.6051087095243,242725.17803525692,8196492.604999268,3284.1078477618403
CR-C01-005-D0005,CR-C01-005,DS04,cerro_rojo,CAMPAIGN_01,110.365270225,111.365270225,1.000000000,2.608314880,110.865270225,242726.6169567799,8196490.550006364,3260.2393222730016,242726.64693431166,8196490.5071940115,3259.7420613253175,242726.6769118434,8196490.4643816585,3259.2448003776335
CR-C01-005-D0006,CR-C01-005,DS04,cerro_rojo,CAMPAIGN_01,135.365270225,136.365270225,1.000000000,2.613022450,135.865270225,242728.11583336638,8196488.409388754,3235.376274888795,242728.1458108981,8196488.3665764015,3234.8790139411108,242728.17578842983,8196488.323764049,3234.3817529934267
CR-C01-005-D0007,CR-C01-005,DS04,cerro_rojo,CAMPAIGN_01,160.365270225,161.365270225,1.000000000,2.579299549,160.865270225,242729.61470995282,8196486.268771145,3210.513227504588,242729.64468748457,8196486.2259587925,3210.015966556904,242729.6746650163,8196486.1831464395,3209.51870560922
CR-C01-005-D0008,CR-C01-005,DS04,cerro_rojo,CAMPAIGN_01,185.365270225,186.365270225,1.000000000,2.529878831,185.865270225,242731.1135865393,8196484.128153535,3185.6501801203813,242731.143564071,8196484.085341183,3185.1529191726972,242731.17354160274,8196484.0425288305,3184.655658225013
CR-C01-005-D0009,CR-C01-005,DS04,cerro_rojo,CAMPAIGN_01,210.365270225,211.365270225,1.000000000,2.569182813,210.865270225,242732.61246312573,8196481.987535926,3160.7871327361745,242732.64244065748,8196481.9447235735,3160.2898717884905,242732.6724181892,8196481.9019112205,3159.7926108408064
CR-C01-005-D0010,CR-C01-005,DS04,cerro_rojo,CAMPAIGN_01,235.365270225,236.365270225,1.000000000,2.543536089,235.865270225,242734.1113397122,8196479.846918316,3135.9240853519677,242734.14131724392,8196479.804105964,3135.4268244042837,242734.17129477565,8196479.7612936115,3134.9295634565997
CR-C01-005-D0011,CR-C01-005,DS04,cerro_rojo,CAMPAIGN_01,260.365270225,261.365270225,1.000000000,2.532195562,260.865270225,242735.61021629866,8196477.706300707,3111.061037967761,242735.6401938304,8196477.6634883545,3110.563777020077,242735.67017136212,8196477.620676002,3110.066516072393
CR-C01-006-D0001,CR-C01-006,DS04,cerro_rojo,CAMPAIGN_01,2.570842063,3.570842063,1.000000000,2.304985850,3.070842063,242811.61809481698,8196369.155800506,3443.443241278813,242811.58811728525,8196369.198612858,3442.945980331129,242811.55813975353,8196369.24142521,3442.4487193834443
CR-C01-006-D0002,CR-C01-006,DS04,cerro_rojo,CAMPAIGN_01,27.570842063,28.570842063,1.000000000,2.758018155,28.070842063,242810.11921823057,8196371.296418115,3418.580193894606,242810.08924069884,8196371.339230467,3418.082932946922,242810.0592631671,8196371.38204282,3417.5856719992375
CR-C01-006-D0003,CR-C01-006,DS04,cerro_rojo,CAMPAIGN_01,52.570842063,53.570842063,1.000000000,2.716039623,53.070842063,242808.62034164413,8196373.4370357245,3393.7171465103993,242808.5903641124,8196373.479848077,3393.2198855627153,242808.56038658068,8196373.522660429,3392.722624615031
CR-C01-006-D0004,CR-C01-006,DS04,cerro_rojo,CAMPAIGN_01,77.570842063,78.570842063,1.000000000,2.696998352,78.070842063,242807.12146505772,8196375.577653334,3368.8540991261925,242807.091487526,8196375.620465686,3368.3568381785085,242807.06150999424,8196375.663278039,3367.859577230824
CR-C01-006-D0005,CR-C01-006,DS04,cerro_rojo,CAMPAIGN_01,102.570842063,103.570842063,1.000000000,2.696208069,103.070842063,242805.62258847128,8196377.7182709435,3343.9910517419858,242805.59261093955,8196377.761083296,3343.4937907943017,242805.56263340783,8196377.803895648,3342.9965298466172
CR-C01-006-D0006,CR-C01-006,DS04,cerro_rojo,CAMPAIGN_01,127.570842063,128.570842063,1.000000000,2.713908136,128.070842063,242804.12371188487,8196379.8588885525,3319.128004357779,242804.09373435314,8196379.901700905,3318.630743410095,242804.0637568214,8196379.944513258,3318.1334824624105
CR-C01-006-D0007,CR-C01-006,DS04,cerro_rojo,CAMPAIGN_01,152.570842063,153.570842063,1.000000000,2.699268535,153.070842063,242802.62483529843,8196381.9995061625,3294.264956973572,242802.5948577667,8196382.042318515,3293.767696025888,242802.56488023498,8196382.085130867,3293.2704350782037
CR-C01-006-D0008,CR-C01-006,DS04,cerro_rojo,CAMPAIGN_01,177.570842063,178.570842063,1.000000000,2.744832952,178.070842063,242801.12595871201,8196384.1401237715,3269.4019095893655,242801.0959811803,8196384.182936124,3268.9046486416814,242801.06600364854,8196384.225748477,3268.407387693997
CR-C01-006-D0009,CR-C01-006,DS04,cerro_rojo,CAMPAIGN_01,202.570842063,203.570842063,1.000000000,2.722465593,203.070842063,242799.62708212557,8196386.280741381,3244.5388622051587,242799.59710459385,8196386.3235537335,3244.0416012574747,242799.56712706212,8196386.366366086,3243.54434030979
CR-C01-006-D0010,CR-C01-006,DS04,cerro_rojo,CAMPAIGN_01,227.570842063,228.570842063,1.000000000,2.751319255,228.070842063,242798.12820553916,8196388.4213589905,3219.675814820952,242798.09822800744,8196388.464171343,3219.178553873268,242798.06825047568,8196388.506983696,3218.6812929255834
CR-C01-006-D0011,CR-C01-006,DS04,cerro_rojo,CAMPAIGN_01,252.570842063,253.570842063,1.000000000,2.700227126,253.070842063,242796.62932895272,8196390.5619766,3194.812767436745,242796.599351421,8196390.6047889525,3194.315506489061,242796.56937388927,8196390.647601305,3193.8182455413767
CR-C01-006-D0012,CR-C01-006,DS04,cerro_rojo,CAMPAIGN_01,277.570842063,278.570842063,1.000000000,2.746555697,278.070842063,242795.1304523663,8196392.702594209,3169.9497200525384,242795.1004748346,8196392.7454065615,3169.4524591048544,242795.07049730283,8196392.7882189145,3168.95519815717
CR-C01-006-D0013,CR-C01-006,DS04,cerro_rojo,CAMPAIGN_01,302.570842063,303.570842063,1.000000000,2.672289789,303.070842063,242793.63157577987,8196394.843211819,3145.0866726683316,242793.60159824815,8196394.8860241715,3144.5894117206476,242793.57162071642,8196394.928836524,3144.092150772963
CR-C01-006-D0014,CR-C01-006,DS04,cerro_rojo,CAMPAIGN_01,327.570842063,328.570842063,1.000000000,2.648615985,328.070842063,242792.13269919346,8196396.983829428,3120.223625284125,242792.10272166174,8196397.0266417805,3119.726364336441,242792.07274412998,8196397.0694541335,3119.2291033887564
CR-C01-006-D0015,CR-C01-006,DS04,cerro_rojo,CAMPAIGN_01,352.570842063,353.570842063,1.000000000,2.594726469,353.070842063,242790.63382260702,8196399.124447038,3095.360577899918,242790.6038450753,8196399.1672593905,3094.8633169522336,242790.57386754357,8196399.210071743,3094.3660560045496
CR-C01-007-D0001,CR-C01-007,DS04,cerro_rojo,CAMPAIGN_01,10.027499513,11.027499513,1.000000000,2.741851720,10.527499513,242465.05976888398,8196515.403023783,3278.0392261156803,242465.09279843222,8196515.355852699,3277.5425532476634,242465.12582798046,8196515.308681616,3277.0458803796464
CR-C01-007-D0002,CR-C01-007,DS04,cerro_rojo,CAMPAIGN_01,35.027499513,36.027499513,1.000000000,2.705071646,35.527499513,242466.7112462964,8196513.044469608,3253.2055827148342,242466.74427584466,8196512.997298525,3252.7089098468173,242466.77730539293,8196512.950127441,3252.2122369788003
CR-C01-007-D0003,CR-C01-007,DS04,cerro_rojo,CAMPAIGN_01,60.027499513,61.027499513,1.000000000,2.677610755,60.527499513,242468.36272370888,8196510.685915434,3228.3719393139886,242468.39575325712,8196510.63874435,3227.8752664459716,242468.42878280536,8196510.591573266,3227.3785935779547
CR-C01-007-D0004,CR-C01-007,DS04,cerro_rojo,CAMPAIGN_01,85.027499513,86.027499513,1.000000000,2.655179319,85.527499513,242470.01420112132,8196508.327361259,3203.5382959131425,242470.04723066956,8196508.280190175,3203.0416230451256,242470.08026021783,8196508.233019092,3202.5449501771086
CR-C01-007-D0005,CR-C01-007,DS04,cerro_rojo,CAMPAIGN_01,110.027499513,111.027499513,1.000000000,2.695692957,110.527499513,242471.66567853378,8196505.9688070845,3178.704652512297,242471.69870808203,8196505.921636,3178.20797964428,242471.73173763027,8196505.874464917,3177.711306776263
CR-C01-007-D0006,CR-C01-007,DS04,cerro_rojo,CAMPAIGN_01,135.027499513,136.027499513,1.000000000,2.686125505,135.527499513,242473.31715594622,8196503.610252909,3153.871009111451,242473.35018549446,8196503.563081826,3153.374336243434,242473.38321504273,8196503.515910743,3152.877663375417
CR-C01-007-D0007,CR-C01-007,DS04,cerro_rojo,CAMPAIGN_01,160.027499513,161.027499513,1.000000000,2.716660856,160.527499513,242474.9686333587,8196501.251698735,3129.0373657106047,242475.00166290693,8196501.204527651,3128.540692842588,242475.03469245517,8196501.157356568,3128.0440199745713
CR-C01-007-D0008,CR-C01-007,DS04,cerro_rojo,CAMPAIGN_01,185.027499513,186.027499513,1.000000000,2.714807217,185.527499513,242476.62011077112,8196498.89314456,3104.203722309759,242476.65314031937,8196498.845973477,3103.707049441742,242476.68616986764,8196498.7988023935,3103.210376573725
CR-C01-007-D0009,CR-C01-007,DS04,cerro_rojo,CAMPAIGN_01,210.027499513,211.027499513,1.000000000,2.715884844,210.527499513,242478.2715881836,8196496.534590386,3079.3700789089135,242478.30461773183,8196496.487419302,3078.8734060408965,242478.33764728007,8196496.440248218,3078.3767331728795
CR-C01-008-D0001,CR-C01-008,DS04,cerro_rojo,CAMPAIGN_01,12.335367772,13.335367772,1.000000000,2.617698615,12.835367772,242556.90915889957,8196384.2285005115,3325.732206663326,242556.9391364313,8196384.1856881585,3325.2349457156415,242556.96911396302,8196384.142875806,3324.7376847679575
CR-C01-008-D0002,CR-C01-008,DS04,cerro_rojo,CAMPAIGN_01,37.335367772,38.335367772,1.000000000,2.642433594,37.835367772,242558.408035486,8196382.087882902,3300.8691592791192,242558.43801301773,8196382.0450705495,3300.3718983314347,242558.46799054948,8196382.002258197,3299.8746373837507
CR-C01-008-D0003,CR-C01-008,DS04,cerro_rojo,CAMPAIGN_01,62.335367772,63.335367772,1.000000000,2.647519159,62.835367772,242559.90691207247,8196379.9472652925,3276.0061118949125,242559.9368896042,8196379.9044529395,3275.5088509472284,242559.96686713592,8196379.861640587,3275.011589999544
CR-C01-008-D0004,CR-C01-008,DS04,cerro_rojo,CAMPAIGN_01,87.335367772,88.335367772,1.000000000,2.646234516,87.835367772,242561.4057886589,8196377.806647683,3251.1430645107057,242561.43576619064,8196377.7638353305,3250.645803563021,242561.4657437224,8196377.721022978,3250.148542615337
CR-C01-008-D0005,CR-C01-008,DS04,cerro_rojo,CAMPAIGN_01,112.335367772,113.335367772,1.000000000,2.633105112,112.835367772,242562.90466524538,8196375.666030074,3226.280017126499,242562.9346427771,8196375.623217721,3225.782756178815,242562.96462030883,8196375.5804053685,3225.2854952311304
CR-C01-008-D0006,CR-C01-008,DS04,cerro_rojo,CAMPAIGN_01,137.335367772,138.335367772,1.000000000,2.658964634,137.835367772,242564.40354183182,8196373.525412464,3201.416969742292,242564.43351936355,8196373.4826001115,3200.9197087946077,242564.4634968953,8196373.439787759,3200.4224478469237
CR-C01-008-D0007,CR-C01-008,DS04,cerro_rojo,CAMPAIGN_01,162.335367772,163.335367772,1.000000000,2.651143462,162.835367772,242565.9024184183,8196371.384794855,3176.5539223580854,242565.93239595002,8196371.341982502,3176.056661410401,242565.96237348174,8196371.2991701495,3175.559400462717
CR-C01-008-D0008,CR-C01-008,DS04,cerro_rojo,CAMPAIGN_01,187.335367772,188.335367772,1.000000000,2.612289301,187.835367772,242567.40129500473,8196369.244177245,3151.6908749738786,242567.43127253646,8196369.201364893,3151.193614026194,242567.4612500682,8196369.1585525405,3150.69635307851
CR-C01-008-D0009,CR-C01-008,DS04,cerro_rojo,CAMPAIGN_01,212.335367772,213.335367772,1.000000000,2.640479390,212.835367772,242568.9001715912,8196367.103559636,3126.827827589672,242568.93014912293,8196367.0607472835,3126.3305666419874,242568.96012665465,8196367.0179349305,3125.8333056943034
CR-C01-008-D0010,CR-C01-008,DS04,cerro_rojo,CAMPAIGN_01,237.335367772,238.335367772,1.000000000,2.613363818,237.835367772,242570.39904817764,8196364.962942027,3101.964780205465,242570.4290257094,8196364.920129674,3101.4675192577806,242570.45900324112,8196364.8773173215,3100.9702583100966
CR-C01-009-D0001,CR-C01-009,DS04,cerro_rojo,CAMPAIGN_01,16.950178392,17.950178392,1.000000000,2.700503986,17.450178392,242646.92557193688,8196255.671739657,3387.1426764587577,242646.89559440516,8196255.7145520095,3386.6454155110737,242646.86561687343,8196255.7573643625,3386.1481545633897
CR-C01-009-D0002,CR-C01-009,DS04,cerro_rojo,CAMPAIGN_01,41.950178392,42.950178392,1.000000000,2.772088600,42.450178392,242645.42669535047,8196257.812357267,3362.279629074551,242645.39671781874,8196257.855169619,3361.782368126867,242645.36674028702,8196257.8979819715,3361.285107179183
CR-C01-009-D0003,CR-C01-009,DS04,cerro_rojo,CAMPAIGN_01,66.950178392,67.950178392,1.000000000,2.709430180,67.450178392,242643.92781876403,8196259.952974876,3337.416581690344,242643.8978412323,8196259.995787228,3336.91932074266,242643.86786370058,8196260.038599581,3336.422059794976
CR-C01-009-D0004,CR-C01-009,DS04,cerro_rojo,CAMPAIGN_01,91.950178392,92.950178392,1.000000000,2.689440301,92.450178392,242642.42894217762,8196262.093592486,3312.5535343061374,242642.3989646459,8196262.136404838,3312.0562733584534,242642.36898711417,8196262.1792171905,3311.5590124107694
CR-C01-009-D0005,CR-C01-009,DS04,cerro_rojo,CAMPAIGN_01,116.950178392,117.950178392,1.000000000,2.704650526,117.450178392,242640.93006559118,8196264.234210095,3287.6904869219306,242640.90008805945,8196264.277022447,3287.1932259742466,242640.87011052773,8196264.3198348,3286.6959650265626
CR-C01-009-D0006,CR-C01-009,DS04,cerro_rojo,CAMPAIGN_01,141.950178392,142.950178392,1.000000000,2.709962709,142.450178392,242639.43118900477,8196266.374827705,3262.827439537724,242639.40121147304,8196266.417640057,3262.33017859004,242639.37123394132,8196266.460452409,3261.832917642356
CR-C01-009-D0007,CR-C01-009,DS04,cerro_rojo,CAMPAIGN_01,166.950178392,167.950178392,1.000000000,2.720997949,167.450178392,242637.93231241833,8196268.515445314,3237.964392153517,242637.9023348866,8196268.558257666,3237.467131205833,242637.87235735488,8196268.601070019,3236.969870258149
CR-C01-009-D0008,CR-C01-009,DS04,cerro_rojo,CAMPAIGN_01,191.950178392,192.950178392,1.000000000,2.737461854,192.450178392,242636.43343583192,8196270.656062924,3213.1013447693103,242636.4034583002,8196270.698875276,3212.6040838216263,242636.37348076847,8196270.741687628,3212.1068228739423
CR-C01-009-D0009,CR-C01-009,DS04,cerro_rojo,CAMPAIGN_01,216.950178392,217.950178392,1.000000000,2.700438688,217.450178392,242634.93455924548,8196272.796680533,3188.2382973851036,242634.90458171375,8196272.839492885,3187.7410364374196,242634.87460418203,8196272.882305238,3187.2437754897355
CR-C01-009-D0010,CR-C01-009,DS04,cerro_rojo,CAMPAIGN_01,241.950178392,242.950178392,1.000000000,2.706786073,242.450178392,242633.43568265907,8196274.937298143,3163.375250000897,242633.40570512734,8196274.980110495,3162.877989053213,242633.37572759562,8196275.022922847,3162.3807281055288
CR-C01-009-D0011,CR-C01-009,DS04,cerro_rojo,CAMPAIGN_01,266.950178392,267.950178392,1.000000000,2.707431931,267.450178392,242631.93680607263,8196277.077915752,3138.51220261669,242631.9068285409,8196277.120728104,3138.014941669006,242631.87685100918,8196277.163540457,3137.517680721322
CR-C01-009-D0012,CR-C01-009,DS04,cerro_rojo,CAMPAIGN_01,291.950178392,292.950178392,1.000000000,2.721163604,292.450178392,242630.43792948622,8196279.218533362,3113.6491552324833,242630.4079519545,8196279.261345714,3113.1518942847993,242630.37797442276,8196279.304158066,3112.6546333371152
CR-C02-001-D0001,CR-C02-001,DS04,cerro_rojo,CAMPAIGN_02,5.206362854,6.206362854,1.000000000,2.274076596,5.706362854,242816.39888279355,8196676.148550898,3328.8905137365496,242816.45394946003,8196676.069907548,3328.3998174091194,242816.50901612648,8196675.991264198,3327.9091210816896
CR-C02-001-D0002,CR-C02-001,DS04,cerro_rojo,CAMPAIGN_02,30.206362854,31.206362854,1.000000000,2.709597586,30.706362854,242819.15221611678,8196672.2163834,3304.355697365054,242819.20728278326,8196672.13774005,3303.865001037624,242819.2623494497,8196672.0590967005,3303.374304710194
CR-C02-001-D0003,CR-C02-001,DS04,cerro_rojo,CAMPAIGN_02,55.206362854,56.206362854,1.000000000,2.629630090,55.706362854,242821.90554944,8196668.284215903,3279.8208809935586,242821.9606161065,8196668.205572553,3279.3301846661284,242822.01568277294,8196668.126929203,3278.8394883386986
CR-C02-001-D0004,CR-C02-001,DS04,cerro_rojo,CAMPAIGN_02,80.206362854,81.206362854,1.000000000,2.638885354,80.706362854,242824.65888276324,8196664.352048405,3255.286064622063,242824.71394942972,8196664.2734050555,3254.795368294633,242824.76901609616,8196664.194761706,3254.304671967203
CR-C02-001-D0005,CR-C02-001,DS04,cerro_rojo,CAMPAIGN_02,105.206362854,106.206362854,1.000000000,2.688603700,105.706362854,242827.41221608646,8196660.419880908,3230.7512482505676,242827.46728275294,8196660.341237558,3230.2605519231374,242827.5223494194,8196660.262594208,3229.7698555957077
CR-C02-001-D0006,CR-C02-001,DS04,cerro_rojo,CAMPAIGN_02,130.206362854,131.206362854,1.000000000,2.654045579,130.706362854,242830.1655494097,8196656.4877134105,3206.216431879072,242830.22061607617,8196656.409070061,3205.725735551642,242830.27568274262,8196656.330426711,3205.235039224212
CR-C02-001-D0007,CR-C02-001,DS04,cerro_rojo,CAMPAIGN_02,155.206362854,156.206362854,1.000000000,2.651351335,155.706362854,242832.91888273292,8196652.555545913,3181.6816155075767,242832.9739493994,8196652.476902563,3181.1909191801465,242833.02901606585,8196652.398259213,3180.7002228527167
CR-C02-001-D0008,CR-C02-001,DS04,cerro_rojo,CAMPAIGN_02,180.206362854,181.206362854,1.000000000,2.656076292,180.706362854,242835.67221605615,8196648.623378416,3157.146799136081,242835.72728272263,8196648.544735066,3156.656102808651,242835.78234938908,8196648.466091716,3156.165406481221
CR-C02-001-D0009,CR-C02-001,DS04,cerro_rojo,CAMPAIGN_02,205.206362854,206.206362854,1.000000000,2.622626706,205.706362854,242838.42554937938,8196644.691210918,3132.6119827645857,242838.48061604585,8196644.612567568,3132.1212864371555,242838.5356827123,8196644.533924218,3131.6305901097257
CR-C02-001-D0010,CR-C02-001,DS04,cerro_rojo,CAMPAIGN_02,230.206362854,231.206362854,1.000000000,2.630475467,230.706362854,242841.1788827026,8196640.759043421,3108.07716639309,242841.23394936908,8196640.680400071,3107.5864700656603,242841.28901603553,8196640.601756721,3107.0957737382305
CR-C02-002-D0001,CR-C02-002,DS04,cerro_rojo,CAMPAIGN_02,2.198087217,3.198087217,1.000000000,2.322943290,2.698087217,242867.3374845362,8196603.400688353,3377.810277168481,242867.31248929605,8196603.436385255,3377.3121798194356,242867.28749405587,8196603.472082158,3376.8140824703896
CR-C02-002-D0002,CR-C02-002,DS04,cerro_rojo,CAMPAIGN_02,27.198087217,28.198087217,1.000000000,2.657177361,27.698087217,242866.08772252788,8196605.185533474,3352.9054097161875,242866.06272728773,8196605.2212303765,3352.407312367142,242866.03773204755,8196605.256927279,3351.909215018096
CR-C02-002-D0003,CR-C02-002,DS04,cerro_rojo,CAMPAIGN_02,52.198087217,53.198087217,1.000000000,2.639540209,52.698087217,242864.83796051957,8196606.970378595,3328.0005422638937,242864.81296527942,8196607.006075498,3327.502444914848,242864.78797003924,8196607.0417724,3327.004347565802
CR-C02-002-D0004,CR-C02-002,DS04,cerro_rojo,CAMPAIGN_02,77.198087217,78.198087217,1.000000000,2.649494480,77.698087217,242863.58819851125,8196608.755223717,3303.0956748116,242863.5632032711,8196608.790920619,3302.5975774625545,242863.53820803092,8196608.826617521,3302.0994801135084
CR-C02-002-D0005,CR-C02-002,DS04,cerro_rojo,CAMPAIGN_02,102.198087217,103.198087217,1.000000000,2.643098200,102.698087217,242862.33843650293,8196610.540068838,3278.1908073593063,242862.31344126278,8196610.57576574,3277.6927100102607,242862.2884460226,8196610.611462642,3277.1946126612147
CR-C02-002-D0006,CR-C02-002,DS04,cerro_rojo,CAMPAIGN_02,127.198087217,128.198087217,1.000000000,2.606494449,127.698087217,242861.08867449462,8196612.324913959,3253.2859399070126,242861.06367925447,8196612.360610861,3252.787842557967,242861.0386840143,8196612.396307764,3252.289745208921
CR-C02-002-D0007,CR-C02-002,DS04,cerro_rojo,CAMPAIGN_02,152.198087217,153.198087217,1.000000000,2.613320670,152.698087217,242859.8389124863,8196614.10975908,3228.381072454719,242859.81391724615,8196614.145455983,3227.8829751056733,242859.78892200597,8196614.181152885,3227.3848777566272
CR-C02-002-D0008,CR-C02-002,DS04,cerro_rojo,CAMPAIGN_02,177.198087217,178.198087217,1.000000000,2.627911480,177.698087217,242858.589150478,8196615.894604201,3203.476205002425,242858.56415523784,8196615.930301104,3202.9781076533795,242858.53915999766,8196615.965998006,3202.4800103043335
CR-C02-002-D0009,CR-C02-002,DS04,cerro_rojo,CAMPAIGN_02,202.198087217,203.198087217,1.000000000,2.622225742,202.698087217,242857.33938846967,8196617.679449323,3178.5713375501314,242857.31439322952,8196617.715146225,3178.073240201086,242857.28939798934,8196617.750843127,3177.57514285204
CR-C02-002-D0010,CR-C02-002,DS04,cerro_rojo,CAMPAIGN_02,227.198087217,228.198087217,1.000000000,2.513697613,227.698087217,242856.08962646135,8196619.464294444,3153.6664700978376,242856.0646312212,8196619.499991346,3153.168372748792,242856.03963598103,8196619.535688248,3152.670275399746
CR-C02-002-D0011,CR-C02-002,DS04,cerro_rojo,CAMPAIGN_02,252.198087217,253.198087217,1.000000000,2.563183908,252.698087217,242854.83986445304,8196621.249139565,3128.761602645544,242854.8148692129,8196621.284836467,3128.2635052964984,242854.7898739727,8196621.32053337,3127.7654079474523
CR-C02-002-D0012,CR-C02-002,DS04,cerro_rojo,CAMPAIGN_02,277.198087217,278.198087217,1.000000000,2.536331533,277.698087217,242853.59010244472,8196623.033984686,3103.8567351932506,242853.56510720454,8196623.069681589,3103.3586378442046,242853.5401119644,8196623.105378491,3102.8605404951586
CR-C02-003-D0001,CR-C02-003,DS04,cerro_rojo,CAMPAIGN_02,8.870301366,9.870301366,1.000000000,2.666556029,9.370301366,242918.51079948098,8196530.317620618,3467.183294112743,242918.47932096972,8196530.362576591,3466.6863151757566,242918.44784245844,8196530.407532564,3466.1893362387696
CR-C02-003-D0002,CR-C02-003,DS04,cerro_rojo,CAMPAIGN_02,33.870301366,34.870301366,1.000000000,2.713843974,34.370301366,242916.9368739175,8196532.565419274,3442.3343472633974,242916.90539540624,8196532.610375247,3441.8373683264103,242916.87391689495,8196532.6553312205,3441.3403893894233
CR-C02-003-D0003,CR-C02-003,DS04,cerro_rojo,CAMPAIGN_02,58.870301366,59.870301366,1.000000000,2.725914074,59.370301366,242915.362948354,8196534.8132179305,3417.485400414051,242915.33146984276,8196534.858173903,3416.9884214770645,242915.29999133147,8196534.903129877,3416.4914425400775
CR-C02-003-D0004,CR-C02-003,DS04,cerro_rojo,CAMPAIGN_02,83.870301366,84.870301366,1.000000000,2.728794980,84.370301366,242913.78902279053,8196537.061016587,3392.6364535647053,242913.75754427927,8196537.105972559,3392.1394746277183,242913.726065768,8196537.150928533,3391.6424956907313
CR-C02-003-D0005,CR-C02-003,DS04,cerro_rojo,CAMPAIGN_02,108.870301366,109.870301366,1.000000000,2.682831343,109.370301366,242912.21509722705,8196539.308815243,3367.787506715359,242912.1836187158,8196539.353771215,3367.2905277783725,242912.1521402045,8196539.398727189,3366.7935488413855
CR-C02-003-D0006,CR-C02-003,DS04,cerro_rojo,CAMPAIGN_02,133.870301366,134.870301366,1.000000000,2.674961164,134.370301366,242910.64117166356,8196541.556613899,3342.9385598660133,242910.6096931523,8196541.601569871,3342.4415809290263,242910.57821464102,8196541.646525845,3341.944601992039
CR-C02-003-D0007,CR-C02-003,DS04,cerro_rojo,CAMPAIGN_02,158.870301366,159.870301366,1.000000000,2.697540757,159.370301366,242909.06724610008,8196543.804412555,3318.089613016667,242909.03576758882,8196543.8493685275,3317.5926340796805,242909.00428907754,8196543.894324501,3317.0956551426934
CR-C02-003-D0008,CR-C02-003,DS04,cerro_rojo,CAMPAIGN_02,183.870301366,184.870301366,1.000000000,2.643307021,184.370301366,242907.4933205366,8196546.052211211,3293.2406661673213,242907.46184202534,8196546.097167184,3292.743687230334,242907.43036351405,8196546.142123157,3292.246708293347
CR-C02-003-D0009,CR-C02-003,DS04,cerro_rojo,CAMPAIGN_02,208.870301366,209.870301366,1.000000000,2.677415203,209.370301366,242905.9193949731,8196548.300009867,3268.391719317975,242905.88791646186,8196548.34496584,3267.8947403809884,242905.85643795057,8196548.389921813,3267.3977614440014
CR-C02-003-D0010,CR-C02-003,DS04,cerro_rojo,CAMPAIGN_02,233.870301366,234.870301366,1.000000000,2.614884506,234.370301366,242904.34546940963,8196550.547808523,3243.542772468629,242904.31399089837,8196550.592764496,3243.045793531642,242904.2825123871,8196550.637720469,3242.548814594655
CR-C02-003-D0011,CR-C02-003,DS04,cerro_rojo,CAMPAIGN_02,258.870301366,259.870301366,1.000000000,2.621147720,259.370301366,242902.77154384615,8196552.795607179,3218.6938256192834,242902.7400653349,8196552.840563152,3218.1968466822964,242902.7085868236,8196552.8855191255,3217.6998677453093
CR-C02-003-D0012,CR-C02-003,DS04,cerro_rojo,CAMPAIGN_02,283.870301366,284.870301366,1.000000000,2.613735915,284.370301366,242901.19761828266,8196555.0434058355,3193.844878769937,242901.1661397714,8196555.088361808,3193.34789983295,242901.13466126012,8196555.133317782,3192.8509208959636
CR-C02-003-D0013,CR-C02-003,DS04,cerro_rojo,CAMPAIGN_02,308.870301366,309.870301366,1.000000000,2.661026088,309.370301366,242899.62369271918,8196557.291204492,3168.9959319205914,242899.59221420792,8196557.336160464,3168.4989529836043,242899.56073569664,8196557.381116438,3168.0019740466173
CR-C02-003-D0014,CR-C02-003,DS04,cerro_rojo,CAMPAIGN_02,333.870301366,334.870301366,1.000000000,2.646833475,334.370301366,242898.0497671557,8196559.539003148,3144.146985071245,242898.01828864444,8196559.58395912,3143.650006134258,242897.98681013315,8196559.628915094,3143.1530271972715
CR-C02-003-D0015,CR-C02-003,DS04,cerro_rojo,CAMPAIGN_02,358.870301366,359.870301366,1.000000000,2.607633443,359.370301366,242896.4758415922,8196561.786801804,3119.2980382218993,242896.44436308095,8196561.831757776,3118.8010592849123,242896.41288456967,8196561.87671375,3118.3040803479253
CR-C02-004-D0001,CR-C02-004,DS04,cerro_rojo,CAMPAIGN_02,19.908826952,20.908826952,1.000000000,2.714549725,20.408826952,242968.5324099062,8196458.879357394,3504.4501496480875,242968.47819484337,8196458.956784528,3503.9591651616824,242968.42397978052,8196459.034211662,3503.4681806752774
CR-C02-004-D0002,CR-C02-004,DS04,cerro_rojo,CAMPAIGN_02,44.908826952,45.908826952,1.000000000,2.696131182,45.408826952,242965.8216567639,8196462.750714091,3479.9009253278314,242965.76744170106,8196462.828141225,3479.4099408414263,242965.7132266382,8196462.9055683585,3478.9189563550212
CR-C02-004-D0003,CR-C02-004,DS04,cerro_rojo,CAMPAIGN_02,69.908826952,70.908826952,1.000000000,2.705191155,70.408826952,242963.1109036216,8196466.6220707875,3455.3517010075752,242963.05668855875,8196466.699497921,3454.86071652117,242963.0024734959,8196466.776925055,3454.369732034765
CR-C02-004-D0004,CR-C02-004,DS04,cerro_rojo,CAMPAIGN_02,94.908826952,95.908826952,1.000000000,2.686905405,95.408826952,242960.40015047928,8196470.493427484,3430.802476687319,242960.34593541644,8196470.570854618,3430.311492200914,242960.2917203536,8196470.648281752,3429.820507714509
CR-C02-004-D0005,CR-C02-004,DS04,cerro_rojo,CAMPAIGN_02,119.908826952,120.908826952,1.000000000,2.697411367,120.408826952,242957.68939733697,8196474.364784181,3406.253252367063,242957.63518227413,8196474.442211315,3405.762267880658,242957.58096721128,8196474.519638449,3405.271283394253
CR-C02-004-D0006,CR-C02-004,DS04,cerro_rojo,CAMPAIGN_02,144.908826952,145.908826952,1.000000000,2.678717570,145.408826952,242954.97864419466,8196478.236140878,3381.704028046807,242954.92442913182,8196478.313568012,3381.2130435604017,242954.87021406897,8196478.390995146,3380.7220590739967
CR-C02-004-D0007,CR-C02-004,DS04,cerro_rojo,CAMPAIGN_02,169.908826952,170.908826952,1.000000000,2.681796897,170.408826952,242952.26789105235,8196482.107497575,3357.1548037265507,242952.2136759895,8196482.184924709,3356.6638192401456,242952.15946092666,8196482.262351843,3356.1728347537405
CR-C02-004-D0008,CR-C02-004,DS04,cerro_rojo,CAMPAIGN_02,194.908826952,195.908826952,1.000000000,2.680524495,195.408826952,242949.55713791004,8196485.978854272,3332.6055794062945,242949.5029228472,8196486.0562814055,3332.1145949198894,242949.44870778435,8196486.133708539,3331.6236104334844
CR-C02-004-D0009,CR-C02-004,DS04,cerro_rojo,CAMPAIGN_02,219.908826952,220.908826952,1.000000000,2.709406299,220.408826952,242946.84638476773,8196489.850210968,3308.0563550860384,242946.7921697049,8196489.927638102,3307.5653705996333,242946.73795464204,8196490.005065236,3307.0743861132282
CR-C02-004-D0010,CR-C02-004,DS04,cerro_rojo,CAMPAIGN_02,244.908826952,245.908826952,1.000000000,2.709035208,245.408826952,242944.13563162542,8196493.721567665,3283.507130765782,242944.08141656258,8196493.798994799,3283.016146279377,242944.02720149973,8196493.876421933,3282.525161792972
CR-C02-004-D0011,CR-C02-004,DS04,cerro_rojo,CAMPAIGN_02,269.908826952,270.908826952,1.000000000,2.736305566,270.408826952,242941.4248784831,8196497.592924362,3258.957906445526,242941.37066342027,8196497.670351496,3258.466921959121,242941.31644835742,8196497.74777863,3257.975937472716
CR-C02-004-D0012,CR-C02-004,DS04,cerro_rojo,CAMPAIGN_02,294.908826952,295.908826952,1.000000000,2.707403883,295.408826952,242938.7141253408,8196501.464281059,3234.40868212527,242938.65991027796,8196501.541708193,3233.917697638865,242938.6056952151,8196501.619135327,3233.42671315246
CR-C02-004-D0013,CR-C02-004,DS04,cerro_rojo,CAMPAIGN_02,319.908826952,320.908826952,1.000000000,2.716708006,320.408826952,242936.0033721985,8196505.335637756,3209.859457805014,242935.94915713565,8196505.41306489,3209.3684733186087,242935.8949420728,8196505.4904920235,3208.8774888322037
CR-C02-004-D0014,CR-C02-004,DS04,cerro_rojo,CAMPAIGN_02,344.908826952,345.908826952,1.000000000,2.715527722,345.408826952,242933.29261905618,8196509.2069944525,3185.3102334847576,242933.23840399334,8196509.284421586,3184.8192489983526,242933.1841889305,8196509.36184872,3184.3282645119475
CR-C02-004-D0015,CR-C02-004,DS04,cerro_rojo,CAMPAIGN_02,369.908826952,370.908826952,1.000000000,2.612208056,370.408826952,242930.58186591387,8196513.078351149,3160.7610091645015,242930.52765085103,8196513.155778283,3160.2700246780964,242930.47343578818,8196513.233205417,3159.7790401916914
CR-C02-004-D0016,CR-C02-004,DS04,cerro_rojo,CAMPAIGN_02,394.908826952,395.908826952,1.000000000,2.642697124,395.408826952,242927.87111277157,8196516.949707846,3136.2117848442454,242927.81689770872,8196517.02713498,3135.7208003578403,242927.76268264587,8196517.104562114,3135.229815871435
CR-C02-004-D0017,CR-C02-004,DS04,cerro_rojo,CAMPAIGN_02,419.908826952,420.908826952,1.000000000,2.632292958,420.408826952,242925.16035962926,8196520.821064543,3111.662560523989,242925.1061445664,8196520.898491677,3111.171576037584,242925.05192950356,8196520.975918811,3110.680591551179
CR-C02-005-D0001,CR-C02-005,DS04,cerro_rojo,CAMPAIGN_02,18.395572838,19.395572838,1.000000000,2.622939118,18.895572838,242719.5116441516,8196605.304252169,3319.9326926293083,242719.565581063,8196605.227222276,3319.4416150333614,242719.61951797444,8196605.150192384,3318.950537437415
CR-C02-005-D0002,CR-C02-005,DS04,cerro_rojo,CAMPAIGN_02,43.395572838,44.395572838,1.000000000,2.663961209,43.895572838,242722.20848972286,8196601.452757542,3295.3788128319775,242722.2624266343,8196601.375727649,3294.8877352360305,242722.31636354572,8196601.298697757,3294.396657640084
CR-C02-005-D0003,CR-C02-005,DS04,cerro_rojo,CAMPAIGN_02,68.395572838,69.395572838,1.000000000,2.638704340,68.895572838,242724.90533529417,8196597.601262915,3270.8249330346466,242724.9592722056,8196597.524233022,3270.3338554386996,242725.01320911702,8196597.4472031295,3269.842777842753
CR-C02-005-D0004,CR-C02-005,DS04,cerro_rojo,CAMPAIGN_02,93.395572838,94.395572838,1.000000000,2.628498347,93.895572838,242727.60218086545,8196593.749768288,3246.2710532373158,242727.65611777687,8196593.672738395,3245.7799756413688,242727.7100546883,8196593.595708502,3245.2888980454222
CR-C02-005-D0005,CR-C02-005,DS04,cerro_rojo,CAMPAIGN_02,118.395572838,119.395572838,1.000000000,2.626628736,118.895572838,242730.29902643675,8196589.898273661,3221.717173439985,242730.35296334818,8196589.821243768,3221.226095844038,242730.4069002596,8196589.744213875,3220.7350182480914
CR-C02-005-D0006,CR-C02-005,DS04,cerro_rojo,CAMPAIGN_02,143.395572838,144.395572838,1.000000000,2.645895869,143.895572838,242732.99587200803,8196586.046779034,3197.163293642654,242733.04980891946,8196585.969749141,3196.672216046707,242733.1037458309,8196585.892719248,3196.1811384507605
CR-C02-005-D0007,CR-C02-005,DS04,cerro_rojo,CAMPAIGN_02,168.395572838,169.395572838,1.000000000,2.652991735,168.895572838,242735.69271757934,8196582.195284407,3172.609413845323,242735.74665449077,8196582.1182545135,3172.118336249376,242735.8005914022,8196582.041224621,3171.6272586534296
CR-C02-005-D0008,CR-C02-005,DS04,cerro_rojo,CAMPAIGN_02,193.395572838,194.395572838,1.000000000,2.681024729,193.895572838,242738.38956315062,8196578.34378978,3148.0555340479923,242738.44350006204,8196578.266759886,3147.5644564520453,242738.49743697347,8196578.189729994,3147.0733788560988
CR-C02-005-D0009,CR-C02-005,DS04,cerro_rojo,CAMPAIGN_02,218.395572838,219.395572838,1.000000000,2.609901469,218.895572838,242741.08640872192,8196574.4922951525,3123.5016542506614,242741.14034563335,8196574.415265259,3123.010576654715,242741.19428254478,8196574.338235367,3122.519499058768
CR-C02-005-D0010,CR-C02-005,DS04,cerro_rojo,CAMPAIGN_02,243.395572838,244.395572838,1.000000000,2.641286767,243.895572838,242743.78325429323,8196570.6408005245,3098.9477744533306,242743.83719120466,8196570.563770632,3098.456696857384,242743.89112811608,8196570.48674074,3097.9656192614375
CR-C02-006-D0001,CR-C02-006,DS04,cerro_rojo,CAMPAIGN_02,6.244823803,7.244823803,1.000000000,2.385176237,6.744823803,242768.8369409155,8196534.860427912,3373.7789396369344,242768.81194567532,8196534.896124816,3373.2808422878884,242768.78695043517,8196534.931821718,3372.7827449388424
CR-C02-006-D0002,CR-C02-006,DS04,cerro_rojo,CAMPAIGN_02,31.244823803,32.244823803,1.000000000,2.635613601,31.744823803000003,242767.58717890718,8196536.6452730335,3348.8740721846407,242767.562183667,8196536.680969937,3348.3759748355947,242767.53718842685,8196536.716666839,3347.8778774865486
CR-C02-006-D0003,CR-C02-006,DS04,cerro_rojo,CAMPAIGN_02,56.244823803,57.244823803,1.000000000,2.568547241,56.744823803,242766.33741689887,8196538.430118155,3323.969204732347,242766.3124216587,8196538.465815058,3323.471107383301,242766.28742641854,8196538.50151196,3322.973010034255
CR-C02-006-D0004,CR-C02-006,DS04,cerro_rojo,CAMPAIGN_02,81.244823803,82.244823803,1.000000000,2.625020920,81.744823803,242765.08765489055,8196540.214963276,3299.064337280053,242765.06265965037,8196540.250660179,3298.566239931007,242765.03766441022,8196540.2863570815,3298.068142581961
CR-C02-006-D0005,CR-C02-006,DS04,cerro_rojo,CAMPAIGN_02,106.244823803,107.244823803,1.000000000,2.614294297,106.744823803,242763.83789288223,8196541.999808397,3274.1594698277595,242763.81289764206,8196542.0355053,3273.6613724787135,242763.7879024019,8196542.071202203,3273.1632751296675
CR-C02-006-D0006,CR-C02-006,DS04,cerro_rojo,CAMPAIGN_02,131.244823803,132.244823803,1.000000000,2.639962387,131.744823803,242762.58813087392,8196543.784653518,3249.2546023754658,242762.56313563374,8196543.820350422,3248.7565050264197,242762.5381403936,8196543.856047324,3248.2584076773737
CR-C02-006-D0007,CR-C02-006,DS04,cerro_rojo,CAMPAIGN_02,156.244823803,157.244823803,1.000000000,2.602233239,156.744823803,242761.3383688656,8196545.56949864,3224.349734923172,242761.31337362542,8196545.605195543,3223.851637574126,242761.28837838527,8196545.640892445,3223.35354022508
CR-C02-006-D0008,CR-C02-006,DS04,cerro_rojo,CAMPAIGN_02,181.244823803,182.244823803,1.000000000,2.533614123,181.744823803,242760.0886068573,8196547.354343761,3199.4448674708783,242760.0636116171,8196547.390040664,3198.9467701218323,242760.03861637696,8196547.425737566,3198.4486727727863
CR-C02-006-D0009,CR-C02-006,DS04,cerro_rojo,CAMPAIGN_02,206.244823803,207.244823803,1.000000000,2.559774967,206.744823803,242758.83884484897,8196549.139188882,3174.5400000185846,242758.8138496088,8196549.174885785,3174.0419026695386,242758.78885436864,8196549.2105826875,3173.5438053204925
CR-C02-006-D0010,CR-C02-006,DS04,cerro_rojo,CAMPAIGN_02,231.244823803,232.244823803,1.000000000,2.573620568,231.744823803,242757.58908284066,8196550.924034003,3149.635132566291,242757.56408760048,8196550.959730906,3149.137035217245,242757.53909236033,8196550.995427809,3148.638937868199
CR-C02-006-D0011,CR-C02-006,DS04,cerro_rojo,CAMPAIGN_02,256.244823803,257.244823803,1.000000000,2.543962034,256.744823803,242756.33932083234,8196552.708879124,3124.730265113997,242756.31432559216,8196552.744576027,3124.232167764951,242756.28933035198,8196552.78027293,3123.734070415905
CR-C02-006-D0012,CR-C02-006,DS04,cerro_rojo,CAMPAIGN_02,281.244823803,282.244823803,1.000000000,2.596753794,281.744823803,242755.089558824,8196554.493724246,3099.8253976617034,242755.06456358384,8196554.529421148,3099.3273003126574,242755.03956834367,8196554.56511805,3098.829202963612
CR-C02-007-D0001,CR-C02-007,DS04,cerro_rojo,CAMPAIGN_02,4.155006253,5.155006253,1.000000000,2.313712589,4.655006253,242820.46709036775,8196461.124932885,3425.878916151647,242820.43051863444,8196461.177162734,3425.382998263993,242820.3939469011,8196461.229392582,3424.8870803763393
CR-C02-007-D0002,CR-C02-007,DS04,cerro_rojo,CAMPAIGN_02,29.155006253,30.155006253,1.000000000,2.727689242,29.655006253,242818.63850370172,8196463.736425288,3401.0830217689518,242818.6019319684,8196463.788655136,3400.587103881298,242818.56536023508,8196463.840884984,3400.091185993644
CR-C02-007-D0003,CR-C02-007,DS04,cerro_rojo,CAMPAIGN_02,54.155006253,55.155006253,1.000000000,2.687575544,54.655006253,242816.8099170357,8196466.34791769,3376.287127386257,242816.77334530238,8196466.400147539,3375.791209498603,242816.73677356905,8196466.452377386,3375.2952916109493
CR-C02-007-D0004,CR-C02-007,DS04,cerro_rojo,CAMPAIGN_02,79.155006253,80.155006253,1.000000000,2.746137209,79.655006253,242814.98133036966,8196468.959410093,3351.4912330035622,242814.94475863635,8196469.011639941,3350.995315115908,242814.90818690302,8196469.063869788,3350.499397228254
CR-C02-007-D0005,CR-C02-007,DS04,cerro_rojo,CAMPAIGN_02,104.155006253,105.155006253,1.000000000,2.686855823,104.655006253,242813.15274370363,8196471.570902495,3326.695338620867,242813.11617197032,8196471.623132343,3326.199420733213,242813.079600237,8196471.675362191,3325.7035028455593
CR-C02-007-D0006,CR-C02-007,DS04,cerro_rojo,CAMPAIGN_02,129.155006253,130.155006253,1.000000000,2.646646546,129.655006253,242811.3241570376,8196474.182394898,3301.899444238172,242811.2875853043,8196474.234624745,3301.403526350518,242811.25101357096,8196474.286854593,3300.907608462864
CR-C02-007-D0007,CR-C02-007,DS04,cerro_rojo,CAMPAIGN_02,154.155006253,155.155006253,1.000000000,2.650909037,154.655006253,242809.49557037157,8196476.7938872995,3277.103549855477,242809.45899863826,8196476.846117148,3276.607631967823,242809.42242690493,8196476.898346996,3276.1117140801693
CR-C02-007-D0008,CR-C02-007,DS04,cerro_rojo,CAMPAIGN_02,179.155006253,180.155006253,1.000000000,2.609911234,179.655006253,242807.66698370554,8196479.405379702,3252.307655472782,242807.63041197223,8196479.45760955,3251.811737585128,242807.5938402389,8196479.509839398,3251.315819697474
CR-C02-007-D0009,CR-C02-007,DS04,cerro_rojo,CAMPAIGN_02,204.155006253,205.155006253,1.000000000,2.628734236,204.655006253,242805.8383970395,8196482.016872104,3227.511761090087,242805.8018253062,8196482.069101953,3227.015843202433,242805.76525357287,8196482.121331801,3226.5199253147794
CR-C02-007-D0010,CR-C02-007,DS04,cerro_rojo,CAMPAIGN_02,229.155006253,230.155006253,1.000000000,2.640028925,229.655006253,242804.00981037348,8196484.628364507,3202.715866707392,242803.97323864017,8196484.680594355,3202.219948819738,242803.93666690684,8196484.732824203,3201.724030932084
CR-C02-007-D0011,CR-C02-007,DS04,cerro_rojo,CAMPAIGN_02,254.155006253,255.155006253,1.000000000,2.622372592,254.655006253,242802.18122370745,8196487.239856909,3177.919972324697,242802.14465197414,8196487.292086758,3177.424054437043,242802.1080802408,8196487.3443166055,3176.9281365493894
CR-C02-007-D0012,CR-C02-007,DS04,cerro_rojo,CAMPAIGN_02,279.155006253,280.155006253,1.000000000,2.663932293,279.655006253,242800.35263704142,8196489.851349312,3153.124077942002,242800.3160653081,8196489.90357916,3152.628160054348,242800.27949357478,8196489.955809007,3152.132242166694
CR-C02-007-D0013,CR-C02-007,DS04,cerro_rojo,CAMPAIGN_02,304.155006253,305.155006253,1.000000000,2.636103824,304.655006253,242798.5240503754,8196492.462841714,3128.328183559307,242798.48747864206,8196492.5150715625,3127.832265671653,242798.45090690875,8196492.56730141,3127.3363477839994
CR-C02-007-D0014,CR-C02-007,DS04,cerro_rojo,CAMPAIGN_02,329.155006253,330.155006253,1.000000000,2.612907400,329.655006253,242796.69546370936,8196495.074334117,3103.532289176612,242796.65889197603,8196495.126563964,3103.036371288958,242796.62232024272,8196495.178793812,3102.540453401304
CR-C02-008-D0001,CR-C02-008,DS04,cerro_rojo,CAMPAIGN_02,15.760470017,16.760470017,1.000000000,2.719249312,16.260470017,242870.6571281095,8196389.446130527,3502.532790488178,242870.60206144303,8196389.524773877,3502.042094160748,242870.54699477658,8196389.603417227,3501.551397833318
CR-C02-008-D0002,CR-C02-008,DS04,cerro_rojo,CAMPAIGN_02,40.760470017,41.760470017,1.000000000,2.706682509,41.260470017,242867.90379478628,8196393.378298025,3477.997974116682,242867.8487281198,8196393.456941375,3477.5072777892524,242867.79366145335,8196393.5355847245,3477.0165814618226
CR-C02-008-D0003,CR-C02-008,DS04,cerro_rojo,CAMPAIGN_02,65.760470017,66.760470017,1.000000000,2.736716397,66.260470017,242865.15046146305,8196397.310465522,3453.463157745187,242865.09539479658,8196397.389108872,3452.972461417757,242865.04032813013,8196397.467752222,3452.481765090327
CR-C02-008-D0004,CR-C02-008,DS04,cerro_rojo,CAMPAIGN_02,90.760470017,91.760470017,1.000000000,2.674072851,91.260470017,242862.39712813983,8196401.24263302,3428.928341373691,242862.34206147335,8196401.3212763695,3428.4376450462614,242862.2869948069,8196401.399919719,3427.9469487188317
CR-C02-008-D0005,CR-C02-008,DS04,cerro_rojo,CAMPAIGN_02,115.760470017,116.760470017,1.000000000,2.730188865,116.260470017,242859.6437948166,8196405.174800517,3404.393525002196,242859.58872815012,8196405.253443867,3403.902828674766,242859.53366148367,8196405.332087217,3403.412132347336
CR-C02-008-D0006,CR-C02-008,DS04,cerro_rojo,CAMPAIGN_02,140.760470017,141.760470017,1.000000000,2.713701747,141.260470017,242856.89046149337,8196409.1069680145,3379.8587086307,242856.8353948269,8196409.185611364,3379.3680123032705,242856.78032816044,8196409.264254714,3378.8773159758407
CR-C02-008-D0007,CR-C02-008,DS04,cerro_rojo,CAMPAIGN_02,165.760470017,166.760470017,1.000000000,2.722060291,166.260470017,242854.13712817014,8196413.039135512,3355.323892259205,242854.08206150366,8196413.117778862,3354.833195931775,242854.02699483722,8196413.196422212,3354.342499604345
CR-C02-008-D0008,CR-C02-008,DS04,cerro_rojo,CAMPAIGN_02,190.760470017,191.760470017,1.000000000,2.682747152,191.260470017,242851.38379484692,8196416.971303009,3330.7890758877093,242851.32872818044,8196417.049946359,3330.2983795602795,242851.273661514,8196417.128589709,3329.8076832328497
CR-C02-008-D0009,CR-C02-008,DS04,cerro_rojo,CAMPAIGN_02,215.760470017,216.760470017,1.000000000,2.736268335,216.260470017,242848.6304615237,8196420.903470507,3306.254259516214,242848.5753948572,8196420.982113857,3305.7635631887842,242848.52032819076,8196421.060757207,3305.272866861354
CR-C02-008-D0010,CR-C02-008,DS04,cerro_rojo,CAMPAIGN_02,240.760470017,241.760470017,1.000000000,2.690766715,241.260470017,242845.87712820046,8196424.835638004,3281.7194431447183,242845.82206153398,8196424.914281354,3281.2287468172885,242845.76699486753,8196424.992924704,3280.738050489859
CR-C02-008-D0011,CR-C02-008,DS04,cerro_rojo,CAMPAIGN_02,265.760470017,266.760470017,1.000000000,2.719507739,266.260470017,242843.12379487723,8196428.767805502,3257.184626773223,242843.06872821075,8196428.846448852,3256.6939304457933,242843.0136615443,8196428.925092202,3256.203234118363
CR-C02-008-D0012,CR-C02-008,DS04,cerro_rojo,CAMPAIGN_02,290.760470017,291.760470017,1.000000000,2.718991777,291.260470017,242840.370461554,8196432.699972999,3232.6498104017273,242840.31539488753,8196432.778616349,3232.1591140742976,242840.26032822108,8196432.857259699,3231.668417746868
CR-C02-008-D0013,CR-C02-008,DS04,cerro_rojo,CAMPAIGN_02,315.760470017,316.760470017,1.000000000,2.660804981,316.260470017,242837.61712823078,8196436.632140497,3208.114994030232,242837.5620615643,8196436.710783847,3207.6242977028023,242837.50699489785,8196436.789427197,3207.133601375372
CR-C02-008-D0014,CR-C02-008,DS04,cerro_rojo,CAMPAIGN_02,340.760470017,341.760470017,1.000000000,2.663050605,341.260470017,242834.86379490755,8196440.564307994,3183.5801776587364,242834.80872824107,8196440.642951344,3183.0894813313066,242834.75366157462,8196440.721594694,3182.598785003877
CR-C02-008-D0015,CR-C02-008,DS04,cerro_rojo,CAMPAIGN_02,365.760470017,366.760470017,1.000000000,2.650352127,366.260470017,242832.11046158432,8196444.496475492,3159.045361287241,242832.05539491784,8196444.575118842,3158.5546649598114,242832.0003282514,8196444.6537621915,3158.063968632381
CR-C02-008-D0016,CR-C02-008,DS04,cerro_rojo,CAMPAIGN_02,390.760470017,391.760470017,1.000000000,2.646402041,391.260470017,242829.3571282611,8196448.428642989,3134.5105449157454,242829.30206159462,8196448.507286339,3134.0198485883157,242829.24699492817,8196448.585929689,3133.529152260886
CR-C02-008-D0017,CR-C02-008,DS04,cerro_rojo,CAMPAIGN_02,415.760470017,416.760470017,1.000000000,2.698749620,416.260470017,242826.60379493784,8196452.360810486,3109.97572854425,242826.5487282714,8196452.439453836,3109.4850322168204,242826.4936616049,8196452.5180971855,3108.99433588939
CR-C02-009-D0001,CR-C02-009,DS04,cerro_rojo,CAMPAIGN_02,23.953932527,24.953932527,1.000000000,2.663716475,24.453932527,242622.01267978738,8196535.3335883105,3300.542861984728,242622.07078468756,8196535.250605913,3300.0532317749735,242622.12888958774,8196535.167623516,3299.5636015652194
CR-C02-009-D0002,CR-C02-009,DS04,cerro_rojo,CAMPAIGN_02,48.953932527,49.953932527,1.000000000,2.587577550,49.453932527,242624.91792479597,8196531.184468443,3276.0613514970114,242624.97602969615,8196531.101486045,3275.5717212872573,242625.03413459632,8196531.018503648,3275.082091077503
CR-C02-009-D0003,CR-C02-009,DS04,cerro_rojo,CAMPAIGN_02,73.953932527,74.953932527,1.000000000,2.652659381,74.453932527,242627.82316980456,8196527.035348575,3251.5798410092953,242627.88127470473,8196526.952366177,3251.0902107995407,242627.9393796049,8196526.86938378,3250.6005805897867
CR-C02-009-D0004,CR-C02-009,DS04,cerro_rojo,CAMPAIGN_02,98.953932527,99.953932527,1.000000000,2.619997957,99.453932527,242630.72841481314,8196522.886228707,3227.0983305215786,242630.78651971332,8196522.803246309,3226.6087003118246,242630.8446246135,8196522.720263912,3226.11907010207
CR-C02-009-D0005,CR-C02-009,DS04,cerro_rojo,CAMPAIGN_02,123.953932527,124.953932527,1.000000000,2.630811105,124.453932527,242633.63365982173,8196518.737108839,3202.6168200338625,242633.6917647219,8196518.654126441,3202.127189824108,242633.7498696221,8196518.571144044,3201.637559614354
CR-C02-009-D0006,CR-C02-009,DS04,cerro_rojo,CAMPAIGN_02,148.953932527,149.953932527,1.000000000,2.625201775,149.453932527,242636.53890483032,8196514.587988971,3178.135309546146,242636.5970097305,8196514.505006573,3177.645679336392,242636.65511463067,8196514.422024176,3177.1560491266373
CR-C02-009-D0007,CR-C02-009,DS04,cerro_rojo,CAMPAIGN_02,173.953932527,174.953932527,1.000000000,2.609592260,174.453932527,242639.4441498389,8196510.438869103,3153.6537990584297,242639.50225473908,8196510.355886705,3153.164168848675,242639.56035963926,8196510.2729043085,3152.674538638921
CR-C02-009-D0008,CR-C02-009,DS04,cerro_rojo,CAMPAIGN_02,198.953932527,199.953932527,1.000000000,2.599873746,199.453932527,242642.3493948475,8196506.289749235,3129.172288570713,242642.40749974767,8196506.206766837,3128.682658360959,242642.46560464785,8196506.123784441,3128.1930281512045
CR-C02-009-D0009,CR-C02-009,DS04,cerro_rojo,CAMPAIGN_02,223.953932527,224.953932527,1.000000000,2.597795503,224.453932527,242645.2546398561,8196502.140629367,3104.690778082997,242645.31274475626,8196502.057646969,3104.2011478732425,242645.37084965644,8196501.974664572,3103.7115176634884
CR-C02-010-D0001,CR-C02-010,DS04,cerro_rojo,CAMPAIGN_02,1.226103962,2.226103962,1.000000000,2.258797026,1.7261039619999998,242670.789583817,8196465.672950046,3358.7785617337463,242670.76458857683,8196465.708646948,3358.2804643847003,242670.73959333668,8196465.744343851,3357.7823670356547
CR-C02-010-D0002,CR-C02-010,DS04,cerro_rojo,CAMPAIGN_02,26.226103962,27.226103962,1.000000000,2.640267125,26.726103962,242669.5398218087,8196467.457795167,3333.8736942814526,242669.5148265685,8196467.49349207,3333.3755969324066,242669.48983132836,8196467.529188972,3332.877499583361
CR-C02-010-D0003,CR-C02-010,DS04,cerro_rojo,CAMPAIGN_02,51.226103962,52.226103962,1.000000000,2.615543607,51.726103962,242668.29005980038,8196469.242640289,3308.968826829159,242668.2650645602,8196469.278337191,3308.470729480113,242668.24006932005,8196469.314034093,3307.9726321310673
CR-C02-010-D0004,CR-C02-010,DS04,cerro_rojo,CAMPAIGN_02,76.226103962,77.226103962,1.000000000,2.634927661,76.726103962,242667.04029779206,8196471.02748541,3284.063959376865,242667.01530255188,8196471.063182312,3283.565862027819,242666.99030731173,8196471.098879214,3283.0677646787735
CR-C02-010-D0005,CR-C02-010,DS04,cerro_rojo,CAMPAIGN_02,101.226103962,102.226103962,1.000000000,2.621761618,101.726103962,242665.79053578374,8196472.812330531,3259.1590919245714,242665.76554054357,8196472.848027433,3258.6609945755254,242665.74054530342,8196472.883724336,3258.16289722648
CR-C02-010-D0006,CR-C02-010,DS04,cerro_rojo,CAMPAIGN_02,126.226103962,127.226103962,1.000000000,2.644538560,126.726103962,242664.54077377543,8196474.597175652,3234.2542244722777,242664.51577853525,8196474.6328725545,3233.7561271232316,242664.4907832951,8196474.668569457,3233.258029774186
CR-C02-010-D0007,CR-C02-010,DS04,cerro_rojo,CAMPAIGN_02,151.226103962,152.226103962,1.000000000,2.595891307,151.726103962,242663.2910117671,8196476.382020773,3209.349357019984,242663.26601652693,8196476.417717676,3208.851259670938,242663.24102128678,8196476.453414578,3208.3531623218923
CR-C02-010-D0008,CR-C02-010,DS04,cerro_rojo,CAMPAIGN_02,176.226103962,177.226103962,1.000000000,2.576001473,176.726103962,242662.0412497588,8196478.166865895,3184.44448956769,242662.01625451862,8196478.202562797,3183.946392218644,242661.99125927847,8196478.238259699,3183.4482948695986
CR-C02-010-D0009,CR-C02-010,DS04,cerro_rojo,CAMPAIGN_02,201.226103962,202.226103962,1.000000000,2.542527247,201.726103962,242660.79148775048,8196479.951711016,3159.5396221153965,242660.7664925103,8196479.987407918,3159.0415247663504,242660.74149727015,8196480.02310482,3158.543427417305
CR-C02-010-D0010,CR-C02-010,DS04,cerro_rojo,CAMPAIGN_02,226.226103962,227.226103962,1.000000000,2.581648372,226.726103962,242659.54172574216,8196481.736556137,3134.6347546631027,242659.516730502,8196481.772253039,3134.1366573140567,242659.49173526184,8196481.807949942,3133.638559965011
CR-C02-010-D0011,CR-C02-010,DS04,cerro_rojo,CAMPAIGN_02,251.226103962,252.226103962,1.000000000,2.547012588,251.726103962,242658.29196373385,8196483.521401258,3109.729887210809,242658.2669684937,8196483.5570981605,3109.231789861763,242658.24197325352,8196483.592795063,3108.7336925127174
CR-C02-011-D0001,CR-C02-011,DS04,cerro_rojo,CAMPAIGN_02,0.470416962,1.470416962,1.000000000,2.265037728,0.970416962,242722.43240252667,8196391.919361442,3387.5348739274436,242722.38951069815,8196391.980617322,3387.040497544225,242722.34661886963,8196392.041873202,3386.5461211610072
CR-C02-011-D0002,CR-C02-011,DS04,cerro_rojo,CAMPAIGN_02,25.470416962,26.470416962,1.000000000,2.688159415,25.970416962,242720.28781110063,8196394.982155413,3362.8160547665257,242720.24491927208,8196395.043411293,3362.3216783833072,242720.20202744356,8196395.104667172,3361.827302000089
CR-C02-011-D0003,CR-C02-011,DS04,cerro_rojo,CAMPAIGN_02,50.470416962,51.470416962,1.000000000,2.618905635,50.970416962,242718.14321967456,8196398.0449493835,3338.0972356056077,242718.10032784604,8196398.106205263,3337.6028592223893,242718.05743601752,8196398.167461143,3337.1084828391713
CR-C02-011-D0004,CR-C02-011,DS04,cerro_rojo,CAMPAIGN_02,75.470416962,76.470416962,1.000000000,2.636218993,75.970416962,242715.99862824852,8196401.1077433545,3313.3784164446897,242715.95573641997,8196401.168999234,3312.8840400614713,242715.91284459145,8196401.230255113,3312.389663678253
CR-C02-011-D0005,CR-C02-011,DS04,cerro_rojo,CAMPAIGN_02,100.470416962,101.470416962,1.000000000,2.637273948,100.970416962,242713.85403682245,8196404.170537325,3288.6595972837717,242713.81114499393,8196404.231793204,3288.1652209005533,242713.7682531654,8196404.293049084,3287.6708445173354
CR-C02-011-D0006,CR-C02-011,DS04,cerro_rojo,CAMPAIGN_02,125.470416962,126.470416962,1.000000000,2.622912256,125.970416962,242711.7094453964,8196407.233331296,3263.9407781228538,242711.66655356786,8196407.294587175,3263.4464017396353,242711.62366173934,8196407.355843054,3262.952025356417
CR-C02-011-D0007,CR-C02-011,DS04,cerro_rojo,CAMPAIGN_02,150.470416962,151.470416962,1.000000000,2.615290144,150.970416962,242709.56485397034,8196410.296125266,3239.221958961936,242709.52196214182,8196410.3573811455,3238.7275825787174,242709.4790703133,8196410.418637025,3238.2332061954994
CR-C02-011-D0008,CR-C02-011,DS04,cerro_rojo,CAMPAIGN_02,175.470416962,176.470416962,1.000000000,2.626016464,175.970416962,242707.4202625443,8196413.358919237,3214.503139801018,242707.37737071575,8196413.4201751165,3214.0087634177994,242707.33447888723,8196413.481430995,3213.514387034581
CR-C02-011-D0009,CR-C02-011,DS04,cerro_rojo,CAMPAIGN_02,200.470416962,201.470416962,1.000000000,2.637870889,200.970416962,242705.27567111823,8196416.421713207,3189.7843206401,242705.2327792897,8196416.482969087,3189.2899442568814,242705.1898874612,8196416.544224966,3188.7955678736635
CR-C02-011-D0010,CR-C02-011,DS04,cerro_rojo,CAMPAIGN_02,225.470416962,226.470416962,1.000000000,2.631786872,225.970416962,242703.1310796922,8196419.484507178,3165.065501479182,242703.08818786364,8196419.545763058,3164.5711250959635,242703.04529603512,8196419.607018936,3164.076748712745
CR-C02-011-D0011,CR-C02-011,DS04,cerro_rojo,CAMPAIGN_02,250.470416962,251.470416962,1.000000000,2.637459053,250.970416962,242700.98648826612,8196422.547301148,3140.346682318264,242700.9435964376,8196422.608557028,3139.8523059350455,242700.90070460908,8196422.669812907,3139.3579295518275
CR-C02-011-D0012,CR-C02-011,DS04,cerro_rojo,CAMPAIGN_02,275.470416962,276.470416962,1.000000000,2.617035678,275.970416962,242698.84189684005,8196425.610095118,3115.627863157346,242698.79900501153,8196425.671350998,3115.1334867741275,242698.75611318302,8196425.732606878,3114.6391103909095
CR-C02-012-D0001,CR-C02-012,DS04,cerro_rojo,CAMPAIGN_02,15.561120197,16.561120197,1.000000000,2.720738552,16.061120197,242771.90122597956,8196321.270559833,3418.916075746141,242771.83074872987,8196321.371211777,3418.4314087021585,242771.76027148022,8196321.471863721,3417.9467416581765
CR-C02-012-D0002,CR-C02-012,DS04,cerro_rojo,CAMPAIGN_02,40.561120197,41.561120197,1.000000000,2.743228125,41.061120197,242768.3773634962,8196326.303157016,3394.6827235470373,242768.30688624652,8196326.403808959,3394.1980565030553,242768.23640899686,8196326.504460903,3393.7133894590734
CR-C02-012-D0003,CR-C02-012,DS04,cerro_rojo,CAMPAIGN_02,65.561120197,66.561120197,1.000000000,2.743009483,66.061120197,242764.85350101284,8196331.335754197,3370.449371347934,242764.78302376316,8196331.436406141,3369.9647043039517,242764.7125465135,8196331.537058084,3369.48003725997
CR-C02-012-D0004,CR-C02-012,DS04,cerro_rojo,CAMPAIGN_02,90.561120197,91.561120197,1.000000000,2.706794259,91.061120197,242761.32963852948,8196336.368351379,3346.2160191488306,242761.2591612798,8196336.4690033225,3345.7313521048486,242761.18868403014,8196336.569655267,3345.2466850608666
CR-C02-012-D0005,CR-C02-012,DS04,cerro_rojo,CAMPAIGN_02,115.561120197,116.561120197,1.000000000,2.706649185,116.061120197,242757.80577604612,8196341.400948561,3321.9826669497274,242757.73529879644,8196341.501600505,3321.497999905745,242757.6648215468,8196341.602252448,3321.013332861763
CR-C02-012-D0006,CR-C02-012,DS04,cerro_rojo,CAMPAIGN_02,140.561120197,141.561120197,1.000000000,2.691370101,141.061120197,242754.28191356277,8196346.433545743,3297.749314750624,242754.21143631308,8196346.534197686,3297.264647706642,242754.14095906343,8196346.63484963,3296.77998066266
CR-C02-012-D0007,CR-C02-012,DS04,cerro_rojo,CAMPAIGN_02,165.561120197,166.561120197,1.000000000,2.698492130,166.061120197,242750.7580510794,8196351.4661429245,3273.5159625515207,242750.68757382972,8196351.566794869,3273.0312955075383,242750.61709658007,8196351.667446812,3272.5466284635563
CR-C02-012-D0008,CR-C02-012,DS04,cerro_rojo,CAMPAIGN_02,190.561120197,191.561120197,1.000000000,2.709496735,191.061120197,242747.23418859605,8196356.498740107,3249.282610352417,242747.16371134637,8196356.59939205,3248.797943308435,242747.0932340967,8196356.700043994,3248.313276264453
CR-C02-012-D0009,CR-C02-012,DS04,cerro_rojo,CAMPAIGN_02,215.561120197,216.561120197,1.000000000,2.751404475,216.061120197,242743.7103261127,8196361.531337288,3225.049258153314,242743.639848863,8196361.631989232,3224.5645911093316,242743.56937161335,8196361.732641175,3224.0799240653496
CR-C02-012-D0010,CR-C02-012,DS04,cerro_rojo,CAMPAIGN_02,240.561120197,241.561120197,1.000000000,2.639870331,241.061120197,242740.18646362933,8196366.5639344705,3200.8159059542104,242740.11598637965,8196366.664586414,3200.3312389102284,242740.04550913,8196366.765238358,3199.8465718662464
CR-C02-012-D0011,CR-C02-012,DS04,cerro_rojo,CAMPAIGN_02,265.561120197,266.561120197,1.000000000,2.613178445,266.061120197,242736.66260114597,8196371.596531652,3176.5825537551073,242736.5921238963,8196371.697183596,3176.097886711125,242736.52164664664,8196371.797835539,3175.613219667143
CR-C02-012-D0012,CR-C02-012,DS04,cerro_rojo,CAMPAIGN_02,290.561120197,291.561120197,1.000000000,2.663496564,291.061120197,242733.13873866262,8196376.629128834,3152.3492015560037,242733.06826141293,8196376.729780777,3151.8645345120217,242732.99778416328,8196376.830432721,3151.3798674680397
CR-C02-012-D0013,CR-C02-012,DS04,cerro_rojo,CAMPAIGN_02,315.561120197,316.561120197,1.000000000,2.623059000,316.061120197,242729.61487617926,8196381.661726016,3128.1158493569,242729.54439892957,8196381.762377959,3127.631182312918,242729.47392167992,8196381.863029903,3127.146515268936
CR-C02-012-D0014,CR-C02-012,DS04,cerro_rojo,CAMPAIGN_02,340.561120197,341.561120197,1.000000000,2.610248792,341.061120197,242726.0910136959,8196386.694323197,3103.8824971577965,242726.02053644622,8196386.794975141,3103.3978301138145,242725.95005919656,8196386.895627084,3102.9131630698325
CR-C02-013-D0001,CR-C02-013,DS04,cerro_rojo,CAMPAIGN_02,0.783598241,1.783598241,1.000000000,2.271584774,1.283598241,242521.03181664526,8196470.335591249,3305.2364687730083,242521.09630370254,8196470.2434941875,3304.749273175161,242521.1607907598,8196470.151397125,3304.262077577314
CR-C02-013-D0002,CR-C02-013,DS04,cerro_rojo,CAMPAIGN_02,25.783598241,26.783598241,1.000000000,2.611857077,26.283598241,242524.2561695086,8196465.730738135,3280.876688880651,242524.32065656583,8196465.638641072,3280.389493282804,242524.3851436231,8196465.546544011,3279.9022976849565
CR-C02-013-D0003,CR-C02-013,DS04,cerro_rojo,CAMPAIGN_02,50.783598241,51.783598241,1.000000000,2.687914220,51.283598241,242527.4805223719,8196461.12588502,3256.516908988294,242527.54500942916,8196461.033787958,3256.0297133904464,242527.60949648643,8196460.941690896,3255.5425177925995
CR-C02-013-D0004,CR-C02-013,DS04,cerro_rojo,CAMPAIGN_02,75.783598241,76.783598241,1.000000000,2.630564261,76.283598241,242530.7048752352,8196456.521031906,3232.1571290959364,242530.76936229246,8196456.428934843,3231.6699334980894,242530.83384934973,8196456.336837782,3231.182737900242
CR-C02-013-D0005,CR-C02-013,DS04,cerro_rojo,CAMPAIGN_02,100.783598241,101.783598241,1.000000000,2.625384429,101.283598241,242533.9292280985,8196451.916178791,3207.7973492035794,242533.99371515578,8196451.824081729,3207.310153605732,242534.05820221305,8196451.731984667,3206.822958007885
CR-C02-013-D0006,CR-C02-013,DS04,cerro_rojo,CAMPAIGN_02,125.783598241,126.783598241,1.000000000,2.652987631,126.283598241,242537.15358096184,8196447.311325677,3183.437569311222,242537.21806801908,8196447.219228614,3182.950373713375,242537.28255507635,8196447.127131552,3182.4631781155276
CR-C02-013-D0007,CR-C02-013,DS04,cerro_rojo,CAMPAIGN_02,150.783598241,151.783598241,1.000000000,2.618264257,151.283598241,242540.37793382513,8196442.706472562,3159.077789418865,242540.4424208824,8196442.6143755,3158.5905938210176,242540.50690793968,8196442.522278437,3158.1033982231706
CR-C02-013-D0008,CR-C02-013,DS04,cerro_rojo,CAMPAIGN_02,175.783598241,176.783598241,1.000000000,2.603598991,176.283598241,242543.60228668846,8196438.101619448,3134.7180095265076,242543.6667737457,8196438.009522385,3134.2308139286606,242543.73126080298,8196437.917425323,3133.743618330813
CR-C02-013-D0009,CR-C02-013,DS04,cerro_rojo,CAMPAIGN_02,200.783598241,201.783598241,1.000000000,2.648806652,201.283598241,242546.82663955176,8196433.496766333,3110.3582296341506,242546.89112660903,8196433.404669271,3109.871034036303,242546.9556136663,8196433.312572208,3109.383838438456
CR-C02-013-D0010,CR-C02-013,DS04,cerro_rojo,CAMPAIGN_02,225.783598241,226.783598241,1.000000000,2.575837814,226.283598241,242550.05099241508,8196428.891913218,3085.998449741793,242550.11547947236,8196428.799816156,3085.5112541439457,242550.17996652963,8196428.707719094,3085.024058546099
CR-C02-014-D0001,CR-C02-014,DS04,cerro_rojo,CAMPAIGN_02,1.530568253,2.530568253,1.000000000,2.265207819,2.030568253,242572.47611818585,8196396.865514548,3338.4752560212937,242572.4511229457,8196396.90121145,3337.977158672248,242572.42612770552,8196396.936908352,3337.479061323202
CR-C02-014-D0002,CR-C02-014,DS04,cerro_rojo,CAMPAIGN_02,26.530568253,27.530568253,1.000000000,2.648316635,27.030568253,242571.22635617753,8196398.650359669,3313.570388569,242571.20136093738,8196398.686056571,3313.0722912199544,242571.1763656972,8196398.721753473,3312.5741938709084
CR-C02-014-D0003,CR-C02-014,DS04,cerro_rojo,CAMPAIGN_02,51.530568253,52.530568253,1.000000000,2.618259629,52.030568253,242569.97659416922,8196400.43520479,3288.6655211167063,242569.95159892907,8196400.470901692,3288.1674237676607,242569.9266036889,8196400.506598595,3287.6693264186147
CR-C02-014-D0004,CR-C02-014,DS04,cerro_rojo,CAMPAIGN_02,76.530568253,77.530568253,1.000000000,2.627016484,77.030568253,242568.7268321609,8196402.220049911,3263.7606536644125,242568.70183692075,8196402.2557468135,3263.262556315367,242568.67684168057,8196402.291443716,3262.764458966321
CR-C02-014-D0005,CR-C02-014,DS04,cerro_rojo,CAMPAIGN_02,101.530568253,102.530568253,1.000000000,2.626231532,102.030568253,242567.47707015258,8196404.004895032,3238.855786212119,242567.45207491243,8196404.040591935,3238.3576888630732,242567.42707967226,8196404.076288837,3237.859591514027
CR-C02-014-D0006,CR-C02-014,DS04,cerro_rojo,CAMPAIGN_02,126.530568253,127.530568253,1.000000000,2.636348447,127.030568253,242566.22730814427,8196405.789740154,3213.950918759825,242566.20231290412,8196405.825437056,3213.4528214107795,242566.17731766394,8196405.861133958,3212.9547240617335
CR-C02-014-D0007,CR-C02-014,DS04,cerro_rojo,CAMPAIGN_02,151.530568253,152.530568253,1.000000000,2.634431487,152.030568253,242564.97754613595,8196407.574585275,3189.0460513075313,242564.9525508958,8196407.610282177,3188.547953958486,242564.92755565562,8196407.645979079,3188.0498566094398
CR-C02-014-D0008,CR-C02-014,DS04,cerro_rojo,CAMPAIGN_02,176.530568253,177.530568253,1.000000000,2.650343388,177.030568253,242563.72778412764,8196409.359430396,3164.1411838552376,242563.7027888875,8196409.395127298,3163.643086506192,242563.6777936473,8196409.430824201,3163.144989157146
CR-C02-014-D0009,CR-C02-014,DS04,cerro_rojo,CAMPAIGN_02,201.530568253,202.530568253,1.000000000,2.627893327,202.030568253,242562.47802211932,8196411.144275517,3139.236316402944,242562.45302687917,8196411.1799724195,3138.7382190538983,242562.428031639,8196411.215669322,3138.2401217048523
CR-C02-014-D0010,CR-C02-014,DS04,cerro_rojo,CAMPAIGN_02,226.530568253,227.530568253,1.000000000,2.637779572,227.030568253,242561.228260111,8196412.929120638,3114.3314489506506,242561.20326487083,8196412.964817541,3113.8333516016046,242561.17826963068,8196413.000514443,3113.3352542525586
CR-C02-015-D0001,CR-C02-015,DS04,cerro_rojo,CAMPAIGN_02,3.120007179,4.120007179,1.000000000,2.301822378,3.620007179,242623.8905469152,8196323.438100641,3370.9195221535697,242623.84503990697,8196323.503091384,3370.425856967931,242623.79953289873,8196323.568082127,3369.932191782292
CR-C02-015-D0002,CR-C02-015,DS04,cerro_rojo,CAMPAIGN_02,28.120007179,29.120007179,1.000000000,2.697564621,28.620007179,242621.61519650335,8196326.687637797,3346.236262871633,242621.5696894951,8196326.75262854,3345.742597685994,242621.52418248687,8196326.817619283,3345.2489325003553
CR-C02-015-D0003,CR-C02-015,DS04,cerro_rojo,CAMPAIGN_02,53.120007179,54.120007179,1.000000000,2.706836577,53.620007179,242619.3398460915,8196329.937174952,3321.5530035896963,242619.29433908325,8196330.002165695,3321.0593384040576,242619.248832075,8196330.067156438,3320.565673218419
CR-C02-015-D0004,CR-C02-015,DS04,cerro_rojo,CAMPAIGN_02,78.120007179,79.120007179,1.000000000,2.646050723,78.620007179,242617.06449567963,8196333.186712108,3296.8697443077594,242617.0189886714,8196333.251702851,3296.3760791221207,242616.97348166315,8196333.316693594,3295.882413936482
CR-C02-015-D0005,CR-C02-015,DS04,cerro_rojo,CAMPAIGN_02,103.120007179,104.120007179,1.000000000,2.670903055,103.620007179,242614.78914526777,8196336.436249263,3272.186485025823,242614.74363825953,8196336.501240006,3271.6928198401843,242614.6981312513,8196336.566230749,3271.1991546545455
CR-C02-015-D0006,CR-C02-015,DS04,cerro_rojo,CAMPAIGN_02,128.120007179,129.120007179,1.000000000,2.632127813,128.620007179,242612.5137948559,8196339.685786419,3247.503225743886,242612.46828784767,8196339.750777162,3247.0095605582474,242612.42278083944,8196339.815767905,3246.5158953726086
CR-C02-015-D0007,CR-C02-015,DS04,cerro_rojo,CAMPAIGN_02,153.120007179,154.120007179,1.000000000,2.663982020,153.620007179,242610.23844444405,8196342.935323574,3222.8199664619497,242610.19293743582,8196343.000314317,3222.326301276311,242610.14743042758,8196343.06530506,3221.832636090672
CR-C02-015-D0008,CR-C02-015,DS04,cerro_rojo,CAMPAIGN_02,178.120007179,179.120007179,1.000000000,2.622251837,178.620007179,242607.9630940322,8196346.18486073,3198.1367071800128,242607.91758702396,8196346.249851473,3197.643041994374,242607.87208001572,8196346.314842216,3197.1493768087353
CR-C02-015-D0009,CR-C02-015,DS04,cerro_rojo,CAMPAIGN_02,203.120007179,204.120007179,1.000000000,2.637498120,203.620007179,242605.68774362034,8196349.434397885,3173.4534478980763,242605.6422366121,8196349.499388628,3172.9597827124376,242605.59672960386,8196349.564379371,3172.466117526799
CR-C02-015-D0010,CR-C02-015,DS04,cerro_rojo,CAMPAIGN_02,228.120007179,229.120007179,1.000000000,2.630376248,228.620007179,242603.41239320848,8196352.683935041,3148.7701886161394,242603.36688620024,8196352.748925784,3148.2765234305007,242603.321379192,8196352.813916527,3147.782858244862
CR-C02-015-D0011,CR-C02-015,DS04,cerro_rojo,CAMPAIGN_02,253.120007179,254.120007179,1.000000000,2.634411263,253.620007179,242601.13704279662,8196355.933472196,3124.086929334203,242601.09153578838,8196355.998462939,3123.5932641485642,242601.04602878014,8196356.063453682,3123.0995989629255
CR-C02-015-D0012,CR-C02-015,DS04,cerro_rojo,CAMPAIGN_02,278.120007179,279.120007179,1.000000000,2.623506898,278.620007179,242598.86169238473,8196359.183009352,3099.403670052266,242598.81618537652,8196359.248000095,3098.9100048666273,242598.77067836828,8196359.312990838,3098.4163396809886
CR-C02-016-D0001,CR-C02-016,DS04,cerro_rojo,CAMPAIGN_02,3.361273603,4.361273603,1.000000000,2.322012093,3.861273603,242675.29266689243,8196250.028265452,3412.755481871377,242675.21773641396,8196250.135277266,3412.272849614704,242675.14280593552,8196250.242289079,3411.7902173580305
CR-C02-016-D0002,CR-C02-016,DS04,cerro_rojo,CAMPAIGN_02,28.361273603,29.361273603,1.000000000,2.697710099,28.861273603,242671.54614296975,8196255.378856124,3388.6238690377227,242671.4712124913,8196255.485867938,3388.14123678105,242671.39628201284,8196255.592879752,3387.6586045243766
CR-C02-016-D0003,CR-C02-016,DS04,cerro_rojo,CAMPAIGN_02,53.361273603,54.361273603,1.000000000,2.684680834,53.861273603,242667.7996190471,8196260.729446797,3364.492256204069,242667.72468856862,8196260.83645861,3364.0096239473955,242667.64975809018,8196260.943470424,3363.5269916907223
CR-C02-016-D0004,CR-C02-016,DS04,cerro_rojo,CAMPAIGN_02,78.361273603,79.361273603,1.000000000,2.692258269,78.861273603,242664.0530951244,8196266.080037469,3340.3606433704144,242663.97816464596,8196266.187049283,3339.8780111137416,242663.9032341675,8196266.294061096,3339.3953788570684
CR-C02-016-D0005,CR-C02-016,DS04,cerro_rojo,CAMPAIGN_02,103.361273603,104.361273603,1.000000000,2.688590126,103.861273603,242660.30657120174,8196271.430628141,3316.2290305367605,242660.23164072327,8196271.537639955,3315.7463982800873,242660.15671024483,8196271.644651769,3315.263766023414
CR-C02-016-D0006,CR-C02-016,DS04,cerro_rojo,CAMPAIGN_02,128.361273603,129.361273603,1.000000000,2.702803887,128.861273603,242656.56004727905,8196276.781218814,3292.097417703106,242656.4851168006,8196276.888230627,3291.6147854464334,242656.41018632214,8196276.995242441,3291.13215318976
CR-C02-016-D0007,CR-C02-016,DS04,cerro_rojo,CAMPAIGN_02,153.361273603,154.361273603,1.000000000,2.723170608,153.861273603,242652.8135233564,8196282.131809486,3267.9658048694523,242652.73859287793,8196282.2388213,3267.483172612779,242652.6636623995,8196282.345833113,3267.000540356106
CR-C02-016-D0008,CR-C02-016,DS04,cerro_rojo,CAMPAIGN_02,178.361273603,179.361273603,1.000000000,2.697375320,178.861273603,242649.0669994337,8196287.482400158,3243.834192035798,242648.99206895527,8196287.589411972,3243.351559779125,242648.9171384768,8196287.696423786,3242.868927522452
CR-C02-016-D0009,CR-C02-016,DS04,cerro_rojo,CAMPAIGN_02,203.361273603,204.361273603,1.000000000,2.715190246,203.861273603,242645.32047551105,8196292.832990831,3219.702579202144,242645.24554503258,8196292.940002644,3219.219946945471,242645.17061455414,8196293.047014458,3218.7373146887976
CR-C02-016-D0010,CR-C02-016,DS04,cerro_rojo,CAMPAIGN_02,228.361273603,229.361273603,1.000000000,2.701760745,228.861273603,242641.57395158836,8196298.183581503,3195.5709663684897,242641.49902110992,8196298.290593317,3195.088334111817,242641.42409063145,8196298.39760513,3194.6057018551437
CR-C02-016-D0011,CR-C02-016,DS04,cerro_rojo,CAMPAIGN_02,253.361273603,254.361273603,1.000000000,2.713204031,253.861273603,242637.8274276657,8196303.534172175,3171.439353534836,242637.75249718723,8196303.641183989,3170.9567212781626,242637.6775667088,8196303.748195803,3170.4740890214894
CR-C02-016-D0012,CR-C02-016,DS04,cerro_rojo,CAMPAIGN_02,278.361273603,279.361273603,1.000000000,2.604445265,278.861273603,242634.08090374302,8196308.884762848,3147.3077407011815,242634.00597326458,8196308.9917746615,3146.8251084445087,242633.9310427861,8196309.098786475,3146.3424761878355
CR-C02-016-D0013,CR-C02-016,DS04,cerro_rojo,CAMPAIGN_02,303.361273603,304.361273603,1.000000000,2.643452409,303.861273603,242630.33437982033,8196314.23535352,3123.1761278675276,242630.2594493419,8196314.342365334,3122.6934956108544,242630.18451886345,8196314.4493771475,3122.210863354181
CR-C02-016-D0014,CR-C02-016,DS04,cerro_rojo,CAMPAIGN_02,328.361273603,329.361273603,1.000000000,2.659612551,328.861273603,242626.58785589767,8196319.585944193,3099.0445150338733,242626.5129254192,8196319.692956007,3098.5618827772,242626.43799494076,8196319.79996782,3098.0792505205272
CR-C02-017-D0001,CR-C02-017,DS04,cerro_rojo,CAMPAIGN_02,13.560275295,14.560275295,1.000000000,2.717834983,14.060275295,242424.5958082003,8196398.846869016,3274.878843406124,242424.6681998264,8196398.74348306,3274.395034769926,242424.74059145252,8196398.640097103,3273.9112261337286
CR-C02-017-D0002,CR-C02-017,DS04,cerro_rojo,CAMPAIGN_02,38.560275295,39.560275295,1.000000000,2.685746249,39.060275295,242428.21538950596,8196393.67757119,3250.6884115962434,242428.28778113206,8196393.574185233,3250.2046029600456,242428.36017275817,8196393.470799277,3249.720794323848
CR-C02-017-D0003,CR-C02-017,DS04,cerro_rojo,CAMPAIGN_02,63.560275295,64.560275295,1.000000000,2.674519661,64.060275295,242431.83497081161,8196388.508273362,3226.497979786363,242431.90736243772,8196388.404887406,3226.014171150165,242431.97975406382,8196388.301501449,3225.5303625139677
CR-C02-017-D0004,CR-C02-017,DS04,cerro_rojo,CAMPAIGN_02,88.560275295,89.560275295,1.000000000,2.731173295,89.060275295,242435.45455211727,8196383.338975536,3202.3075479764825,242435.52694374337,8196383.235589579,3201.8237393402846,242435.59933536948,8196383.132203623,3201.3399307040872
CR-C02-017-D0005,CR-C02-017,DS04,cerro_rojo,CAMPAIGN_02,113.560275295,114.560275295,1.000000000,2.629862386,114.060275295,242439.07413342292,8196378.169677708,3178.117116166602,242439.14652504903,8196378.066291752,3177.633307530404,242439.21891667513,8196377.962905795,3177.1494988942068
CR-C02-017-D0006,CR-C02-017,DS04,cerro_rojo,CAMPAIGN_02,138.560275295,139.560275295,1.000000000,2.648664942,139.060275295,242442.69371472858,8196373.000379882,3153.9266843567216,242442.76610635468,8196372.896993925,3153.4428757205237,242442.8384979808,8196372.793607969,3152.9590670843263
CR-C02-017-D0007,CR-C02-017,DS04,cerro_rojo,CAMPAIGN_02,163.560275295,164.560275295,1.000000000,2.633833385,164.060275295,242446.31329603423,8196367.831082054,3129.736252546841,242446.38568766034,8196367.727696098,3129.2524439106433,242446.45807928644,8196367.624310141,3128.768635274446
CR-C02-017-D0008,CR-C02-017,DS04,cerro_rojo,CAMPAIGN_02,188.560275295,189.560275295,1.000000000,2.626457873,189.060275295,242449.9328773399,8196362.661784228,3105.5458207369606,242450.005268966,8196362.558398271,3105.062012100763,242450.0776605921,8196362.455012315,3104.5782034645654
CR-C02-017-D0009,CR-C02-017,DS04,cerro_rojo,CAMPAIGN_02,213.560275295,214.560275295,1.000000000,2.618397939,214.060275295,242453.55245864554,8196357.4924864005,3081.35538892708,242453.62485027165,8196357.3891004445,3080.8715802908823,242453.69724189775,8196357.285714488,3080.387771654685
CR-C02-018-D0001,CR-C02-018,DS04,cerro_rojo,CAMPAIGN_02,18.913447878,19.913447878,1.000000000,2.749250598,19.413447878,242473.30889436882,8196329.277372101,3309.1585235013017,242473.28389912867,8196329.313069005,3308.6604261522557,242473.2589038885,8196329.348765907,3308.16232880321
CR-C02-018-D0002,CR-C02-018,DS04,cerro_rojo,CAMPAIGN_02,43.913447878,44.913447878,1.000000000,2.640292552,44.413447878,242472.0591323605,8196331.0622172225,3284.253656049008,242472.03413712035,8196331.097914126,3283.755558699962,242472.00914188017,8196331.133611028,3283.2574613509164
CR-C02-018-D0003,CR-C02-018,DS04,cerro_rojo,CAMPAIGN_02,68.913447878,69.913447878,1.000000000,2.644950390,69.413447878,242470.8093703522,8196332.847062344,3259.3487885967143,242470.78437511204,8196332.882759247,3258.8506912476682,242470.75937987186,8196332.918456149,3258.3525938986227
CR-C02-018-D0004,CR-C02-018,DS04,cerro_rojo,CAMPAIGN_02,93.913447878,94.913447878,1.000000000,2.667573178,94.413447878,242469.55960834387,8196334.631907465,3234.4439211444205,242469.53461310372,8196334.667604368,3233.9458237953745,242469.50961786354,8196334.7033012705,3233.447726446329
CR-C02-018-D0005,CR-C02-018,DS04,cerro_rojo,CAMPAIGN_02,118.913447878,119.913447878,1.000000000,2.639504048,119.413447878,242468.30984633556,8196336.416752586,3209.539053692127,242468.2848510954,8196336.452449489,3209.040956343081,242468.25985585523,8196336.488146392,3208.542858994035
CR-C02-018-D0006,CR-C02-018,DS04,cerro_rojo,CAMPAIGN_02,143.913447878,144.913447878,1.000000000,2.641649352,144.413447878,242467.06008432724,8196338.201597707,3184.634186239833,242467.0350890871,8196338.237294611,3184.136088890787,242467.0100938469,8196338.272991513,3183.6379915417415
CR-C02-018-D0007,CR-C02-018,DS04,cerro_rojo,CAMPAIGN_02,168.913447878,169.913447878,1.000000000,2.654233620,169.413447878,242465.81032231892,8196339.986442829,3159.7293187875393,242465.78532707877,8196340.022139732,3159.2312214384933,242465.7603318386,8196340.057836634,3158.7331240894478
CR-C02-018-D0008,CR-C02-018,DS04,cerro_rojo,CAMPAIGN_02,193.913447878,194.913447878,1.000000000,2.650428561,194.413447878,242464.5605603106,8196341.77128795,3134.8244513352456,242464.53556507046,8196341.806984853,3134.3263539861996,242464.51056983028,8196341.842681755,3133.828256637154
CR-C02-018-D0009,CR-C02-018,DS04,cerro_rojo,CAMPAIGN_02,218.913447878,219.913447878,1.000000000,2.642043443,219.413447878,242463.3107983023,8196343.556133071,3109.919583882952,242463.28580306214,8196343.591829973,3109.421486533906,242463.26080782196,8196343.6275268765,3108.9233891848603
CR-C02-019-D0001,CR-C02-019,DS04,cerro_rojo,CAMPAIGN_02,16.295771867,17.295771867,1.000000000,2.688843697,16.795771867,242524.33964989838,8196256.39790031,3349.925949646235,242524.29250220576,8196256.465234193,3349.432752684319,242524.2453545131,8196256.532568077,3348.939555722403
CR-C02-019-D0002,CR-C02-019,DS04,cerro_rojo,CAMPAIGN_02,41.295771867,42.295771867,1.000000000,2.734538410,41.795771867,242521.98226526644,8196259.764594473,3325.2661015504295,242521.9351175738,8196259.831928357,3324.7729045885135,242521.88796988115,8196259.89926224,3324.2797076265974
CR-C02-019-D0003,CR-C02-019,DS04,cerro_rojo,CAMPAIGN_02,66.295771867,67.295771867,1.000000000,2.715499804,66.795771867,242519.62488063448,8196263.1312886365,3300.606253454624,242519.57773294186,8196263.198622519,3300.113056492708,242519.53058524922,8196263.265956403,3299.619859530792
CR-C02-019-D0004,CR-C02-019,DS04,cerro_rojo,CAMPAIGN_02,91.295771867,92.295771867,1.000000000,2.733129900,91.795771867,242517.26749600255,8196266.497982799,3275.9464053588185,242517.2203483099,8196266.565316683,3275.4532083969025,242517.17320061725,8196266.632650566,3274.9600114349864
CR-C02-019-D0005,CR-C02-019,DS04,cerro_rojo,CAMPAIGN_02,116.295771867,117.295771867,1.000000000,2.719159615,116.795771867,242514.91011137058,8196269.864676963,3251.286557263013,242514.86296367797,8196269.932010845,3250.793360301097,242514.81581598532,8196269.999344729,3250.300163339181
CR-C02-019-D0006,CR-C02-019,DS04,cerro_rojo,CAMPAIGN_02,141.295771867,142.295771867,1.000000000,2.711485565,141.795771867,242512.55272673865,8196273.231371125,3226.6267091672075,242512.505579046,8196273.298705009,3226.1335122052915,242512.45843135336,8196273.366038892,3225.6403152433754
CR-C02-019-D0007,CR-C02-019,DS04,cerro_rojo,CAMPAIGN_02,166.295771867,167.295771867,1.000000000,2.652957277,166.795771867,242510.1953421067,8196276.598065289,3201.966861071402,242510.14819441407,8196276.665399171,3201.473664109486,242510.10104672142,8196276.732733055,3200.98046714757
CR-C02-019-D0008,CR-C02-019,DS04,cerro_rojo,CAMPAIGN_02,191.295771867,192.295771867,1.000000000,2.674615852,191.795771867,242507.83795747475,8196279.964759451,3177.3070129755965,242507.7908097821,8196280.032093335,3176.8138160136805,242507.74366208946,8196280.099427219,3176.3206190517644
CR-C02-019-D0009,CR-C02-019,DS04,cerro_rojo,CAMPAIGN_02,216.295771867,217.295771867,1.000000000,2.639761920,216.795771867,242505.4805728428,8196283.331453615,3152.647164879791,242505.43342515017,8196283.398787498,3152.153967917875,242505.38627745752,8196283.466121381,3151.660770955959
CR-C02-019-D0010,CR-C02-019,DS04,cerro_rojo,CAMPAIGN_02,241.295771867,242.295771867,1.000000000,2.644586191,241.795771867,242503.12318821086,8196286.6981477775,3127.9873167839855,242503.0760405182,8196286.765481661,3127.4941198220695,242503.02889282556,8196286.832815545,3127.0009228601534
CR-C02-019-D0011,CR-C02-019,DS04,cerro_rojo,CAMPAIGN_02,266.295771867,267.295771867,1.000000000,2.620144906,266.795771867,242500.7658035789,8196290.064841941,3103.32746868818,242500.71865588627,8196290.132175825,3102.834271726264,242500.67150819363,8196290.199509707,3102.341074764348
CR-C02-020-D0001,CR-C02-020,DS04,cerro_rojo,CAMPAIGN_02,0.219382968,1.219382968,1.000000000,2.297516894,0.7193829679999999,242577.46198743794,8196180.531339839,3389.78986922672,242577.37957944986,8196180.649030643,3389.3109560841094,242577.29717146177,8196180.766721447,3388.8320429414985
CR-C02-020-D0002,CR-C02-020,DS04,cerro_rojo,CAMPAIGN_02,25.219382968,26.219382968,1.000000000,2.743237233,25.719382968,242573.34158803304,8196186.415880036,3365.8442120961918,242573.25918004496,8196186.53357084,3365.3652989535813,242573.17677205688,8196186.6512616435,3364.8863858109708
CR-C02-020-D0003,CR-C02-020,DS04,cerro_rojo,CAMPAIGN_02,50.219382968,51.219382968,1.000000000,2.705006411,50.719382968,242569.22118862814,8196192.300420233,3341.898554965664,242569.13878064006,8196192.4181110365,3341.4196418230536,242569.05637265198,8196192.535801841,3340.9407286804426
CR-C02-020-D0004,CR-C02-020,DS04,cerro_rojo,CAMPAIGN_02,75.219382968,76.219382968,1.000000000,2.713072226,75.719382968,242565.10078922324,8196198.18496043,3317.952897835136,242565.01838123516,8196198.302651234,3317.4739846925254,242564.93597324708,8196198.420342037,3316.995071549915
CR-C02-020-D0005,CR-C02-020,DS04,cerro_rojo,CAMPAIGN_02,100.219382968,101.219382968,1.000000000,2.660986277,100.719382968,242560.98038981835,8196204.069500627,3294.007240704608,242560.89798183026,8196204.1871914305,3293.5283275619977,242560.81557384218,8196204.304882235,3293.0494144193867
CR-C02-020-D0006,CR-C02-020,DS04,cerro_rojo,CAMPAIGN_02,125.219382968,126.219382968,1.000000000,2.731519310,125.719382968,242556.85999041345,8196209.9540408235,3270.06158357408,242556.77758242536,8196210.071731628,3269.5826704314695,242556.69517443728,8196210.189422431,3269.103757288859
CR-C02-020-D0007,CR-C02-020,DS04,cerro_rojo,CAMPAIGN_02,150.219382968,151.219382968,1.000000000,2.750016777,150.719382968,242552.73959100855,8196215.838581021,3246.1159264435523,242552.65718302046,8196215.956271824,3245.637013300942,242552.57477503238,8196216.073962629,3245.158100158331
CR-C02-020-D0008,CR-C02-020,DS04,cerro_rojo,CAMPAIGN_02,175.219382968,176.219382968,1.000000000,2.677752718,175.719382968,242548.61919160365,8196221.723121217,3222.170269313024,242548.53678361556,8196221.840812022,3221.6913561704137,242548.45437562748,8196221.958502825,3221.212443027803
CR-C02-020-D0009,CR-C02-020,DS04,cerro_rojo,CAMPAIGN_02,200.219382968,201.219382968,1.000000000,2.718531649,200.719382968,242544.49879219875,8196227.607661415,3198.2246121824965,242544.41638421066,8196227.725352218,3197.745699039886,242544.33397622258,8196227.843043023,3197.266785897275
CR-C02-020-D0010,CR-C02-020,DS04,cerro_rojo,CAMPAIGN_02,225.219382968,226.219382968,1.000000000,2.715436976,225.719382968,242540.37839279385,8196233.492201611,3174.2789550519683,242540.29598480577,8196233.609892416,3173.800041909358,242540.21357681768,8196233.727583219,3173.3211287667473
CR-C02-020-D0011,CR-C02-020,DS04,cerro_rojo,CAMPAIGN_02,250.219382968,251.219382968,1.000000000,2.692217131,250.719382968,242536.25799338895,8196239.376741809,3150.3332979214406,242536.17558540087,8196239.494432612,3149.85438477883,242536.09317741278,8196239.612123417,3149.375471636219
CR-C02-020-D0012,CR-C02-020,DS04,cerro_rojo,CAMPAIGN_02,275.219382968,276.219382968,1.000000000,2.707269096,275.719382968,242532.13759398405,8196245.261282005,3126.3876407909124,242532.05518599597,8196245.37897281,3125.908727648302,242531.97277800788,8196245.496663613,3125.4298145056914
CR-C02-020-D0013,CR-C02-020,DS04,cerro_rojo,CAMPAIGN_02,300.219382968,301.219382968,1.000000000,2.710990804,300.719382968,242528.01719457915,8196251.145822203,3102.4419836603847,242527.93478659107,8196251.263513006,3101.963070517774,242527.85237860298,8196251.381203811,3101.4841573751632
CR-C03-001-D0001,CR-C03-001,DS04,cerro_rojo,CAMPAIGN_03,3.355655190,4.355655190,1.000000000,2.259123071,3.8556551900000002,242766.04110903028,8196605.0,3350.809935150931,242766.19623656443,8196605.0,3350.3346084757445,242766.3513640986,8196605.0,3349.859281800558
CR-C03-001-D0002,CR-C03-001,DS04,cerro_rojo,CAMPAIGN_03,28.355655190,29.355655190,1.000000000,2.614036753,28.85565519,242773.79748573856,8196605.0,3327.0436013916124,242773.9526132727,8196605.0,3326.568274716426,242774.10774080688,8196605.0,3326.0929480412397
CR-C03-001-D0003,CR-C03-001,DS04,cerro_rojo,CAMPAIGN_03,53.355655190,54.355655190,1.000000000,2.624070858,53.85565519,242781.55386244683,8196605.0,3303.277267632294,242781.70898998098,8196605.0,3302.8019409571075,242781.86411751516,8196605.0,3302.326614281921
CR-C03-001-D0004,CR-C03-001,DS04,cerro_rojo,CAMPAIGN_03,78.355655190,79.355655190,1.000000000,2.637156497,78.85565519,242789.3102391551,8196605.0,3279.5109338729753,242789.46536668926,8196605.0,3279.035607197789,242789.62049422343,8196605.0,3278.5602805226026
CR-C03-001-D0005,CR-C03-001,DS04,cerro_rojo,CAMPAIGN_03,103.355655190,104.355655190,1.000000000,2.676064515,103.85565519,242797.06661586338,8196605.0,3255.744600113657,242797.22174339753,8196605.0,3255.2692734384705,242797.3768709317,8196605.0,3254.793946763284
CR-C03-001-D0006,CR-C03-001,DS04,cerro_rojo,CAMPAIGN_03,128.355655190,129.355655190,1.000000000,2.637925055,128.85565519,242804.82299257166,8196605.0,3231.9782663543388,242804.9781201058,8196605.0,3231.5029396791524,242805.13324763998,8196605.0,3231.0276130039656
CR-C03-001-D0007,CR-C03-001,DS04,cerro_rojo,CAMPAIGN_03,153.355655190,154.355655190,1.000000000,2.611049532,153.85565519,242812.57936927993,8196605.0,3208.2119325950202,242812.73449681408,8196605.0,3207.736605919834,242812.88962434826,8196605.0,3207.2612792446475
CR-C03-001-D0008,CR-C03-001,DS04,cerro_rojo,CAMPAIGN_03,178.355655190,179.355655190,1.000000000,2.642003976,178.85565519,242820.3357459882,8196605.0,3184.4455988357017,242820.49087352236,8196605.0,3183.9702721605154,242820.64600105654,8196605.0,3183.494945485329
CR-C03-001-D0009,CR-C03-001,DS04,cerro_rojo,CAMPAIGN_03,203.355655190,204.355655190,1.000000000,2.656676841,203.85565519,242828.0921226965,8196605.0,3160.679265076383,242828.24725023063,8196605.0,3160.203938401197,242828.4023777648,8196605.0,3159.7286117260105
CR-C03-001-D0010,CR-C03-001,DS04,cerro_rojo,CAMPAIGN_03,228.355655190,229.355655190,1.000000000,2.528590012,228.85565519,242835.84849940476,8196605.0,3136.9129313170647,242836.0036269389,8196605.0,3136.4376046418784,242836.1587544731,8196605.0,3135.962277966692
CR-C03-001-D0011,CR-C03-001,DS04,cerro_rojo,CAMPAIGN_03,253.355655190,254.355655190,1.000000000,2.566786060,253.85565519,242843.60487611304,8196605.0,3113.146597557746,242843.76000364718,8196605.0,3112.67127088256,242843.91513118136,8196605.0,3112.1959442073735
CR-C03-001-D0012,CR-C03-001,DS04,cerro_rojo,CAMPAIGN_03,278.355655190,279.355655190,1.000000000,2.521779753,278.85565519,242851.3612528213,8196605.0,3089.3802637984277,242851.51638035546,8196605.0,3088.9049371232413,242851.67150788964,8196605.0,3088.429610448055
CR-C03-002-D0001,CR-C03-002,DS04,cerro_rojo,CAMPAIGN_03,11.711077082,12.711077082,1.000000000,2.715987730,12.211077082,242962.26695136467,8196605.0,3428.6122973529577,242962.15026488842,8196605.0,3428.126103701968,242962.03357841217,8196605.0,3427.639910050978
CR-C03-002-D0002,CR-C03-002,DS04,cerro_rojo,CAMPAIGN_03,36.711077082,37.711077082,1.000000000,2.723358365,37.211077082,242956.43262755268,8196605.0,3404.3026148034655,242956.31594107643,8196605.0,3403.816421152476,242956.19925460021,8196605.0,3403.3302275014858
CR-C03-002-D0003,CR-C03-002,DS04,cerro_rojo,CAMPAIGN_03,61.711077082,62.711077082,1.000000000,2.688988276,62.211077082,242950.5983037407,8196605.0,3379.9929322539733,242950.48161726448,8196605.0,3379.5067386029837,242950.36493078823,8196605.0,3379.0205449519935
CR-C03-002-D0004,CR-C03-002,DS04,cerro_rojo,CAMPAIGN_03,86.711077082,87.711077082,1.000000000,2.672983399,87.211077082,242944.76397992874,8196605.0,3355.683249704481,242944.6472934525,8196605.0,3355.1970560534915,242944.53060697624,8196605.0,3354.7108624025013
CR-C03-002-D0005,CR-C03-002,DS04,cerro_rojo,CAMPAIGN_03,111.711077082,112.711077082,1.000000000,2.696756838,112.211077082,242938.92965611676,8196605.0,3331.373567154989,242938.8129696405,8196605.0,3330.8873735039992,242938.69628316426,8196605.0,3330.401179853009
CR-C03-002-D0006,CR-C03-002,DS04,cerro_rojo,CAMPAIGN_03,136.711077082,137.711077082,1.000000000,2.619965363,137.211077082,242933.09533230477,8196605.0,3307.0638846054967,242932.97864582852,8196605.0,3306.577690954507,242932.8619593523,8196605.0,3306.091497303517
CR-C03-002-D0007,CR-C03-002,DS04,cerro_rojo,CAMPAIGN_03,161.711077082,162.711077082,1.000000000,2.659804923,162.211077082,242927.2610084928,8196605.0,3282.7542020560045,242927.14432201657,8196605.0,3282.268008405015,242927.02763554032,8196605.0,3281.7818147540247
CR-C03-002-D0008,CR-C03-002,DS04,cerro_rojo,CAMPAIGN_03,186.711077082,187.711077082,1.000000000,2.675390379,187.211077082,242921.42668468083,8196605.0,3258.4445195065123,242921.30999820458,8196605.0,3257.9583258555226,242921.19331172833,8196605.0,3257.4721322045325
CR-C03-002-D0009,CR-C03-002,DS04,cerro_rojo,CAMPAIGN_03,211.711077082,212.711077082,1.000000000,2.675682283,212.211077082,242915.59236086885,8196605.0,3234.13483695702,242915.4756743926,8196605.0,3233.6486433060304,242915.35898791635,8196605.0,3233.1624496550403
CR-C03-002-D0010,CR-C03-002,DS04,cerro_rojo,CAMPAIGN_03,236.711077082,237.711077082,1.000000000,2.651467503,237.211077082,242909.75803705686,8196605.0,3209.825154407528,242909.6413505806,8196605.0,3209.338960756538,242909.5246641044,8196605.0,3208.852767105548
CR-C03-002-D0011,CR-C03-002,DS04,cerro_rojo,CAMPAIGN_03,261.711077082,262.711077082,1.000000000,2.624432987,262.211077082,242903.92371324488,8196605.0,3185.5154718580357,242903.80702676866,8196605.0,3185.029278207046,242903.6903402924,8196605.0,3184.5430845560563
CR-C03-002-D0012,CR-C03-002,DS04,cerro_rojo,CAMPAIGN_03,286.711077082,287.711077082,1.000000000,2.600899157,287.211077082,242898.08938943292,8196605.0,3161.2057893085434,242897.97270295667,8196605.0,3160.719595657554,242897.85601648042,8196605.0,3160.233402006564
CR-C03-002-D0013,CR-C03-002,DS04,cerro_rojo,CAMPAIGN_03,311.711077082,312.711077082,1.000000000,2.566768195,312.211077082,242892.25506562094,8196605.0,3136.8961067590512,242892.1383791447,8196605.0,3136.4099131080616,242892.02169266844,8196605.0,3135.923719457072
CR-C03-002-D0014,CR-C03-002,DS04,cerro_rojo,CAMPAIGN_03,336.711077082,337.711077082,1.000000000,2.544313658,337.211077082,242886.42074180895,8196605.0,3112.586424209559,242886.3040553327,8196605.0,3112.1002305585694,242886.18736885648,8196605.0,3111.6140369075797
CR-C03-002-D0015,CR-C03-002,DS04,cerro_rojo,CAMPAIGN_03,361.711077082,362.711077082,1.000000000,2.563866429,362.211077082,242880.58641799696,8196605.0,3088.276741660067,242880.46973152074,8196605.0,3087.790548009077,242880.3530450445,8196605.0,3087.3043543580875
CR-C03-003-D0001,CR-C03-003,DS04,cerro_rojo,CAMPAIGN_03,12.817136238,13.817136238,1.000000000,2.499410975,13.317136238,242865.0,8196517.569943337,3445.443154353451,242865.0,8196517.670197531,3444.9533083608135,242865.0,8196517.770451725,3444.463462368176
CR-C03-003-D0002,CR-C03-003,DS04,cerro_rojo,CAMPAIGN_03,37.817136238,38.817136238,1.000000000,2.762674296,38.317136238,242865.0,8196522.582653057,3420.9508547215714,242865.0,8196522.682907252,3420.461008728934,242865.0,8196522.783161446,3419.9711627362963
CR-C03-003-D0003,CR-C03-003,DS04,cerro_rojo,CAMPAIGN_03,62.817136238,63.817136238,1.000000000,2.741066913,63.317136238,242865.0,8196527.595362778,3396.458555089692,242865.0,8196527.695616973,3395.968709097054,242865.0,8196527.7958711665,3395.4788631044166
CR-C03-003-D0004,CR-C03-003,DS04,cerro_rojo,CAMPAIGN_03,87.817136238,88.817136238,1.000000000,2.690829426,88.317136238,242865.0,8196532.608072499,3371.966255457812,242865.0,8196532.708326694,3371.4764094651746,242865.0,8196532.8085808875,3370.9865634725365
CR-C03-003-D0005,CR-C03-003,DS04,cerro_rojo,CAMPAIGN_03,112.817136238,113.817136238,1.000000000,2.632066632,113.317136238,242865.0,8196537.62078222,3347.473955825932,242865.0,8196537.721036414,3346.9841098332945,242865.0,8196537.8212906085,3346.494263840657
CR-C03-003-D0006,CR-C03-003,DS04,cerro_rojo,CAMPAIGN_03,137.817136238,138.817136238,1.000000000,2.651215841,138.317136238,242865.0,8196542.63349194,3322.9816561940524,242865.0,8196542.733746135,3322.491810201415,242865.0,8196542.8340003295,3322.0019642087773
CR-C03-003-D0007,CR-C03-003,DS04,cerro_rojo,CAMPAIGN_03,162.817136238,163.817136238,1.000000000,2.644878790,163.317136238,242865.0,8196547.646201661,3298.489356562173,242865.0,8196547.746455856,3297.9995105695352,242865.0,8196547.84671005,3297.5096645768976
CR-C03-003-D0008,CR-C03-003,DS04,cerro_rojo,CAMPAIGN_03,187.817136238,188.817136238,1.000000000,2.617156011,188.317136238,242865.0,8196552.658911382,3273.997056930293,242865.0,8196552.759165577,3273.5072109376556,242865.0,8196552.859419771,3273.017364945018
CR-C03-003-D0009,CR-C03-003,DS04,cerro_rojo,CAMPAIGN_03,212.817136238,213.817136238,1.000000000,2.595842354,213.317136238,242865.0,8196557.671621103,3249.504757298413,242865.0,8196557.771875297,3249.0149113057755,242865.0,8196557.8721294915,3248.525065313138
CR-C03-003-D0010,CR-C03-003,DS04,cerro_rojo,CAMPAIGN_03,237.817136238,238.817136238,1.000000000,2.662944116,238.317136238,242865.0,8196562.684330823,3225.0124576665335,242865.0,8196562.784585018,3224.522611673896,242865.0,8196562.8848392125,3224.0327656812583
CR-C03-003-D0011,CR-C03-003,DS04,cerro_rojo,CAMPAIGN_03,262.817136238,263.817136238,1.000000000,2.663654982,263.317136238,242865.0,8196567.697040544,3200.520158034654,242865.0,8196567.797294739,3200.0303120420162,242865.0,8196567.897548933,3199.5404660493787
CR-C03-003-D0012,CR-C03-003,DS04,cerro_rojo,CAMPAIGN_03,287.817136238,288.817136238,1.000000000,2.647633829,288.317136238,242865.0,8196572.709750265,3176.027858402774,242865.0,8196572.81000446,3175.5380124101366,242865.0,8196572.910258654,3175.048166417499
CR-C03-003-D0013,CR-C03-003,DS04,cerro_rojo,CAMPAIGN_03,312.817136238,313.817136238,1.000000000,2.618531044,313.317136238,242865.0,8196577.722459986,3151.535558770894,242865.0,8196577.82271418,3151.0457127782565,242865.0,8196577.922968375,3150.555866785619
CR-C03-003-D0014,CR-C03-003,DS04,cerro_rojo,CAMPAIGN_03,337.817136238,338.817136238,1.000000000,2.552137649,338.317136238,242865.0,8196582.735169706,3127.0432591390145,242865.0,8196582.835423901,3126.553413146377,242865.0,8196582.935678096,3126.0635671537393
CR-C03-003-D0015,CR-C03-003,DS04,cerro_rojo,CAMPAIGN_03,362.817136238,363.817136238,1.000000000,2.520982743,363.317136238,242865.0,8196587.747879427,3102.550959507135,242865.0,8196587.848133622,3102.0611135144973,242865.0,8196587.948387816,3101.5712675218597
CR-C03-003-D0016,CR-C03-003,DS04,cerro_rojo,CAMPAIGN_03,387.817136238,388.817136238,1.000000000,2.556844459,388.317136238,242865.0,8196592.760589148,3078.058659875255,242865.0,8196592.860843342,3077.5688138826176,242865.0,8196592.961097537,3077.07896788998
CR-C03-004-D0001,CR-C03-004,DS04,cerro_rojo,CAMPAIGN_03,14.844017821,15.844017821,1.000000000,2.698315672,15.344017821,242865.0,8196690.751263585,3335.777021973293,242865.0,8196690.608150836,3335.2979408310366,242865.0,8196690.465038086,3334.818859688781
CR-C03-004-D0002,CR-C03-004,DS04,cerro_rojo,CAMPAIGN_03,39.844017821,40.844017821,1.000000000,2.717774483,40.344017821,242865.0,8196683.595626099,3311.822964860491,242865.0,8196683.452513349,3311.343883718235,242865.0,8196683.309400599,3310.864802575979
CR-C03-004-D0003,CR-C03-004,DS04,cerro_rojo,CAMPAIGN_03,64.844017821,65.844017821,1.000000000,2.629598620,65.344017821,242865.0,8196676.439988613,3287.8689077476893,242865.0,8196676.296875863,3287.389826605433,242865.0,8196676.153763114,3286.910745463177
CR-C03-004-D0004,CR-C03-004,DS04,cerro_rojo,CAMPAIGN_03,89.844017821,90.844017821,1.000000000,2.636380372,90.344017821,242865.0,8196669.284351127,3263.9148506348874,242865.0,8196669.141238377,3263.4357694926316,242865.0,8196668.998125628,3262.9566883503753
CR-C03-004-D0005,CR-C03-004,DS04,cerro_rojo,CAMPAIGN_03,114.844017821,115.844017821,1.000000000,2.625623844,115.344017821,242865.0,8196662.12871364,3239.9607935220856,242865.0,8196661.9856008915,3239.48171237983,242865.0,8196661.842488142,3239.0026312375735
CR-C03-004-D0006,CR-C03-004,DS04,cerro_rojo,CAMPAIGN_03,139.844017821,140.844017821,1.000000000,2.620877385,140.344017821,242865.0,8196654.9730761545,3216.006736409284,242865.0,8196654.829963405,3215.527655267028,242865.0,8196654.686850655,3215.0485741247717
CR-C03-004-D0007,CR-C03-004,DS04,cerro_rojo,CAMPAIGN_03,164.844017821,165.844017821,1.000000000,2.643726113,165.344017821,242865.0,8196647.817438669,3192.052679296482,242865.0,8196647.674325919,3191.573598154226,242865.0,8196647.531213169,3191.0945170119703
CR-C03-004-D0008,CR-C03-004,DS04,cerro_rojo,CAMPAIGN_03,189.844017821,190.844017821,1.000000000,2.649317504,190.344017821,242865.0,8196640.661801183,3168.0986221836806,242865.0,8196640.518688433,3167.6195410414243,242865.0,8196640.375575683,3167.1404598991685
CR-C03-004-D0009,CR-C03-004,DS04,cerro_rojo,CAMPAIGN_03,214.844017821,215.844017821,1.000000000,2.610972003,215.344017821,242865.0,8196633.506163696,3144.144565070879,242865.0,8196633.363050947,3143.6654839286225,242865.0,8196633.219938197,3143.1864027863667
CR-C03-004-D0010,CR-C03-004,DS04,cerro_rojo,CAMPAIGN_03,239.844017821,240.844017821,1.000000000,2.596676724,240.344017821,242865.0,8196626.35052621,3120.190507958077,242865.0,8196626.20741346,3119.7114268158207,242865.0,8196626.06430071,3119.232345673565
CR-C03-004-D0011,CR-C03-004,DS04,cerro_rojo,CAMPAIGN_03,264.844017821,265.844017821,1.000000000,2.546087977,265.344017821,242865.0,8196619.194888724,3096.236450845275,242865.0,8196619.051775974,3095.757369703019,242865.0,8196618.908663224,3095.278288560763
CR-C03-005-D0001,CR-C03-005,DS04,cerro_rojo,CAMPAIGN_03,21.298385218,22.298385218,1.000000000,2.605786996,21.798385218,242799.09113033218,8196548.506683142,3369.394490085365,242799.18717353663,8196548.589005888,3368.9107559969884,242799.28321674108,8196548.671328635,3368.427021908612
CR-C03-005-D0002,CR-C03-005,DS04,cerro_rojo,CAMPAIGN_03,46.298385218,47.298385218,1.000000000,2.607915880,46.798385218,242803.893290555,8196552.622820476,3345.2077856665474,242803.98933375944,8196552.705143223,3344.724051578171,242804.08537696392,8196552.787465969,3344.240317489795
CR-C03-005-D0003,CR-C03-005,DS04,cerro_rojo,CAMPAIGN_03,71.298385218,72.298385218,1.000000000,2.642437786,71.798385218,242808.69545077783,8196556.738957809,3321.02108124773,242808.79149398228,8196556.821280557,3320.537347159354,242808.88753718673,8196556.903603303,3320.0536130709775
CR-C03-005-D0004,CR-C03-005,DS04,cerro_rojo,CAMPAIGN_03,96.298385218,97.298385218,1.000000000,2.588305952,96.798385218,242813.49761100064,8196560.855095143,3296.834376828913,242813.5936542051,8196560.93741789,3296.3506427405364,242813.68969740957,8196561.019740637,3295.86690865216
CR-C03-005-D0005,CR-C03-005,DS04,cerro_rojo,CAMPAIGN_03,121.298385218,122.298385218,1.000000000,2.650856186,121.798385218,242818.29977122348,8196564.971232478,3272.6476724100953,242818.39581442793,8196565.053555224,3272.163938321719,242818.49185763238,8196565.135877971,3271.6802042333425
CR-C03-005-D0006,CR-C03-005,DS04,cerro_rojo,CAMPAIGN_03,146.298385218,147.298385218,1.000000000,2.616973940,146.798385218,242823.1019314463,8196569.087369812,3248.460967991278,242823.19797465074,8196569.169692558,3247.9772339029014,242823.29401785522,8196569.252015305,3247.493499814525
CR-C03-005-D0007,CR-C03-005,DS04,cerro_rojo,CAMPAIGN_03,171.298385218,172.298385218,1.000000000,2.658946912,171.798385218,242827.90409166913,8196573.203507145,3224.2742635724603,242828.00013487358,8196573.285829892,3223.790529484084,242828.09617807803,8196573.368152639,3223.3067953957075
CR-C03-005-D0008,CR-C03-005,DS04,cerro_rojo,CAMPAIGN_03,196.298385218,197.298385218,1.000000000,2.633760976,196.798385218,242832.70625189194,8196577.319644479,3200.087559153643,242832.8022950964,8196577.401967226,3199.6038250652664,242832.89833830087,8196577.484289973,3199.12009097689
CR-C03-005-D0009,CR-C03-005,DS04,cerro_rojo,CAMPAIGN_03,221.298385218,222.298385218,1.000000000,2.635498070,221.798385218,242837.50841211478,8196581.435781813,3175.9008547348253,242837.60445531923,8196581.51810456,3175.417120646449,242837.70049852369,8196581.600427306,3174.933386558073
CR-C03-005-D0010,CR-C03-005,DS04,cerro_rojo,CAMPAIGN_03,246.298385218,247.298385218,1.000000000,2.610127389,246.798385218,242842.3105723376,8196585.551919147,3151.714150316008,242842.40661554204,8196585.634241894,3151.2304162276314,242842.50265874653,8196585.71656464,3150.7466821392554
CR-C03-005-D0011,CR-C03-005,DS04,cerro_rojo,CAMPAIGN_03,271.298385218,272.298385218,1.000000000,2.545381872,271.798385218,242847.11273256043,8196589.668056481,3127.5274458971903,242847.20877576488,8196589.750379228,3127.0437118088144,242847.30481896934,8196589.832701975,3126.559977720438
CR-C03-005-D0012,CR-C03-005,DS04,cerro_rojo,CAMPAIGN_03,296.298385218,297.298385218,1.000000000,2.555870436,296.798385218,242851.91489278324,8196593.784193815,3103.3407414783733,242852.0109359877,8196593.866516561,3102.857007389997,242852.10697919218,8196593.948839309,3102.3732733016204
CR-C03-005-D0013,CR-C03-005,DS04,cerro_rojo,CAMPAIGN_03,321.298385218,322.298385218,1.000000000,2.524022398,321.798385218,242856.71705300608,8196597.900331149,3079.154037059556,242856.81309621054,8196597.982653895,3078.6703029711794,242856.909139415,8196598.064976642,3078.186568882803
CR-C03-006-D0001,CR-C03-006,DS04,cerro_rojo,CAMPAIGN_03,14.268197436,15.268197436,1.000000000,2.722207088,14.768197436,242932.33198620952,8196662.713131037,3384.171283832862,242932.23849108504,8196662.632992359,3383.6866845613295,242932.14499596058,8196662.55285368,3383.2020852897967
CR-C03-006-D0002,CR-C03-006,DS04,cerro_rojo,CAMPAIGN_03,39.268197436,40.268197436,1.000000000,2.687455181,39.768197436,242927.657229986,8196658.706197131,3359.9413202562314,242927.56373486156,8196658.626058453,3359.456720984699,242927.47023973707,8196658.545919775,3358.9721217131664
CR-C03-006-D0003,CR-C03-006,DS04,cerro_rojo,CAMPAIGN_03,64.268197436,65.268197436,1.000000000,2.755590174,64.768197436,242922.9824737625,8196654.699263225,3335.711356679601,242922.88897863805,8196654.619124548,3335.226757408069,242922.79548351356,8196654.538985869,3334.742158136536
CR-C03-006-D0004,CR-C03-006,DS04,cerro_rojo,CAMPAIGN_03,89.268197436,90.268197436,1.000000000,2.632772816,89.768197436,242918.307717539,8196650.692329319,3311.4813931029707,242918.21422241454,8196650.612190641,3310.996793831438,242918.12072729008,8196650.532051963,3310.5121945599058
CR-C03-006-D0005,CR-C03-006,DS04,cerro_rojo,CAMPAIGN_03,114.268197436,115.268197436,1.000000000,2.637102050,114.768197436,242913.6329613155,8196646.685395414,3287.2514295263404,242913.53946619102,8196646.605256735,3286.7668302548077,242913.44597106657,8196646.525118058,3286.2822309832754
CR-C03-006-D0006,CR-C03-006,DS04,cerro_rojo,CAMPAIGN_03,139.268197436,140.268197436,1.000000000,2.653816854,139.768197436,242908.958205092,8196642.678461508,3263.02146594971,242908.86470996754,8196642.59832283,3262.5368666781774,242908.77121484306,8196642.5181841515,3262.0522674066447
CR-C03-006-D0007,CR-C03-006,DS04,cerro_rojo,CAMPAIGN_03,164.268197436,165.268197436,1.000000000,2.635014720,164.768197436,242904.2834488685,8196638.671527602,3238.7915023730798,242904.18995374403,8196638.591388924,3238.306903101547,242904.09645861955,8196638.511250246,3237.8223038300143
CR-C03-006-D0008,CR-C03-006,DS04,cerro_rojo,CAMPAIGN_03,189.268197436,190.268197436,1.000000000,2.658923745,189.768197436,242899.60869264498,8196634.664593697,3214.5615387964494,242899.51519752052,8196634.584455018,3214.0769395249167,242899.42170239607,8196634.50431634,3213.592340253384
CR-C03-006-D0009,CR-C03-006,DS04,cerro_rojo,CAMPAIGN_03,214.268197436,215.268197436,1.000000000,2.629175944,214.768197436,242894.9339364215,8196630.6576597905,3190.331575219819,242894.840441297,8196630.577521113,3189.8469759482864,242894.74694617256,8196630.497382434,3189.3623766767537
CR-C03-006-D0010,CR-C03-006,DS04,cerro_rojo,CAMPAIGN_03,239.268197436,240.268197436,1.000000000,2.627739076,239.768197436,242890.259180198,8196626.650725885,3166.1016116431883,242890.16568507353,8196626.570587207,3165.617012371656,242890.07218994905,8196626.490448529,3165.1324131001234
CR-C03-006-D0011,CR-C03-006,DS04,cerro_rojo,CAMPAIGN_03,264.268197436,265.268197436,1.000000000,2.645828869,264.768197436,242885.58442397448,8196622.643791979,3141.871648066558,242885.49092885002,8196622.563653301,3141.3870487950257,242885.39743372553,8196622.483514623,3140.902449523493
CR-C03-006-D0012,CR-C03-006,DS04,cerro_rojo,CAMPAIGN_03,289.268197436,290.268197436,1.000000000,2.542398131,289.768197436,242880.90966775097,8196618.636858073,3117.6416844899277,242880.8161726265,8196618.556719395,3117.157085218395,242880.72267750205,8196618.476580717,3116.6724859468627
CR-C03-006-D0013,CR-C03-006,DS04,cerro_rojo,CAMPAIGN_03,314.268197436,315.268197436,1.000000000,2.553329551,314.768197436,242876.23491152748,8196614.629924168,3093.4117209132974,242876.141416403,8196614.549785489,3092.9271216417646,242876.04792127854,8196614.4696468115,3092.4425223702324
