sample_id,hole_id,dataset_id,project_id,campaign_id,from_m,to_m,length_m,cu_pct,mo_pct,au_gt
CR-C01-001-A0001,CR-C01-001,DS04,cerro_rojo,CAMPAIGN_01,0.000000000,2.000000000,2.000000000,0.023328865,0.000000000,0.000000000
CR-C01-001-A0002,CR-C01-001,DS04,cerro_rojo,CAMPAIGN_01,2.000000000,4.000000000,2.000000000,0.026494879,0.000000000,0.000000000
CR-C01-001-A0003,CR-C01-001,DS04,cerro_rojo,CAMPAIGN_01,4.000000000,6.000000000,2.000000000,0.026083748,0.000000000,0.000000000
CR-C01-001-A0004,CR-C01-001,DS04,cerro_rojo,CAMPAIGN_01,6.000000000,8.000000000,2.000000000,0.025525251,0.000000000,0.000000000
CR-C01-001-A0005,CR-C01-001,DS04,cerro_rojo,CAMPAIGN_01,8.000000000,10.000000000,2.000000000,0.026774578,0.000000000,0.000000000
CR-C01-001-A0006,CR-C01-001,DS04,cerro_rojo,CAMPAIGN_01,10.000000000,12.000000000,2.000000000,0.028069486,0.000000000,0.000000000
CR-C01-001-A0007,CR-C01-001,DS04,cerro_rojo,CAMPAIGN_01,12.000000000,14.000000000,2.000000000,0.027914758,0.000000000,0.000000000
CR-C01-001-A0008,CR-C01-001,DS04,cerro_rojo,CAMPAIGN_01,14.000000000,16.000000000,2.000000000,0.026915727,0.000000000,0.000000000
CR-C01-001-A0009,CR-C01-001,DS04,cerro_rojo,CAMPAIGN_01,16.000000000,18.000000000,2.000000000,0.024451258,0.000000000,0.000000000
CR-C01-001-A0010,CR-C01-001,DS04,cerro_rojo,CAMPAIGN_01,18.000000000,20.000000000,2.000000000,0.026357576,0.000000000,0.000000000
CR-C01-001-A0011,CR-C01-001,DS04,cerro_rojo,CAMPAIGN_01,20.000000000,22.000000000,2.000000000,0.030045816,0.000000000,0.000000000
CR-C01-001-A0012,CR-C01-001,DS04,cerro_rojo,CAMPAIGN_01,22.000000000,24.000000000,2.000000000,0.029857799,0.000000000,0.000000000
CR-C01-001-A0013,CR-C01-001,DS04,cerro_rojo,CAMPAIGN_01,24.000000000,26.000000000,2.000000000,0.028282126,0.000000000,0.000000000
CR-C01-001-A0014,CR-C01-001,DS04,cerro_rojo,CAMPAIGN_01,26.000000000,28.000000000,2.000000000,0.028527125,0.000000000,0.000000000
CR-C01-001-A0015,CR-C01-001,DS04,cerro_rojo,CAMPAIGN_01,28.000000000,30.000000000,2.000000000,0.032611222,0.000000000,0.000000000
CR-C01-001-A0016,CR-C01-001,DS04,cerro_rojo,CAMPAIGN_01,30.000000000,32.000000000,2.000000000,0.027616212,0.000000000,0.000000000
CR-C01-001-A0017,CR-C01-001,DS04,cerro_rojo,CAMPAIGN_01,32.000000000,34.000000000,2.000000000,0.027788114,0.000000000,0.000000000
CR-C01-001-A0018,CR-C01-001,DS04,cerro_rojo,CAMPAIGN_01,34.000000000,36.000000000,2.000000000,0.032528267,0.000000000,0.000000000
CR-C01-001-A0019,CR-C01-001,DS04,cerro_rojo,CAMPAIGN_01,36.000000000,38.000000000,2.000000000,0.028530500,0.000000000,0.000000000
CR-C01-001-A0020,CR-C01-001,DS04,cerro_rojo,CAMPAIGN_01,38.000000000,40.000000000,2.000000000,0.029587775,0.000000000,0.000000000
CR-C01-001-A0021,CR-C01-001,DS04,cerro_rojo,CAMPAIGN_01,40.000000000,42.000000000,2.000000000,0.031382929,0.000000000,0.000000000
CR-C01-001-A0022,CR-C01-001,DS04,cerro_rojo,CAMPAIGN_01,42.000000000,44.000000000,2.000000000,0.032233873,0.000000000,0.000000000
CR-C01-001-A0023,CR-C01-001,DS04,cerro_rojo,CAMPAIGN_01,44.000000000,46.000000000,2.000000000,0.032576749,0.000000000,0.000000000
CR-C01-001-A0024,CR-C01-001,DS04,cerro_rojo,CAMPAIGN_01,46.000000000,48.000000000,2.000000000,0.029823593,0.000000000,0.000000000
CR-C01-001-A0025,CR-C01-001,DS04,cerro_rojo,CAMPAIGN_01,48.000000000,50.000000000,2.000000000,0.030567744,0.000000000,0.000000000
CR-C01-001-A0026,CR-C01-001,DS04,cerro_rojo,CAMPAIGN_01,50.000000000,52.000000000,2.000000000,0.030909733,0.000000000,0.000000000
CR-C01-001-A0027,CR-C01-001,DS04,cerro_rojo,CAMPAIGN_01,52.000000000,54.000000000,2.000000000,0.032740303,0.000000000,0.000000000
CR-C01-001-A0028,CR-C01-001,DS04,cerro_rojo,CAMPAIGN_01,54.000000000,56.000000000,2.000000000,0.030266236,0.000000000,0.000000000
CR-C01-001-A0029,CR-C01-001,DS04,cerro_rojo,CAMPAIGN_01,56.000000000,58.000000000,2.000000000,0.028743518,0.000000000,0.000000000
CR-C01-001-A0030,CR-C01-001,DS04,cerro_rojo,CAMPAIGN_01,58.000000000,60.000000000,2.000000000,0.030993007,0.000000000,0.000000000
CR-C01-001-A0031,CR-C01-001,DS04,cerro_rojo,CAMPAIGN_01,60.000000000,62.000000000,2.000000000,0.035590168,0.000000000,0.000000000
CR-C01-001-A0032,CR-C01-001,DS04,cerro_rojo,CAMPAIGN_01,62.000000000,64.000000000,2.000000000,0.032880289,0.000000000,0.000000000
CR-C01-001-A0033,CR-C01-001,DS04,cerro_rojo,CAMPAIGN_01,64.000000000,66.000000000,2.000000000,0.036037472,0.000000000,0.000000000
CR-C01-001-A0034,CR-C01-001,DS04,cerro_rojo,CAMPAIGN_01,66.000000000,68.000000000,2.000000000,0.030557036,0.000000000,0.000000000
CR-C01-001-A0035,CR-C01-001,DS04,cerro_rojo,CAMPAIGN_01,68.000000000,70.000000000,2.000000000,0.032422259,0.000000000,0.000000000
CR-C01-001-A0036,CR-C01-001,DS04,cerro_rojo,CAMPAIGN_01,70.000000000,72.000000000,2.000000000,0.032594653,0.000000000,0.000000000
CR-C01-001-A0037,CR-C01-001,DS04,cerro_rojo,CAMPAIGN_01,72.000000000,74.000000000,2.000000000,0.035823228,0.000000000,0.000000000
CR-C01-001-A0038,CR-C01-001,DS04,cerro_rojo,CAMPAIGN_01,74.000000000,76.000000000,2.000000000,0.033354990,0.000000000,0.000000000
CR-C01-001-A0039,CR-C01-001,DS04,cerro_rojo,CAMPAIGN_01,76.000000000,78.000000000,2.000000000,0.034945059,0.000000000,0.000000000
CR-C01-001-A0040,CR-C01-001,DS04,cerro_rojo,CAMPAIGN_01,78.000000000,80.000000000,2.000000000,0.039945480,0.000000000,0.000000000
CR-C01-001-A0041,CR-C01-001,DS04,cerro_rojo,CAMPAIGN_01,80.000000000,82.000000000,2.000000000,0.037499205,0.000000000,0.000000000
CR-C01-001-A0042,CR-C01-001,DS04,cerro_rojo,CAMPAIGN_01,82.000000000,84.000000000,2.000000000,0.036297500,0.000000000,0.000000000
CR-C01-001-A0043,CR-C01-001,DS04,cerro_rojo,CAMPAIGN_01,84.000000000,86.000000000,2.000000000,0.038763962,0.000000000,0.000000000
CR-C01-001-A0044,CR-C01-001,DS04,cerro_rojo,CAMPAIGN_01,86.000000000,88.000000000,2.000000000,0.036359792,0.000000000,0.000000000
CR-C01-001-A0045,CR-C01-001,DS04,cerro_rojo,CAMPAIGN_01,88.000000000,90.000000000,2.000000000,0.034860371,0.000000000,0.000000000
CR-C01-001-A0046,CR-C01-001,DS04,cerro_rojo,CAMPAIGN_01,90.000000000,92.000000000,2.000000000,0.036513099,0.000000000,0.000000000
CR-C01-001-A0047,CR-C01-001,DS04,cerro_rojo,CAMPAIGN_01,92.000000000,94.000000000,2.000000000,0.037850707,0.000000000,0.000000000
CR-C01-001-A0048,CR-C01-001,DS04,cerro_rojo,CAMPAIGN_01,94.000000000,96.000000000,2.000000000,0.037580494,0.000000000,0.000000000
CR-C01-001-A0049,CR-C01-001,DS04,cerro_rojo,CAMPAIGN_01,96.000000000,98.000000000,2.000000000,0.034877279,0.000000000,0.000000000
CR-C01-001-A0050,CR-C01-001,DS04,cerro_rojo,CAMPAIGN_01,98.000000000,100.000000000,2.000000000,0.041459967,0.000000000,0.000000000
CR-C01-001-A0051,CR-C01-001,DS04,cerro_rojo,CAMPAIGN_01,100.000000000,102.000000000,2.000000000,0.037493041,0.000000000,0.000000000
CR-C01-001-A0052,CR-C01-001,DS04,cerro_rojo,CAMPAIGN_01,102.000000000,104.000000000,2.000000000,0.041334651,0.000000000,0.000000000
CR-C01-001-A0053,CR-C01-001,DS04,cerro_rojo,CAMPAIGN_01,104.000000000,106.000000000,2.000000000,0.035995614,0.000000000,0.000000000
CR-C01-001-A0054,CR-C01-001,DS04,cerro_rojo,CAMPAIGN_01,106.000000000,108.000000000,2.000000000,0.036250332,0.000000000,0.000000000
CR-C01-001-A0055,CR-C01-001,DS04,cerro_rojo,CAMPAIGN_01,108.000000000,110.000000000,2.000000000,0.038378729,0.000000000,0.000000000
CR-C01-001-A0056,CR-C01-001,DS04,cerro_rojo,CAMPAIGN_01,110.000000000,112.000000000,2.000000000,0.042926092,0.000000000,0.000000000
CR-C01-001-A0057,CR-C01-001,DS04,cerro_rojo,CAMPAIGN_01,112.000000000,114.000000000,2.000000000,0.040937656,0.000000000,0.000000000
CR-C01-001-A0058,CR-C01-001,DS04,cerro_rojo,CAMPAIGN_01,114.000000000,116.000000000,2.000000000,0.041593484,0.000000000,0.000000000
CR-C01-001-A0059,CR-C01-001,DS04,cerro_rojo,CAMPAIGN_01,116.000000000,118.000000000,2.000000000,0.037735323,0.000000000,0.000000000
CR-C01-001-A0060,CR-C01-001,DS04,cerro_rojo,CAMPAIGN_01,118.000000000,120.000000000,2.000000000,0.037910586,0.000000000,0.000000000
CR-C01-001-A0061,CR-C01-001,DS04,cerro_rojo,CAMPAIGN_01,120.000000000,122.000000000,2.000000000,0.039113720,0.000000000,0.000000000
CR-C01-001-A0062,CR-C01-001,DS04,cerro_rojo,CAMPAIGN_01,122.000000000,124.000000000,2.000000000,0.041842827,0.000000000,0.000000000
CR-C01-001-A0063,CR-C01-001,DS04,cerro_rojo,CAMPAIGN_01,124.000000000,126.000000000,2.000000000,0.039041087,0.000000000,0.000000000
CR-C01-001-A0064,CR-C01-001,DS04,cerro_rojo,CAMPAIGN_01,126.000000000,128.000000000,2.000000000,0.038085368,0.000000000,0.000000000
CR-C01-001-A0065,CR-C01-001,DS04,cerro_rojo,CAMPAIGN_01,128.000000000,130.000000000,2.000000000,0.044193792,0.000000000,0.000000000
CR-C01-001-A0066,CR-C01-001,DS04,cerro_rojo,CAMPAIGN_01,130.000000000,132.000000000,2.000000000,0.040530568,0.000000000,0.000000000
CR-C01-001-A0067,CR-C01-001,DS04,cerro_rojo,CAMPAIGN_01,132.000000000,134.000000000,2.000000000,0.051420039,0.000000000,0.000000000
CR-C01-001-A0068,CR-C01-001,DS04,cerro_rojo,CAMPAIGN_01,134.000000000,136.000000000,2.000000000,0.046539775,0.000000000,0.000000000
CR-C01-001-A0069,CR-C01-001,DS04,cerro_rojo,CAMPAIGN_01,136.000000000,138.000000000,2.000000000,0.045750145,0.000000000,0.000000000
CR-C01-001-A0070,CR-C01-001,DS04,cerro_rojo,CAMPAIGN_01,138.000000000,140.000000000,2.000000000,0.043275007,0.000000000,0.000000000
CR-C01-001-A0071,CR-C01-001,DS04,cerro_rojo,CAMPAIGN_01,140.000000000,142.000000000,2.000000000,0.042493683,0.000000000,0.000000000
CR-C01-001-A0072,CR-C01-001,DS04,cerro_rojo,CAMPAIGN_01,142.000000000,144.000000000,2.000000000,0.040675315,0.000000000,0.000000000
CR-C01-001-A0073,CR-C01-001,DS04,cerro_rojo,CAMPAIGN_01,144.000000000,146.000000000,2.000000000,0.043064221,0.000000000,0.000000000
CR-C01-001-A0074,CR-C01-001,DS04,cerro_rojo,CAMPAIGN_01,146.000000000,148.000000000,2.000000000,0.044017938,0.000000000,0.000000000
CR-C01-001-A0075,CR-C01-001,DS04,cerro_rojo,CAMPAIGN_01,148.000000000,150.000000000,2.000000000,0.047301098,0.000000000,0.000000000
CR-C01-001-A0076,CR-C01-001,DS04,cerro_rojo,CAMPAIGN_01,150.000000000,152.000000000,2.000000000,0.044387426,0.000000000,0.000000000
CR-C01-001-A0077,CR-C01-001,DS04,cerro_rojo,CAMPAIGN_01,152.000000000,154.000000000,2.000000000,0.044940549,0.000000000,0.000000000
CR-C01-001-A0078,CR-C01-001,DS04,cerro_rojo,CAMPAIGN_01,154.000000000,156.000000000,2.000000000,0.046110113,0.000000000,0.000000000
CR-C01-001-A0079,CR-C01-001,DS04,cerro_rojo,CAMPAIGN_01,156.000000000,158.000000000,2.000000000,0.044344614,0.000000000,0.000000000
CR-C01-001-A0080,CR-C01-001,DS04,cerro_rojo,CAMPAIGN_01,158.000000000,160.000000000,2.000000000,0.049591198,0.000000000,0.000000000
CR-C01-001-A0081,CR-C01-001,DS04,cerro_rojo,CAMPAIGN_01,160.000000000,162.000000000,2.000000000,0.042529752,0.000000000,0.000000000
CR-C01-001-A0082,CR-C01-001,DS04,cerro_rojo,CAMPAIGN_01,162.000000000,164.000000000,2.000000000,0.049663788,0.000000000,0.000000000
CR-C01-001-A0083,CR-C01-001,DS04,cerro_rojo,CAMPAIGN_01,164.000000000,166.000000000,2.000000000,0.047545041,0.000000000,0.000000000
CR-C01-001-A0084,CR-C01-001,DS04,cerro_rojo,CAMPAIGN_01,166.000000000,168.000000000,2.000000000,0.051431897,0.000000000,0.000000000
CR-C01-001-A0085,CR-C01-001,DS04,cerro_rojo,CAMPAIGN_01,168.000000000,170.000000000,2.000000000,0.050354754,0.000000000,0.000000000
CR-C01-001-A0086,CR-C01-001,DS04,cerro_rojo,CAMPAIGN_01,170.000000000,172.000000000,2.000000000,0.048414047,0.000000000,0.000000000
CR-C01-001-A0087,CR-C01-001,DS04,cerro_rojo,CAMPAIGN_01,172.000000000,174.000000000,2.000000000,0.047194825,0.000000000,0.000000000
CR-C01-001-A0088,CR-C01-001,DS04,cerro_rojo,CAMPAIGN_01,174.000000000,176.000000000,2.000000000,0.045963217,0.000000000,0.000000000
CR-C01-001-A0089,CR-C01-001,DS04,cerro_rojo,CAMPAIGN_01,176.000000000,178.000000000,2.000000000,0.045825145,0.000000000,0.000000000
CR-C01-001-A0090,CR-C01-001,DS04,cerro_rojo,CAMPAIGN_01,178.000000000,180.000000000,2.000000000,0.047520191,0.000000000,0.000000000
CR-C01-001-A0091,CR-C01-001,DS04,cerro_rojo,CAMPAIGN_01,180.000000000,182.000000000,2.000000000,0.053978579,0.000000000,0.000000000
CR-C01-001-A0092,CR-C01-001,DS04,cerro_rojo,CAMPAIGN_01,182.000000000,184.000000000,2.000000000,0.042178176,0.000000000,0.000000000
CR-C01-001-A0093,CR-C01-001,DS04,cerro_rojo,CAMPAIGN_01,184.000000000,186.000000000,2.000000000,0.051224472,0.000000000,0.000000000
CR-C01-001-A0094,CR-C01-001,DS04,cerro_rojo,CAMPAIGN_01,186.000000000,188.000000000,2.000000000,0.050740848,0.000000000,0.000000000
CR-C01-001-A0095,CR-C01-001,DS04,cerro_rojo,CAMPAIGN_01,188.000000000,190.000000000,2.000000000,0.050043578,0.000000000,0.000000000
CR-C01-001-A0096,CR-C01-001,DS04,cerro_rojo,CAMPAIGN_01,190.000000000,192.000000000,2.000000000,0.051438052,0.000000000,0.000000000
CR-C01-001-A0097,CR-C01-001,DS04,cerro_rojo,CAMPAIGN_01,192.000000000,194.000000000,2.000000000,0.050467676,0.000000000,0.000000000
CR-C01-001-A0098,CR-C01-001,DS04,cerro_rojo,CAMPAIGN_01,194.000000000,196.000000000,2.000000000,0.054031340,0.000000000,0.000000000
CR-C01-001-A0099,CR-C01-001,DS04,cerro_rojo,CAMPAIGN_01,196.000000000,198.000000000,2.000000000,0.053381810,0.000000000,0.000000000
CR-C01-001-A0100,CR-C01-001,DS04,cerro_rojo,CAMPAIGN_01,198.000000000,200.000000000,2.000000000,0.050571404,0.000000000,0.000000000
CR-C01-001-A0101,CR-C01-001,DS04,cerro_rojo,CAMPAIGN_01,200.000000000,202.000000000,2.000000000,0.049507584,0.000000000,0.000000000
CR-C01-001-A0102,CR-C01-001,DS04,cerro_rojo,CAMPAIGN_01,202.000000000,204.000000000,2.000000000,0.050432353,0.000000000,0.000000000
CR-C01-001-A0103,CR-C01-001,DS04,cerro_rojo,CAMPAIGN_01,204.000000000,206.000000000,2.000000000,0.046206785,0.000000000,0.000000000
CR-C01-001-A0104,CR-C01-001,DS04,cerro_rojo,CAMPAIGN_01,206.000000000,208.000000000,2.000000000,0.048880520,0.000000000,0.000000000
CR-C01-001-A0105,CR-C01-001,DS04,cerro_rojo,CAMPAIGN_01,208.000000000,210.000000000,2.000000000,0.047207271,0.000000000,0.000000000
CR-C01-001-A0106,CR-C01-001,DS04,cerro_rojo,CAMPAIGN_01,210.000000000,212.000000000,2.000000000,0.048481854,0.000000000,0.000000000
CR-C01-001-A0107,CR-C01-001,DS04,cerro_rojo,CAMPAIGN_01,212.000000000,214.000000000,2.000000000,0.047817787,0.000000000,0.000000000
CR-C01-001-A0108,CR-C01-001,DS04,cerro_rojo,CAMPAIGN_01,214.000000000,216.000000000,2.000000000,0.049451119,0.000000000,0.000000000
CR-C01-001-A0109,CR-C01-001,DS04,cerro_rojo,CAMPAIGN_01,216.000000000,218.000000000,2.000000000,0.050987247,0.000000000,0.000000000
CR-C01-001-A0110,CR-C01-001,DS04,cerro_rojo,CAMPAIGN_01,218.000000000,220.000000000,2.000000000,0.046696341,0.000000000,0.000000000
CR-C01-001-A0111,CR-C01-001,DS04,cerro_rojo,CAMPAIGN_01,220.000000000,222.000000000,2.000000000,0.049880377,0.000000000,0.000000000
CR-C01-001-A0112,CR-C01-001,DS04,cerro_rojo,CAMPAIGN_01,222.000000000,224.000000000,2.000000000,0.047915390,0.000000000,0.000000000
CR-C01-001-A0113,CR-C01-001,DS04,cerro_rojo,CAMPAIGN_01,224.000000000,226.000000000,2.000000000,0.044227930,0.000000000,0.000000000
CR-C01-001-A0114,CR-C01-001,DS04,cerro_rojo,CAMPAIGN_01,226.000000000,228.000000000,2.000000000,0.044746602,0.000000000,0.000000000
CR-C01-001-A0115,CR-C01-001,DS04,cerro_rojo,CAMPAIGN_01,228.000000000,230.000000000,2.000000000,0.048407300,0.000000000,0.000000000
CR-C01-002-A0001,CR-C01-002,DS04,cerro_rojo,CAMPAIGN_01,0.000000000,2.000000000,2.000000000,0.096472633,0.000000000,0.000000000
CR-C01-002-A0002,CR-C01-002,DS04,cerro_rojo,CAMPAIGN_01,2.000000000,4.000000000,2.000000000,0.101846546,0.000000000,0.000000000
CR-C01-002-A0003,CR-C01-002,DS04,cerro_rojo,CAMPAIGN_01,4.000000000,6.000000000,2.000000000,0.103731490,0.000000000,0.000000000
CR-C01-002-A0004,CR-C01-002,DS04,cerro_rojo,CAMPAIGN_01,6.000000000,8.000000000,2.000000000,0.101120790,0.000000000,0.000000000
CR-C01-002-A0005,CR-C01-002,DS04,cerro_rojo,CAMPAIGN_01,8.000000000,10.000000000,2.000000000,0.105404968,0.000000000,0.000000000
CR-C01-002-A0006,CR-C01-002,DS04,cerro_rojo,CAMPAIGN_01,10.000000000,12.000000000,2.000000000,0.101410487,0.000000000,0.000000000
CR-C01-002-A0007,CR-C01-002,DS04,cerro_rojo,CAMPAIGN_01,12.000000000,14.000000000,2.000000000,0.109631368,0.000000000,0.000000000
CR-C01-002-A0008,CR-C01-002,DS04,cerro_rojo,CAMPAIGN_01,14.000000000,16.000000000,2.000000000,0.122376923,0.000000000,0.000000000
CR-C01-002-A0009,CR-C01-002,DS04,cerro_rojo,CAMPAIGN_01,16.000000000,18.000000000,2.000000000,0.110897828,0.000000000,0.000000000
CR-C01-002-A0010,CR-C01-002,DS04,cerro_rojo,CAMPAIGN_01,18.000000000,20.000000000,2.000000000,0.115088684,0.000000000,0.000000000
CR-C01-002-A0011,CR-C01-002,DS04,cerro_rojo,CAMPAIGN_01,20.000000000,22.000000000,2.000000000,0.118500256,0.000000000,0.000000000
CR-C01-002-A0012,CR-C01-002,DS04,cerro_rojo,CAMPAIGN_01,22.000000000,24.000000000,2.000000000,0.124265926,0.000000000,0.000000000
CR-C01-002-A0013,CR-C01-002,DS04,cerro_rojo,CAMPAIGN_01,24.000000000,26.000000000,2.000000000,0.129538417,0.000000000,0.000000000
CR-C01-002-A0014,CR-C01-002,DS04,cerro_rojo,CAMPAIGN_01,26.000000000,28.000000000,2.000000000,0.139872909,0.000000000,0.000000000
CR-C01-002-A0015,CR-C01-002,DS04,cerro_rojo,CAMPAIGN_01,28.000000000,30.000000000,2.000000000,0.135296616,0.000000000,0.000000000
CR-C01-002-A0016,CR-C01-002,DS04,cerro_rojo,CAMPAIGN_01,30.000000000,32.000000000,2.000000000,0.127928139,0.000000000,0.000000000
CR-C01-002-A0017,CR-C01-002,DS04,cerro_rojo,CAMPAIGN_01,32.000000000,34.000000000,2.000000000,0.148074801,0.000000000,0.000000000
CR-C01-002-A0018,CR-C01-002,DS04,cerro_rojo,CAMPAIGN_01,34.000000000,36.000000000,2.000000000,0.152421766,0.000000000,0.000000000
CR-C01-002-A0019,CR-C01-002,DS04,cerro_rojo,CAMPAIGN_01,36.000000000,38.000000000,2.000000000,0.162690459,0.000000000,0.000000000
CR-C01-002-A0020,CR-C01-002,DS04,cerro_rojo,CAMPAIGN_01,38.000000000,40.000000000,2.000000000,0.168118766,0.000000000,0.000000000
CR-C01-002-A0021,CR-C01-002,DS04,cerro_rojo,CAMPAIGN_01,40.000000000,42.000000000,2.000000000,0.152677675,0.000000000,0.000000000
CR-C01-002-A0022,CR-C01-002,DS04,cerro_rojo,CAMPAIGN_01,42.000000000,44.000000000,2.000000000,0.176944208,0.000000000,0.000000000
CR-C01-002-A0023,CR-C01-002,DS04,cerro_rojo,CAMPAIGN_01,44.000000000,46.000000000,2.000000000,0.165912305,0.000000000,0.000000000
CR-C01-002-A0024,CR-C01-002,DS04,cerro_rojo,CAMPAIGN_01,46.000000000,48.000000000,2.000000000,0.170538886,0.000000000,0.000000000
CR-C01-002-A0025,CR-C01-002,DS04,cerro_rojo,CAMPAIGN_01,48.000000000,50.000000000,2.000000000,0.182837374,0.000000000,0.000000000
CR-C01-002-A0026,CR-C01-002,DS04,cerro_rojo,CAMPAIGN_01,50.000000000,52.000000000,2.000000000,0.180284103,0.000000000,0.000000000
CR-C01-002-A0027,CR-C01-002,DS04,cerro_rojo,CAMPAIGN_01,52.000000000,54.000000000,2.000000000,0.187288563,0.000000000,0.000000000
CR-C01-002-A0028,CR-C01-002,DS04,cerro_rojo,CAMPAIGN_01,54.000000000,56.000000000,2.000000000,0.189083773,0.000000000,0.000000000
CR-C01-002-A0029,CR-C01-002,DS04,cerro_rojo,CAMPAIGN_01,56.000000000,58.000000000,2.000000000,0.192115836,0.000000000,0.000000000
CR-C01-002-A0030,CR-C01-002,DS04,cerro_rojo,CAMPAIGN_01,58.000000000,60.000000000,2.000000000,0.201417527,0.000000000,0.000000000
CR-C01-002-A0031,CR-C01-002,DS04,cerro_rojo,CAMPAIGN_01,60.000000000,62.000000000,2.000000000,0.199599752,0.000000000,0.000000000
CR-C01-002-A0032,CR-C01-002,DS04,cerro_rojo,CAMPAIGN_01,62.000000000,64.000000000,2.000000000,0.218614360,0.000000000,0.000000000
CR-C01-002-A0033,CR-C01-002,DS04,cerro_rojo,CAMPAIGN_01,64.000000000,66.000000000,2.000000000,0.222283988,0.000000000,0.000000000
CR-C01-002-A0034,CR-C01-002,DS04,cerro_rojo,CAMPAIGN_01,66.000000000,68.000000000,2.000000000,0.218597049,0.000000000,0.000000000
CR-C01-002-A0035,CR-C01-002,DS04,cerro_rojo,CAMPAIGN_01,68.000000000,70.000000000,2.000000000,0.211920618,0.000000000,0.000000000
CR-C01-002-A0036,CR-C01-002,DS04,cerro_rojo,CAMPAIGN_01,70.000000000,72.000000000,2.000000000,0.218232391,0.000000000,0.000000000
CR-C01-002-A0037,CR-C01-002,DS04,cerro_rojo,CAMPAIGN_01,72.000000000,74.000000000,2.000000000,0.241425193,0.000000000,0.000000000
CR-C01-002-A0038,CR-C01-002,DS04,cerro_rojo,CAMPAIGN_01,74.000000000,76.000000000,2.000000000,0.230349933,0.000000000,0.000000000
CR-C01-002-A0039,CR-C01-002,DS04,cerro_rojo,CAMPAIGN_01,76.000000000,78.000000000,2.000000000,0.251784209,0.000000000,0.000000000
CR-C01-002-A0040,CR-C01-002,DS04,cerro_rojo,CAMPAIGN_01,78.000000000,80.000000000,2.000000000,0.230851598,0.000000000,0.000000000
CR-C01-002-A0041,CR-C01-002,DS04,cerro_rojo,CAMPAIGN_01,80.000000000,82.000000000,2.000000000,0.262049279,0.000000000,0.000000000
CR-C01-002-A0042,CR-C01-002,DS04,cerro_rojo,CAMPAIGN_01,82.000000000,84.000000000,2.000000000,0.259448497,0.000000000,0.000000000
CR-C01-002-A0043,CR-C01-002,DS04,cerro_rojo,CAMPAIGN_01,84.000000000,86.000000000,2.000000000,0.264533913,0.000000000,0.000000000
CR-C01-002-A0044,CR-C01-002,DS04,cerro_rojo,CAMPAIGN_01,86.000000000,88.000000000,2.000000000,0.254264073,0.000000000,0.000000000
CR-C01-002-A0045,CR-C01-002,DS04,cerro_rojo,CAMPAIGN_01,88.000000000,90.000000000,2.000000000,0.272077745,0.000000000,0.000000000
CR-C01-002-A0046,CR-C01-002,DS04,cerro_rojo,CAMPAIGN_01,90.000000000,92.000000000,2.000000000,0.277697473,0.000000000,0.000000000
CR-C01-002-A0047,CR-C01-002,DS04,cerro_rojo,CAMPAIGN_01,92.000000000,94.000000000,2.000000000,0.295205472,0.000000000,0.000000000
CR-C01-002-A0048,CR-C01-002,DS04,cerro_rojo,CAMPAIGN_01,94.000000000,96.000000000,2.000000000,0.283895550,0.000000000,0.000000000
CR-C01-002-A0049,CR-C01-002,DS04,cerro_rojo,CAMPAIGN_01,96.000000000,98.000000000,2.000000000,0.299636905,0.000000000,0.000000000
CR-C01-002-A0050,CR-C01-002,DS04,cerro_rojo,CAMPAIGN_01,98.000000000,100.000000000,2.000000000,0.328269303,0.000000000,0.000000000
CR-C01-002-A0051,CR-C01-002,DS04,cerro_rojo,CAMPAIGN_01,100.000000000,102.000000000,2.000000000,0.303512492,0.000000000,0.000000000
CR-C01-002-A0052,CR-C01-002,DS04,cerro_rojo,CAMPAIGN_01,102.000000000,104.000000000,2.000000000,0.303144622,0.000000000,0.000000000
CR-C01-002-A0053,CR-C01-002,DS04,cerro_rojo,CAMPAIGN_01,104.000000000,106.000000000,2.000000000,0.337035946,0.000000000,0.000000000
CR-C01-002-A0054,CR-C01-002,DS04,cerro_rojo,CAMPAIGN_01,106.000000000,108.000000000,2.000000000,0.316664441,0.000000000,0.000000000
CR-C01-002-A0055,CR-C01-002,DS04,cerro_rojo,CAMPAIGN_01,108.000000000,110.000000000,2.000000000,0.329049233,0.000000000,0.000000000
CR-C01-002-A0056,CR-C01-002,DS04,cerro_rojo,CAMPAIGN_01,110.000000000,112.000000000,2.000000000,0.348907197,0.000000000,0.000000000
CR-C01-002-A0057,CR-C01-002,DS04,cerro_rojo,CAMPAIGN_01,112.000000000,114.000000000,2.000000000,0.312619826,0.000000000,0.000000000
CR-C01-002-A0058,CR-C01-002,DS04,cerro_rojo,CAMPAIGN_01,114.000000000,116.000000000,2.000000000,0.347914036,0.000000000,0.000000000
CR-C01-002-A0059,CR-C01-002,DS04,cerro_rojo,CAMPAIGN_01,116.000000000,118.000000000,2.000000000,0.354616185,0.000000000,0.000000000
CR-C01-002-A0060,CR-C01-002,DS04,cerro_rojo,CAMPAIGN_01,118.000000000,120.000000000,2.000000000,0.368744851,0.000000000,0.000000000
CR-C01-002-A0061,CR-C01-002,DS04,cerro_rojo,CAMPAIGN_01,120.000000000,122.000000000,2.000000000,0.383425258,0.000000000,0.000000000
CR-C01-002-A0062,CR-C01-002,DS04,cerro_rojo,CAMPAIGN_01,122.000000000,124.000000000,2.000000000,0.376544517,0.000000000,0.000000000
CR-C01-002-A0063,CR-C01-002,DS04,cerro_rojo,CAMPAIGN_01,124.000000000,126.000000000,2.000000000,0.356839648,0.000000000,0.000000000
CR-C01-002-A0064,CR-C01-002,DS04,cerro_rojo,CAMPAIGN_01,126.000000000,128.000000000,2.000000000,0.371767518,0.000000000,0.000000000
CR-C01-002-A0065,CR-C01-002,DS04,cerro_rojo,CAMPAIGN_01,128.000000000,130.000000000,2.000000000,0.393188393,0.000000000,0.000000000
CR-C01-002-A0066,CR-C01-002,DS04,cerro_rojo,CAMPAIGN_01,130.000000000,132.000000000,2.000000000,0.364657112,0.000000000,0.000000000
CR-C01-002-A0067,CR-C01-002,DS04,cerro_rojo,CAMPAIGN_01,132.000000000,134.000000000,2.000000000,0.385524629,0.000000000,0.000000000
CR-C01-002-A0068,CR-C01-002,DS04,cerro_rojo,CAMPAIGN_01,134.000000000,136.000000000,2.000000000,0.378710789,0.000000000,0.000000000
CR-C01-002-A0069,CR-C01-002,DS04,cerro_rojo,CAMPAIGN_01,136.000000000,138.000000000,2.000000000,0.400655945,0.000000000,0.000000000
CR-C01-002-A0070,CR-C01-002,DS04,cerro_rojo,CAMPAIGN_01,138.000000000,140.000000000,2.000000000,0.416016277,0.000000000,0.000000000
CR-C01-002-A0071,CR-C01-002,DS04,cerro_rojo,CAMPAIGN_01,140.000000000,142.000000000,2.000000000,0.422674805,0.000000000,0.000000000
CR-C01-002-A0072,CR-C01-002,DS04,cerro_rojo,CAMPAIGN_01,142.000000000,144.000000000,2.000000000,0.439839574,0.000000000,0.000000000
CR-C01-002-A0073,CR-C01-002,DS04,cerro_rojo,CAMPAIGN_01,144.000000000,146.000000000,2.000000000,0.417003035,0.000000000,0.000000000
CR-C01-002-A0074,CR-C01-002,DS04,cerro_rojo,CAMPAIGN_01,146.000000000,148.000000000,2.000000000,0.406083621,0.000000000,0.000000000
CR-C01-002-A0075,CR-C01-002,DS04,cerro_rojo,CAMPAIGN_01,148.000000000,150.000000000,2.000000000,0.432645391,0.000000000,0.000000000
CR-C01-002-A0076,CR-C01-002,DS04,cerro_rojo,CAMPAIGN_01,150.000000000,152.000000000,2.000000000,0.448426542,0.000000000,0.000000000
CR-C01-002-A0077,CR-C01-002,DS04,cerro_rojo,CAMPAIGN_01,152.000000000,154.000000000,2.000000000,0.449908556,0.000000000,0.000000000
CR-C01-002-A0078,CR-C01-002,DS04,cerro_rojo,CAMPAIGN_01,154.000000000,156.000000000,2.000000000,0.427077049,0.000000000,0.000000000
CR-C01-002-A0079,CR-C01-002,DS04,cerro_rojo,CAMPAIGN_01,156.000000000,158.000000000,2.000000000,0.451892919,0.000000000,0.000000000
CR-C01-002-A0080,CR-C01-002,DS04,cerro_rojo,CAMPAIGN_01,158.000000000,160.000000000,2.000000000,0.440328690,0.000000000,0.000000000
CR-C01-002-A0081,CR-C01-002,DS04,cerro_rojo,CAMPAIGN_01,160.000000000,162.000000000,2.000000000,0.441200499,0.000000000,0.000000000
CR-C01-002-A0082,CR-C01-002,DS04,cerro_rojo,CAMPAIGN_01,162.000000000,164.000000000,2.000000000,0.458229186,0.000000000,0.000000000
CR-C01-002-A0083,CR-C01-002,DS04,cerro_rojo,CAMPAIGN_01,164.000000000,166.000000000,2.000000000,0.457249429,0.000000000,0.000000000
CR-C01-002-A0084,CR-C01-002,DS04,cerro_rojo,CAMPAIGN_01,166.000000000,168.000000000,2.000000000,0.492891074,0.000000000,0.000000000
CR-C01-002-A0085,CR-C01-002,DS04,cerro_rojo,CAMPAIGN_01,168.000000000,170.000000000,2.000000000,0.473243205,0.000000000,0.000000000
CR-C01-002-A0086,CR-C01-002,DS04,cerro_rojo,CAMPAIGN_01,170.000000000,172.000000000,2.000000000,0.493942430,0.000000000,0.000000000
CR-C01-002-A0087,CR-C01-002,DS04,cerro_rojo,CAMPAIGN_01,172.000000000,174.000000000,2.000000000,0.489570705,0.000000000,0.000000000
CR-C01-002-A0088,CR-C01-002,DS04,cerro_rojo,CAMPAIGN_01,174.000000000,176.000000000,2.000000000,0.469702973,0.000000000,0.000000000
CR-C01-002-A0089,CR-C01-002,DS04,cerro_rojo,CAMPAIGN_01,176.000000000,178.000000000,2.000000000,0.508854713,0.000000000,0.000000000
CR-C01-002-A0090,CR-C01-002,DS04,cerro_rojo,CAMPAIGN_01,178.000000000,180.000000000,2.000000000,0.470608666,0.000000000,0.000000000
CR-C01-002-A0091,CR-C01-002,DS04,cerro_rojo,CAMPAIGN_01,180.000000000,182.000000000,2.000000000,0.485159578,0.000000000,0.000000000
CR-C01-002-A0092,CR-C01-002,DS04,cerro_rojo,CAMPAIGN_01,182.000000000,184.000000000,2.000000000,0.482822798,0.000000000,0.000000000
CR-C01-002-A0093,CR-C01-002,DS04,cerro_rojo,CAMPAIGN_01,184.000000000,186.000000000,2.000000000,0.505900109,0.000000000,0.000000000
CR-C01-002-A0094,CR-C01-002,DS04,cerro_rojo,CAMPAIGN_01,186.000000000,188.000000000,2.000000000,0.489575673,0.000000000,0.000000000
CR-C01-002-A0095,CR-C01-002,DS04,cerro_rojo,CAMPAIGN_01,188.000000000,190.000000000,2.000000000,0.466925646,0.000000000,0.000000000
CR-C01-002-A0096,CR-C01-002,DS04,cerro_rojo,CAMPAIGN_01,190.000000000,192.000000000,2.000000000,0.506481480,0.000000000,0.000000000
CR-C01-002-A0097,CR-C01-002,DS04,cerro_rojo,CAMPAIGN_01,192.000000000,194.000000000,2.000000000,0.516826300,0.000000000,0.000000000
CR-C01-002-A0098,CR-C01-002,DS04,cerro_rojo,CAMPAIGN_01,194.000000000,196.000000000,2.000000000,0.484532243,0.000000000,0.000000000
CR-C01-002-A0099,CR-C01-002,DS04,cerro_rojo,CAMPAIGN_01,196.000000000,198.000000000,2.000000000,0.486536346,0.000000000,0.000000000
CR-C01-002-A0100,CR-C01-002,DS04,cerro_rojo,CAMPAIGN_01,198.000000000,200.000000000,2.000000000,0.519192965,0.000000000,0.000000000
CR-C01-002-A0101,CR-C01-002,DS04,cerro_rojo,CAMPAIGN_01,200.000000000,202.000000000,2.000000000,0.547368518,0.000000000,0.000000000
CR-C01-002-A0102,CR-C01-002,DS04,cerro_rojo,CAMPAIGN_01,202.000000000,204.000000000,2.000000000,0.581092366,0.000000000,0.000000000
CR-C01-002-A0103,CR-C01-002,DS04,cerro_rojo,CAMPAIGN_01,204.000000000,206.000000000,2.000000000,0.565307483,0.000000000,0.000000000
CR-C01-002-A0104,CR-C01-002,DS04,cerro_rojo,CAMPAIGN_01,206.000000000,208.000000000,2.000000000,0.538882625,0.000000000,0.000000000
CR-C01-002-A0105,CR-C01-002,DS04,cerro_rojo,CAMPAIGN_01,208.000000000,210.000000000,2.000000000,0.571910640,0.000000000,0.000000000
CR-C01-002-A0106,CR-C01-002,DS04,cerro_rojo,CAMPAIGN_01,210.000000000,212.000000000,2.000000000,0.574229029,0.000000000,0.000000000
CR-C01-002-A0107,CR-C01-002,DS04,cerro_rojo,CAMPAIGN_01,212.000000000,214.000000000,2.000000000,0.569665538,0.000000000,0.000000000
CR-C01-002-A0108,CR-C01-002,DS04,cerro_rojo,CAMPAIGN_01,214.000000000,216.000000000,2.000000000,0.558541284,0.000000000,0.000000000
CR-C01-002-A0109,CR-C01-002,DS04,cerro_rojo,CAMPAIGN_01,216.000000000,218.000000000,2.000000000,0.579396933,0.000000000,0.000000000
CR-C01-002-A0110,CR-C01-002,DS04,cerro_rojo,CAMPAIGN_01,218.000000000,220.000000000,2.000000000,0.606036876,0.000000000,0.000000000
CR-C01-002-A0111,CR-C01-002,DS04,cerro_rojo,CAMPAIGN_01,220.000000000,222.000000000,2.000000000,0.599992268,0.000000000,0.000000000
CR-C01-002-A0112,CR-C01-002,DS04,cerro_rojo,CAMPAIGN_01,222.000000000,224.000000000,2.000000000,0.641837806,0.000000000,0.000000000
CR-C01-002-A0113,CR-C01-002,DS04,cerro_rojo,CAMPAIGN_01,224.000000000,226.000000000,2.000000000,0.639462838,0.000000000,0.000000000
CR-C01-002-A0114,CR-C01-002,DS04,cerro_rojo,CAMPAIGN_01,226.000000000,228.000000000,2.000000000,0.616327619,0.000000000,0.000000000
CR-C01-002-A0115,CR-C01-002,DS04,cerro_rojo,CAMPAIGN_01,228.000000000,230.000000000,2.000000000,0.624820948,0.000000000,0.000000000
CR-C01-002-A0116,CR-C01-002,DS04,cerro_rojo,CAMPAIGN_01,230.000000000,232.000000000,2.000000000,0.619713004,0.000000000,0.000000000
CR-C01-002-A0117,CR-C01-002,DS04,cerro_rojo,CAMPAIGN_01,232.000000000,234.000000000,2.000000000,0.618961858,0.000000000,0.000000000
CR-C01-002-A0118,CR-C01-002,DS04,cerro_rojo,CAMPAIGN_01,234.000000000,236.000000000,2.000000000,0.701816235,0.000000000,0.000000000
CR-C01-002-A0119,CR-C01-002,DS04,cerro_rojo,CAMPAIGN_01,236.000000000,238.000000000,2.000000000,0.709410126,0.000000000,0.000000000
CR-C01-002-A0120,CR-C01-002,DS04,cerro_rojo,CAMPAIGN_01,238.000000000,240.000000000,2.000000000,0.666267151,0.000000000,0.000000000
CR-C01-002-A0121,CR-C01-002,DS04,cerro_rojo,CAMPAIGN_01,240.000000000,242.000000000,2.000000000,0.611560912,0.000000000,0.000000000
CR-C01-002-A0122,CR-C01-002,DS04,cerro_rojo,CAMPAIGN_01,242.000000000,244.000000000,2.000000000,0.733105621,0.000000000,0.000000000
CR-C01-002-A0123,CR-C01-002,DS04,cerro_rojo,CAMPAIGN_01,244.000000000,246.000000000,2.000000000,0.682844330,0.000000000,0.000000000
CR-C01-002-A0124,CR-C01-002,DS04,cerro_rojo,CAMPAIGN_01,246.000000000,248.000000000,2.000000000,0.666491811,0.000000000,0.000000000
CR-C01-002-A0125,CR-C01-002,DS04,cerro_rojo,CAMPAIGN_01,248.000000000,250.000000000,2.000000000,0.681790267,0.000000000,0.000000000
CR-C01-002-A0126,CR-C01-002,DS04,cerro_rojo,CAMPAIGN_01,250.000000000,252.000000000,2.000000000,0.649599352,0.000000000,0.000000000
CR-C01-002-A0127,CR-C01-002,DS04,cerro_rojo,CAMPAIGN_01,252.000000000,254.000000000,2.000000000,0.685634667,0.000000000,0.000000000
CR-C01-002-A0128,CR-C01-002,DS04,cerro_rojo,CAMPAIGN_01,254.000000000,256.000000000,2.000000000,0.648740222,0.000000000,0.000000000
CR-C01-002-A0129,CR-C01-002,DS04,cerro_rojo,CAMPAIGN_01,256.000000000,258.000000000,2.000000000,0.646608697,0.000000000,0.000000000
CR-C01-002-A0130,CR-C01-002,DS04,cerro_rojo,CAMPAIGN_01,258.000000000,260.000000000,2.000000000,0.686828233,0.000000000,0.000000000
CR-C01-002-A0131,CR-C01-002,DS04,cerro_rojo,CAMPAIGN_01,260.000000000,262.000000000,2.000000000,0.678089311,0.000000000,0.000000000
CR-C01-002-A0132,CR-C01-002,DS04,cerro_rojo,CAMPAIGN_01,262.000000000,264.000000000,2.000000000,0.668142707,0.000000000,0.000000000
CR-C01-002-A0133,CR-C01-002,DS04,cerro_rojo,CAMPAIGN_01,264.000000000,266.000000000,2.000000000,0.733776574,0.000000000,0.000000000
CR-C01-002-A0134,CR-C01-002,DS04,cerro_rojo,CAMPAIGN_01,266.000000000,268.000000000,2.000000000,0.613063876,0.000000000,0.000000000
CR-C01-002-A0135,CR-C01-002,DS04,cerro_rojo,CAMPAIGN_01,268.000000000,270.000000000,2.000000000,0.628029042,0.000000000,0.000000000
CR-C01-002-A0136,CR-C01-002,DS04,cerro_rojo,CAMPAIGN_01,270.000000000,272.000000000,2.000000000,0.618068692,0.000000000,0.000000000
CR-C01-002-A0137,CR-C01-002,DS04,cerro_rojo,CAMPAIGN_01,272.000000000,274.000000000,2.000000000,0.650556984,0.000000000,0.000000000
CR-C01-002-A0138,CR-C01-002,DS04,cerro_rojo,CAMPAIGN_01,274.000000000,276.000000000,2.000000000,0.645315156,0.000000000,0.000000000
CR-C01-002-A0139,CR-C01-002,DS04,cerro_rojo,CAMPAIGN_01,276.000000000,278.000000000,2.000000000,0.653409748,0.000000000,0.000000000
CR-C01-002-A0140,CR-C01-002,DS04,cerro_rojo,CAMPAIGN_01,278.000000000,280.000000000,2.000000000,0.662428531,0.000000000,0.000000000
CR-C01-002-A0141,CR-C01-002,DS04,cerro_rojo,CAMPAIGN_01,280.000000000,280.783860772,0.783860772,0.625776037,0.000000000,0.000000000
CR-C01-003-A0001,CR-C01-003,DS04,cerro_rojo,CAMPAIGN_01,0.000000000,2.000000000,2.000000000,0.022756145,0.000000000,0.000000000
CR-C01-003-A0002,CR-C01-003,DS04,cerro_rojo,CAMPAIGN_01,2.000000000,4.000000000,2.000000000,0.022883876,0.000000000,0.000000000
CR-C01-003-A0003,CR-C01-003,DS04,cerro_rojo,CAMPAIGN_01,4.000000000,6.000000000,2.000000000,0.020723137,0.000000000,0.000000000
CR-C01-003-A0004,CR-C01-003,DS04,cerro_rojo,CAMPAIGN_01,6.000000000,8.000000000,2.000000000,0.021473054,0.000000000,0.000000000
CR-C01-003-A0005,CR-C01-003,DS04,cerro_rojo,CAMPAIGN_01,8.000000000,10.000000000,2.000000000,0.018388700,0.000000000,0.000000000
CR-C01-003-A0006,CR-C01-003,DS04,cerro_rojo,CAMPAIGN_01,10.000000000,12.000000000,2.000000000,0.019822689,0.000000000,0.000000000
CR-C01-003-A0007,CR-C01-003,DS04,cerro_rojo,CAMPAIGN_01,12.000000000,14.000000000,2.000000000,0.025769030,0.000000000,0.000000000
CR-C01-003-A0008,CR-C01-003,DS04,cerro_rojo,CAMPAIGN_01,14.000000000,16.000000000,2.000000000,0.020624990,0.000000000,0.000000000
CR-C01-003-A0009,CR-C01-003,DS04,cerro_rojo,CAMPAIGN_01,16.000000000,18.000000000,2.000000000,0.020381136,0.000000000,0.000000000
CR-C01-003-A0010,CR-C01-003,DS04,cerro_rojo,CAMPAIGN_01,18.000000000,20.000000000,2.000000000,0.019864266,0.000000000,0.000000000
CR-C01-003-A0011,CR-C01-003,DS04,cerro_rojo,CAMPAIGN_01,20.000000000,22.000000000,2.000000000,0.022520588,0.000000000,0.000000000
CR-C01-003-A0012,CR-C01-003,DS04,cerro_rojo,CAMPAIGN_01,22.000000000,24.000000000,2.000000000,0.019506663,0.000000000,0.000000000
CR-C01-003-A0013,CR-C01-003,DS04,cerro_rojo,CAMPAIGN_01,24.000000000,26.000000000,2.000000000,0.021918001,0.000000000,0.000000000
CR-C01-003-A0014,CR-C01-003,DS04,cerro_rojo,CAMPAIGN_01,26.000000000,28.000000000,2.000000000,0.024515685,0.000000000,0.000000000
CR-C01-003-A0015,CR-C01-003,DS04,cerro_rojo,CAMPAIGN_01,28.000000000,30.000000000,2.000000000,0.022623328,0.000000000,0.000000000
CR-C01-003-A0016,CR-C01-003,DS04,cerro_rojo,CAMPAIGN_01,30.000000000,32.000000000,2.000000000,0.023757914,0.000000000,0.000000000
CR-C01-003-A0017,CR-C01-003,DS04,cerro_rojo,CAMPAIGN_01,32.000000000,34.000000000,2.000000000,0.023671203,0.000000000,0.000000000
CR-C01-003-A0018,CR-C01-003,DS04,cerro_rojo,CAMPAIGN_01,34.000000000,36.000000000,2.000000000,0.025754428,0.000000000,0.000000000
CR-C01-003-A0019,CR-C01-003,DS04,cerro_rojo,CAMPAIGN_01,36.000000000,38.000000000,2.000000000,0.021253821,0.000000000,0.000000000
CR-C01-003-A0020,CR-C01-003,DS04,cerro_rojo,CAMPAIGN_01,38.000000000,40.000000000,2.000000000,0.022365523,0.000000000,0.000000000
CR-C01-003-A0021,CR-C01-003,DS04,cerro_rojo,CAMPAIGN_01,40.000000000,42.000000000,2.000000000,0.021981116,0.000000000,0.000000000
CR-C01-003-A0022,CR-C01-003,DS04,cerro_rojo,CAMPAIGN_01,42.000000000,44.000000000,2.000000000,0.023984999,0.000000000,0.000000000
CR-C01-003-A0023,CR-C01-003,DS04,cerro_rojo,CAMPAIGN_01,44.000000000,46.000000000,2.000000000,0.024720185,0.000000000,0.000000000
CR-C01-003-A0024,CR-C01-003,DS04,cerro_rojo,CAMPAIGN_01,46.000000000,48.000000000,2.000000000,0.022046029,0.000000000,0.000000000
CR-C01-003-A0025,CR-C01-003,DS04,cerro_rojo,CAMPAIGN_01,48.000000000,50.000000000,2.000000000,0.022309318,0.000000000,0.000000000
CR-C01-003-A0026,CR-C01-003,DS04,cerro_rojo,CAMPAIGN_01,50.000000000,52.000000000,2.000000000,0.021527812,0.000000000,0.000000000
CR-C01-003-A0027,CR-C01-003,DS04,cerro_rojo,CAMPAIGN_01,52.000000000,54.000000000,2.000000000,0.020947120,0.000000000,0.000000000
CR-C01-003-A0028,CR-C01-003,DS04,cerro_rojo,CAMPAIGN_01,54.000000000,56.000000000,2.000000000,0.024650552,0.000000000,0.000000000
CR-C01-003-A0029,CR-C01-003,DS04,cerro_rojo,CAMPAIGN_01,56.000000000,58.000000000,2.000000000,0.020150080,0.000000000,0.000000000
CR-C01-003-A0030,CR-C01-003,DS04,cerro_rojo,CAMPAIGN_01,58.000000000,60.000000000,2.000000000,0.021916075,0.000000000,0.000000000
CR-C01-003-A0031,CR-C01-003,DS04,cerro_rojo,CAMPAIGN_01,60.000000000,62.000000000,2.000000000,0.024929854,0.000000000,0.000000000
CR-C01-003-A0032,CR-C01-003,DS04,cerro_rojo,CAMPAIGN_01,62.000000000,64.000000000,2.000000000,0.022511680,0.000000000,0.000000000
CR-C01-003-A0033,CR-C01-003,DS04,cerro_rojo,CAMPAIGN_01,64.000000000,66.000000000,2.000000000,0.024851179,0.000000000,0.000000000
CR-C01-003-A0034,CR-C01-003,DS04,cerro_rojo,CAMPAIGN_01,66.000000000,68.000000000,2.000000000,0.022722386,0.000000000,0.000000000
CR-C01-003-A0035,CR-C01-003,DS04,cerro_rojo,CAMPAIGN_01,68.000000000,70.000000000,2.000000000,0.023295222,0.000000000,0.000000000
CR-C01-003-A0036,CR-C01-003,DS04,cerro_rojo,CAMPAIGN_01,70.000000000,72.000000000,2.000000000,0.023349956,0.000000000,0.000000000
CR-C01-003-A0037,CR-C01-003,DS04,cerro_rojo,CAMPAIGN_01,72.000000000,74.000000000,2.000000000,0.024024067,0.000000000,0.000000000
CR-C01-003-A0038,CR-C01-003,DS04,cerro_rojo,CAMPAIGN_01,74.000000000,76.000000000,2.000000000,0.022834883,0.000000000,0.000000000
CR-C01-003-A0039,CR-C01-003,DS04,cerro_rojo,CAMPAIGN_01,76.000000000,78.000000000,2.000000000,0.023855847,0.000000000,0.000000000
CR-C01-003-A0040,CR-C01-003,DS04,cerro_rojo,CAMPAIGN_01,78.000000000,80.000000000,2.000000000,0.021168186,0.000000000,0.000000000
CR-C01-003-A0041,CR-C01-003,DS04,cerro_rojo,CAMPAIGN_01,80.000000000,82.000000000,2.000000000,0.021239313,0.000000000,0.000000000
CR-C01-003-A0042,CR-C01-003,DS04,cerro_rojo,CAMPAIGN_01,82.000000000,84.000000000,2.000000000,0.021636580,0.000000000,0.000000000
CR-C01-003-A0043,CR-C01-003,DS04,cerro_rojo,CAMPAIGN_01,84.000000000,86.000000000,2.000000000,0.024924762,0.000000000,0.000000000
CR-C01-003-A0044,CR-C01-003,DS04,cerro_rojo,CAMPAIGN_01,86.000000000,88.000000000,2.000000000,0.022101895,0.000000000,0.000000000
CR-C01-003-A0045,CR-C01-003,DS04,cerro_rojo,CAMPAIGN_01,88.000000000,90.000000000,2.000000000,0.026232107,0.000000000,0.000000000
CR-C01-003-A0046,CR-C01-003,DS04,cerro_rojo,CAMPAIGN_01,90.000000000,92.000000000,2.000000000,0.023116699,0.000000000,0.000000000
CR-C01-003-A0047,CR-C01-003,DS04,cerro_rojo,CAMPAIGN_01,92.000000000,94.000000000,2.000000000,0.024488237,0.000000000,0.000000000
CR-C01-003-A0048,CR-C01-003,DS04,cerro_rojo,CAMPAIGN_01,94.000000000,96.000000000,2.000000000,0.023496092,0.000000000,0.000000000
CR-C01-003-A0049,CR-C01-003,DS04,cerro_rojo,CAMPAIGN_01,96.000000000,98.000000000,2.000000000,0.026525185,0.000000000,0.000000000
CR-C01-003-A0050,CR-C01-003,DS04,cerro_rojo,CAMPAIGN_01,98.000000000,100.000000000,2.000000000,0.025451934,0.000000000,0.000000000
CR-C01-003-A0051,CR-C01-003,DS04,cerro_rojo,CAMPAIGN_01,100.000000000,102.000000000,2.000000000,0.024992255,0.000000000,0.000000000
CR-C01-003-A0052,CR-C01-003,DS04,cerro_rojo,CAMPAIGN_01,102.000000000,104.000000000,2.000000000,0.021049098,0.000000000,0.000000000
CR-C01-003-A0053,CR-C01-003,DS04,cerro_rojo,CAMPAIGN_01,104.000000000,106.000000000,2.000000000,0.026168862,0.000000000,0.000000000
CR-C01-003-A0054,CR-C01-003,DS04,cerro_rojo,CAMPAIGN_01,106.000000000,108.000000000,2.000000000,0.026361150,0.000000000,0.000000000
CR-C01-003-A0055,CR-C01-003,DS04,cerro_rojo,CAMPAIGN_01,108.000000000,110.000000000,2.000000000,0.024026874,0.000000000,0.000000000
CR-C01-003-A0056,CR-C01-003,DS04,cerro_rojo,CAMPAIGN_01,110.000000000,112.000000000,2.000000000,0.023143081,0.000000000,0.000000000
CR-C01-003-A0057,CR-C01-003,DS04,cerro_rojo,CAMPAIGN_01,112.000000000,114.000000000,2.000000000,0.023726362,0.000000000,0.000000000
CR-C01-003-A0058,CR-C01-003,DS04,cerro_rojo,CAMPAIGN_01,114.000000000,116.000000000,2.000000000,0.020646271,0.000000000,0.000000000
CR-C01-003-A0059,CR-C01-003,DS04,cerro_rojo,CAMPAIGN_01,116.000000000,118.000000000,2.000000000,0.023599679,0.000000000,0.000000000
CR-C01-003-A0060,CR-C01-003,DS04,cerro_rojo,CAMPAIGN_01,118.000000000,120.000000000,2.000000000,0.024831519,0.000000000,0.000000000
CR-C01-003-A0061,CR-C01-003,DS04,cerro_rojo,CAMPAIGN_01,120.000000000,122.000000000,2.000000000,0.025228252,0.000000000,0.000000000
CR-C01-003-A0062,CR-C01-003,DS04,cerro_rojo,CAMPAIGN_01,122.000000000,124.000000000,2.000000000,0.022062832,0.000000000,0.000000000
CR-C01-003-A0063,CR-C01-003,DS04,cerro_rojo,CAMPAIGN_01,124.000000000,126.000000000,2.000000000,0.026066203,0.000000000,0.000000000
CR-C01-003-A0064,CR-C01-003,DS04,cerro_rojo,CAMPAIGN_01,126.000000000,128.000000000,2.000000000,0.027580725,0.000000000,0.000000000
CR-C01-003-A0065,CR-C01-003,DS04,cerro_rojo,CAMPAIGN_01,128.000000000,130.000000000,2.000000000,0.023189379,0.000000000,0.000000000
CR-C01-003-A0066,CR-C01-003,DS04,cerro_rojo,CAMPAIGN_01,130.000000000,132.000000000,2.000000000,0.024108410,0.000000000,0.000000000
CR-C01-003-A0067,CR-C01-003,DS04,cerro_rojo,CAMPAIGN_01,132.000000000,134.000000000,2.000000000,0.026265759,0.000000000,0.000000000
CR-C01-003-A0068,CR-C01-003,DS04,cerro_rojo,CAMPAIGN_01,134.000000000,136.000000000,2.000000000,0.027916700,0.000000000,0.000000000
CR-C01-003-A0069,CR-C01-003,DS04,cerro_rojo,CAMPAIGN_01,136.000000000,138.000000000,2.000000000,0.023624365,0.000000000,0.000000000
CR-C01-003-A0070,CR-C01-003,DS04,cerro_rojo,CAMPAIGN_01,138.000000000,140.000000000,2.000000000,0.026419156,0.000000000,0.000000000
CR-C01-003-A0071,CR-C01-003,DS04,cerro_rojo,CAMPAIGN_01,140.000000000,142.000000000,2.000000000,0.024191748,0.000000000,0.000000000
CR-C01-003-A0072,CR-C01-003,DS04,cerro_rojo,CAMPAIGN_01,142.000000000,144.000000000,2.000000000,0.025338991,0.000000000,0.000000000
CR-C01-003-A0073,CR-C01-003,DS04,cerro_rojo,CAMPAIGN_01,144.000000000,146.000000000,2.000000000,0.026076626,0.000000000,0.000000000
CR-C01-003-A0074,CR-C01-003,DS04,cerro_rojo,CAMPAIGN_01,146.000000000,148.000000000,2.000000000,0.025416278,0.000000000,0.000000000
CR-C01-003-A0075,CR-C01-003,DS04,cerro_rojo,CAMPAIGN_01,148.000000000,150.000000000,2.000000000,0.027386793,0.000000000,0.000000000
CR-C01-003-A0076,CR-C01-003,DS04,cerro_rojo,CAMPAIGN_01,150.000000000,152.000000000,2.000000000,0.022522097,0.000000000,0.000000000
CR-C01-003-A0077,CR-C01-003,DS04,cerro_rojo,CAMPAIGN_01,152.000000000,154.000000000,2.000000000,0.029809142,0.000000000,0.000000000
CR-C01-003-A0078,CR-C01-003,DS04,cerro_rojo,CAMPAIGN_01,154.000000000,156.000000000,2.000000000,0.024776668,0.000000000,0.000000000
CR-C01-003-A0079,CR-C01-003,DS04,cerro_rojo,CAMPAIGN_01,156.000000000,158.000000000,2.000000000,0.025526230,0.000000000,0.000000000
CR-C01-003-A0080,CR-C01-003,DS04,cerro_rojo,CAMPAIGN_01,158.000000000,160.000000000,2.000000000,0.028926521,0.000000000,0.000000000
CR-C01-003-A0081,CR-C01-003,DS04,cerro_rojo,CAMPAIGN_01,160.000000000,162.000000000,2.000000000,0.029591171,0.000000000,0.000000000
CR-C01-003-A0082,CR-C01-003,DS04,cerro_rojo,CAMPAIGN_01,162.000000000,164.000000000,2.000000000,0.029393379,0.000000000,0.000000000
CR-C01-003-A0083,CR-C01-003,DS04,cerro_rojo,CAMPAIGN_01,164.000000000,166.000000000,2.000000000,0.029088008,0.000000000,0.000000000
CR-C01-003-A0084,CR-C01-003,DS04,cerro_rojo,CAMPAIGN_01,166.000000000,168.000000000,2.000000000,0.026448855,0.000000000,0.000000000
CR-C01-003-A0085,CR-C01-003,DS04,cerro_rojo,CAMPAIGN_01,168.000000000,170.000000000,2.000000000,0.027919094,0.000000000,0.000000000
CR-C01-003-A0086,CR-C01-003,DS04,cerro_rojo,CAMPAIGN_01,170.000000000,172.000000000,2.000000000,0.031328637,0.000000000,0.000000000
CR-C01-003-A0087,CR-C01-003,DS04,cerro_rojo,CAMPAIGN_01,172.000000000,174.000000000,2.000000000,0.026426952,0.000000000,0.000000000
CR-C01-003-A0088,CR-C01-003,DS04,cerro_rojo,CAMPAIGN_01,174.000000000,176.000000000,2.000000000,0.028063965,0.000000000,0.000000000
CR-C01-003-A0089,CR-C01-003,DS04,cerro_rojo,CAMPAIGN_01,176.000000000,178.000000000,2.000000000,0.031434565,0.000000000,0.000000000
CR-C01-003-A0090,CR-C01-003,DS04,cerro_rojo,CAMPAIGN_01,178.000000000,180.000000000,2.000000000,0.034785000,0.000000000,0.000000000
CR-C01-003-A0091,CR-C01-003,DS04,cerro_rojo,CAMPAIGN_01,180.000000000,182.000000000,2.000000000,0.032348505,0.000000000,0.000000000
CR-C01-003-A0092,CR-C01-003,DS04,cerro_rojo,CAMPAIGN_01,182.000000000,184.000000000,2.000000000,0.032903277,0.000000000,0.000000000
CR-C01-003-A0093,CR-C01-003,DS04,cerro_rojo,CAMPAIGN_01,184.000000000,186.000000000,2.000000000,0.030378152,0.000000000,0.000000000
CR-C01-003-A0094,CR-C01-003,DS04,cerro_rojo,CAMPAIGN_01,186.000000000,188.000000000,2.000000000,0.034935975,0.000000000,0.000000000
CR-C01-003-A0095,CR-C01-003,DS04,cerro_rojo,CAMPAIGN_01,188.000000000,190.000000000,2.000000000,0.034497024,0.000000000,0.000000000
CR-C01-003-A0096,CR-C01-003,DS04,cerro_rojo,CAMPAIGN_01,190.000000000,192.000000000,2.000000000,0.033796335,0.000000000,0.000000000
CR-C01-003-A0097,CR-C01-003,DS04,cerro_rojo,CAMPAIGN_01,192.000000000,194.000000000,2.000000000,0.033336638,0.000000000,0.000000000
CR-C01-003-A0098,CR-C01-003,DS04,cerro_rojo,CAMPAIGN_01,194.000000000,196.000000000,2.000000000,0.034141383,0.000000000,0.000000000
CR-C01-003-A0099,CR-C01-003,DS04,cerro_rojo,CAMPAIGN_01,196.000000000,198.000000000,2.000000000,0.037326042,0.000000000,0.000000000
CR-C01-003-A0100,CR-C01-003,DS04,cerro_rojo,CAMPAIGN_01,198.000000000,200.000000000,2.000000000,0.037630073,0.000000000,0.000000000
CR-C01-003-A0101,CR-C01-003,DS04,cerro_rojo,CAMPAIGN_01,200.000000000,202.000000000,2.000000000,0.034515822,0.000000000,0.000000000
CR-C01-003-A0102,CR-C01-003,DS04,cerro_rojo,CAMPAIGN_01,202.000000000,204.000000000,2.000000000,0.035572035,0.000000000,0.000000000
CR-C01-003-A0103,CR-C01-003,DS04,cerro_rojo,CAMPAIGN_01,204.000000000,206.000000000,2.000000000,0.040679259,0.000000000,0.000000000
CR-C01-003-A0104,CR-C01-003,DS04,cerro_rojo,CAMPAIGN_01,206.000000000,208.000000000,2.000000000,0.038307101,0.000000000,0.000000000
CR-C01-003-A0105,CR-C01-003,DS04,cerro_rojo,CAMPAIGN_01,208.000000000,210.000000000,2.000000000,0.040423322,0.000000000,0.000000000
CR-C01-003-A0106,CR-C01-003,DS04,cerro_rojo,CAMPAIGN_01,210.000000000,212.000000000,2.000000000,0.039568774,0.000000000,0.000000000
CR-C01-003-A0107,CR-C01-003,DS04,cerro_rojo,CAMPAIGN_01,212.000000000,214.000000000,2.000000000,0.040122828,0.000000000,0.000000000
CR-C01-003-A0108,CR-C01-003,DS04,cerro_rojo,CAMPAIGN_01,214.000000000,216.000000000,2.000000000,0.039585594,0.000000000,0.000000000
CR-C01-003-A0109,CR-C01-003,DS04,cerro_rojo,CAMPAIGN_01,216.000000000,218.000000000,2.000000000,0.041071708,0.000000000,0.000000000
CR-C01-003-A0110,CR-C01-003,DS04,cerro_rojo,CAMPAIGN_01,218.000000000,220.000000000,2.000000000,0.042862207,0.000000000,0.000000000
CR-C01-003-A0111,CR-C01-003,DS04,cerro_rojo,CAMPAIGN_01,220.000000000,222.000000000,2.000000000,0.042434552,0.000000000,0.000000000
CR-C01-003-A0112,CR-C01-003,DS04,cerro_rojo,CAMPAIGN_01,222.000000000,224.000000000,2.000000000,0.041599430,0.000000000,0.000000000
CR-C01-003-A0113,CR-C01-003,DS04,cerro_rojo,CAMPAIGN_01,224.000000000,226.000000000,2.000000000,0.040394960,0.000000000,0.000000000
CR-C01-003-A0114,CR-C01-003,DS04,cerro_rojo,CAMPAIGN_01,226.000000000,228.000000000,2.000000000,0.043908729,0.000000000,0.000000000
CR-C01-003-A0115,CR-C01-003,DS04,cerro_rojo,CAMPAIGN_01,228.000000000,230.000000000,2.000000000,0.041852743,0.000000000,0.000000000
CR-C01-003-A0116,CR-C01-003,DS04,cerro_rojo,CAMPAIGN_01,230.000000000,232.000000000,2.000000000,0.041491569,0.000000000,0.000000000
CR-C01-003-A0117,CR-C01-003,DS04,cerro_rojo,CAMPAIGN_01,232.000000000,234.000000000,2.000000000,0.045092919,0.000000000,0.000000000
CR-C01-003-A0118,CR-C01-003,DS04,cerro_rojo,CAMPAIGN_01,234.000000000,236.000000000,2.000000000,0.048061918,0.000000000,0.000000000
CR-C01-003-A0119,CR-C01-003,DS04,cerro_rojo,CAMPAIGN_01,236.000000000,238.000000000,2.000000000,0.048166751,0.000000000,0.000000000
CR-C01-003-A0120,CR-C01-003,DS04,cerro_rojo,CAMPAIGN_01,238.000000000,240.000000000,2.000000000,0.050345383,0.000000000,0.000000000
CR-C01-003-A0121,CR-C01-003,DS04,cerro_rojo,CAMPAIGN_01,240.000000000,242.000000000,2.000000000,0.050196184,0.000000000,0.000000000
CR-C01-003-A0122,CR-C01-003,DS04,cerro_rojo,CAMPAIGN_01,242.000000000,244.000000000,2.000000000,0.045747091,0.000000000,0.000000000
CR-C01-003-A0123,CR-C01-003,DS04,cerro_rojo,CAMPAIGN_01,244.000000000,246.000000000,2.000000000,0.049286988,0.000000000,0.000000000
CR-C01-003-A0124,CR-C01-003,DS04,cerro_rojo,CAMPAIGN_01,246.000000000,248.000000000,2.000000000,0.053637043,0.000000000,0.000000000
CR-C01-003-A0125,CR-C01-003,DS04,cerro_rojo,CAMPAIGN_01,248.000000000,250.000000000,2.000000000,0.055893844,0.000000000,0.000000000
CR-C01-003-A0126,CR-C01-003,DS04,cerro_rojo,CAMPAIGN_01,250.000000000,252.000000000,2.000000000,0.053226477,0.000000000,0.000000000
CR-C01-003-A0127,CR-C01-003,DS04,cerro_rojo,CAMPAIGN_01,252.000000000,254.000000000,2.000000000,0.050315647,0.000000000,0.000000000
CR-C01-003-A0128,CR-C01-003,DS04,cerro_rojo,CAMPAIGN_01,254.000000000,256.000000000,2.000000000,0.055402955,0.000000000,0.000000000
CR-C01-003-A0129,CR-C01-003,DS04,cerro_rojo,CAMPAIGN_01,256.000000000,258.000000000,2.000000000,0.053817395,0.000000000,0.000000000
CR-C01-003-A0130,CR-C01-003,DS04,cerro_rojo,CAMPAIGN_01,258.000000000,260.000000000,2.000000000,0.053144812,0.000000000,0.000000000
CR-C01-003-A0131,CR-C01-003,DS04,cerro_rojo,CAMPAIGN_01,260.000000000,262.000000000,2.000000000,0.054739298,0.000000000,0.000000000
CR-C01-003-A0132,CR-C01-003,DS04,cerro_rojo,CAMPAIGN_01,262.000000000,264.000000000,2.000000000,0.055280029,0.000000000,0.000000000
CR-C01-003-A0133,CR-C01-003,DS04,cerro_rojo,CAMPAIGN_01,264.000000000,266.000000000,2.000000000,0.052947002,0.000000000,0.000000000
CR-C01-003-A0134,CR-C01-003,DS04,cerro_rojo,CAMPAIGN_01,266.000000000,268.000000000,2.000000000,0.056386650,0.000000000,0.000000000
CR-C01-003-A0135,CR-C01-003,DS04,cerro_rojo,CAMPAIGN_01,268.000000000,270.000000000,2.000000000,0.057910571,0.000000000,0.000000000
CR-C01-003-A0136,CR-C01-003,DS04,cerro_rojo,CAMPAIGN_01,270.000000000,272.000000000,2.000000000,0.054949074,0.000000000,0.000000000
CR-C01-003-A0137,CR-C01-003,DS04,cerro_rojo,CAMPAIGN_01,272.000000000,274.000000000,2.000000000,0.062407233,0.000000000,0.000000000
CR-C01-003-A0138,CR-C01-003,DS04,cerro_rojo,CAMPAIGN_01,274.000000000,276.000000000,2.000000000,0.055311970,0.000000000,0.000000000
CR-C01-003-A0139,CR-C01-003,DS04,cerro_rojo,CAMPAIGN_01,276.000000000,278.000000000,2.000000000,0.061557172,0.000000000,0.000000000
CR-C01-003-A0140,CR-C01-003,DS04,cerro_rojo,CAMPAIGN_01,278.000000000,280.000000000,2.000000000,0.065651297,0.000000000,0.000000000
CR-C01-003-A0141,CR-C01-003,DS04,cerro_rojo,CAMPAIGN_01,280.000000000,282.000000000,2.000000000,0.060681182,0.000000000,0.000000000
CR-C01-003-A0142,CR-C01-003,DS04,cerro_rojo,CAMPAIGN_01,282.000000000,284.000000000,2.000000000,0.060966729,0.000000000,0.000000000
CR-C01-003-A0143,CR-C01-003,DS04,cerro_rojo,CAMPAIGN_01,284.000000000,286.000000000,2.000000000,0.065776980,0.000000000,0.000000000
CR-C01-003-A0144,CR-C01-003,DS04,cerro_rojo,CAMPAIGN_01,286.000000000,288.000000000,2.000000000,0.070504777,0.000000000,0.000000000
CR-C01-003-A0145,CR-C01-003,DS04,cerro_rojo,CAMPAIGN_01,288.000000000,290.000000000,2.000000000,0.065221569,0.000000000,0.000000000
CR-C01-003-A0146,CR-C01-003,DS04,cerro_rojo,CAMPAIGN_01,290.000000000,292.000000000,2.000000000,0.065098336,0.000000000,0.000000000
CR-C01-003-A0147,CR-C01-003,DS04,cerro_rojo,CAMPAIGN_01,292.000000000,294.000000000,2.000000000,0.061276332,0.000000000,0.000000000
CR-C01-003-A0148,CR-C01-003,DS04,cerro_rojo,CAMPAIGN_01,294.000000000,296.000000000,2.000000000,0.060718257,0.000000000,0.000000000
CR-C01-003-A0149,CR-C01-003,DS04,cerro_rojo,CAMPAIGN_01,296.000000000,298.000000000,2.000000000,0.063870049,0.000000000,0.000000000
CR-C01-003-A0150,CR-C01-003,DS04,cerro_rojo,CAMPAIGN_01,298.000000000,300.000000000,2.000000000,0.070677430,0.000000000,0.000000000
CR-C01-003-A0151,CR-C01-003,DS04,cerro_rojo,CAMPAIGN_01,300.000000000,302.000000000,2.000000000,0.071963844,0.000000000,0.000000000
CR-C01-003-A0152,CR-C01-003,DS04,cerro_rojo,CAMPAIGN_01,302.000000000,304.000000000,2.000000000,0.064188145,0.000000000,0.000000000
CR-C01-003-A0153,CR-C01-003,DS04,cerro_rojo,CAMPAIGN_01,304.000000000,306.000000000,2.000000000,0.067551372,0.000000000,0.000000000
CR-C01-003-A0154,CR-C01-003,DS04,cerro_rojo,CAMPAIGN_01,306.000000000,308.000000000,2.000000000,0.069773265,0.000000000,0.000000000
CR-C01-003-A0155,CR-C01-003,DS04,cerro_rojo,CAMPAIGN_01,308.000000000,310.000000000,2.000000000,0.072068959,0.000000000,0.000000000
CR-C01-003-A0156,CR-C01-003,DS04,cerro_rojo,CAMPAIGN_01,310.000000000,312.000000000,2.000000000,0.072300024,0.000000000,0.000000000
CR-C01-003-A0157,CR-C01-003,DS04,cerro_rojo,CAMPAIGN_01,312.000000000,314.000000000,2.000000000,0.071769361,0.000000000,0.000000000
CR-C01-003-A0158,CR-C01-003,DS04,cerro_rojo,CAMPAIGN_01,314.000000000,316.000000000,2.000000000,0.074564722,0.000000000,0.000000000
CR-C01-003-A0159,CR-C01-003,DS04,cerro_rojo,CAMPAIGN_01,316.000000000,318.000000000,2.000000000,0.074583120,0.000000000,0.000000000
CR-C01-003-A0160,CR-C01-003,DS04,cerro_rojo,CAMPAIGN_01,318.000000000,320.000000000,2.000000000,0.073510859,0.000000000,0.000000000
CR-C01-003-A0161,CR-C01-003,DS04,cerro_rojo,CAMPAIGN_01,320.000000000,322.000000000,2.000000000,0.080101461,0.000000000,0.000000000
CR-C01-003-A0162,CR-C01-003,DS04,cerro_rojo,CAMPAIGN_01,322.000000000,324.000000000,2.000000000,0.079688644,0.000000000,0.000000000
CR-C01-003-A0163,CR-C01-003,DS04,cerro_rojo,CAMPAIGN_01,324.000000000,326.000000000,2.000000000,0.074082687,0.000000000,0.000000000
CR-C01-003-A0164,CR-C01-003,DS04,cerro_rojo,CAMPAIGN_01,326.000000000,328.000000000,2.000000000,0.077922418,0.000000000,0.000000000
CR-C01-003-A0165,CR-C01-003,DS04,cerro_rojo,CAMPAIGN_01,328.000000000,330.000000000,2.000000000,0.076669954,0.000000000,0.000000000
CR-C01-003-A0166,CR-C01-003,DS04,cerro_rojo,CAMPAIGN_01,330.000000000,332.000000000,2.000000000,0.076612097,0.000000000,0.000000000
CR-C01-003-A0167,CR-C01-003,DS04,cerro_rojo,CAMPAIGN_01,332.000000000,334.000000000,2.000000000,0.074892120,0.000000000,0.000000000
CR-C01-003-A0168,CR-C01-003,DS04,cerro_rojo,CAMPAIGN_01,334.000000000,336.000000000,2.000000000,0.081288036,0.000000000,0.000000000
CR-C01-003-A0169,CR-C01-003,DS04,cerro_rojo,CAMPAIGN_01,336.000000000,338.000000000,2.000000000,0.079390919,0.000000000,0.000000000
CR-C01-003-A0170,CR-C01-003,DS04,cerro_rojo,CAMPAIGN_01,338.000000000,340.000000000,2.000000000,0.082254186,0.000000000,0.000000000
CR-C01-003-A0171,CR-C01-003,DS04,cerro_rojo,CAMPAIGN_01,340.000000000,342.000000000,2.000000000,0.083394331,0.000000000,0.000000000
CR-C01-003-A0172,CR-C01-003,DS04,cerro_rojo,CAMPAIGN_01,342.000000000,344.000000000,2.000000000,0.081963106,0.000000000,0.000000000
CR-C01-003-A0173,CR-C01-003,DS04,cerro_rojo,CAMPAIGN_01,344.000000000,346.000000000,2.000000000,0.081694072,0.000000000,0.000000000
CR-C01-003-A0174,CR-C01-003,DS04,cerro_rojo,CAMPAIGN_01,346.000000000,348.000000000,2.000000000,0.084785260,0.000000000,0.000000000
CR-C01-003-A0175,CR-C01-003,DS04,cerro_rojo,CAMPAIGN_01,348.000000000,350.000000000,2.000000000,0.084539735,0.000000000,0.000000000
CR-C01-003-A0176,CR-C01-003,DS04,cerro_rojo,CAMPAIGN_01,350.000000000,352.000000000,2.000000000,0.083402689,0.000000000,0.000000000
CR-C01-003-A0177,CR-C01-003,DS04,cerro_rojo,CAMPAIGN_01,352.000000000,354.000000000,2.000000000,0.087922687,0.000000000,0.000000000
CR-C01-003-A0178,CR-C01-003,DS04,cerro_rojo,CAMPAIGN_01,354.000000000,356.000000000,2.000000000,0.088906987,0.000000000,0.000000000
CR-C01-003-A0179,CR-C01-003,DS04,cerro_rojo,CAMPAIGN_01,356.000000000,358.000000000,2.000000000,0.082787610,0.000000000,0.000000000
CR-C01-003-A0180,CR-C01-003,DS04,cerro_rojo,CAMPAIGN_01,358.000000000,360.000000000,2.000000000,0.085072855,0.000000000,0.000000000
CR-C01-003-A0181,CR-C01-003,DS04,cerro_rojo,CAMPAIGN_01,360.000000000,362.000000000,2.000000000,0.079472481,0.000000000,0.000000000
CR-C01-003-A0182,CR-C01-003,DS04,cerro_rojo,CAMPAIGN_01,362.000000000,364.000000000,2.000000000,0.092239023,0.000000000,0.000000000
CR-C01-003-A0183,CR-C01-003,DS04,cerro_rojo,CAMPAIGN_01,364.000000000,366.000000000,2.000000000,0.087143782,0.000000000,0.000000000
CR-C01-003-A0184,CR-C01-003,DS04,cerro_rojo,CAMPAIGN_01,366.000000000,368.000000000,2.000000000,0.096927759,0.000000000,0.000000000
CR-C01-003-A0185,CR-C01-003,DS04,cerro_rojo,CAMPAIGN_01,368.000000000,370.000000000,2.000000000,0.090813495,0.000000000,0.000000000
CR-C01-003-A0186,CR-C01-003,DS04,cerro_rojo,CAMPAIGN_01,370.000000000,372.000000000,2.000000000,0.092982049,0.000000000,0.000000000
CR-C01-003-A0187,CR-C01-003,DS04,cerro_rojo,CAMPAIGN_01,372.000000000,374.000000000,2.000000000,0.089249214,0.000000000,0.000000000
CR-C01-003-A0188,CR-C01-003,DS04,cerro_rojo,CAMPAIGN_01,374.000000000,376.000000000,2.000000000,0.090414978,0.000000000,0.000000000
CR-C01-003-A0189,CR-C01-003,DS04,cerro_rojo,CAMPAIGN_01,376.000000000,378.000000000,2.000000000,0.098906057,0.000000000,0.000000000
CR-C01-003-A0190,CR-C01-003,DS04,cerro_rojo,CAMPAIGN_01,378.000000000,380.000000000,2.000000000,0.097637367,0.000000000,0.000000000
CR-C01-003-A0191,CR-C01-003,DS04,cerro_rojo,CAMPAIGN_01,380.000000000,382.000000000,2.000000000,0.098109234,0.000000000,0.000000000
CR-C01-003-A0192,CR-C01-003,DS04,cerro_rojo,CAMPAIGN_01,382.000000000,384.000000000,2.000000000,0.096915836,0.000000000,0.000000000
CR-C01-003-A0193,CR-C01-003,DS04,cerro_rojo,CAMPAIGN_01,384.000000000,386.000000000,2.000000000,0.102768069,0.000000000,0.000000000
CR-C01-003-A0194,CR-C01-003,DS04,cerro_rojo,CAMPAIGN_01,386.000000000,388.000000000,2.000000000,0.097554646,0.000000000,0.000000000
CR-C01-003-A0195,CR-C01-003,DS04,cerro_rojo,CAMPAIGN_01,388.000000000,390.000000000,2.000000000,0.104650586,0.000000000,0.000000000
CR-C01-003-A0196,CR-C01-003,DS04,cerro_rojo,CAMPAIGN_01,390.000000000,392.000000000,2.000000000,0.099159602,0.000000000,0.000000000
CR-C01-003-A0197,CR-C01-003,DS04,cerro_rojo,CAMPAIGN_01,392.000000000,394.000000000,2.000000000,0.100311500,0.000000000,0.000000000
CR-C01-003-A0198,CR-C01-003,DS04,cerro_rojo,CAMPAIGN_01,394.000000000,396.000000000,2.000000000,0.104802799,0.000000000,0.000000000
CR-C01-003-A0199,CR-C01-003,DS04,cerro_rojo,CAMPAIGN_01,396.000000000,398.000000000,2.000000000,0.116409164,0.000000000,0.000000000
CR-C01-003-A0200,CR-C01-003,DS04,cerro_rojo,CAMPAIGN_01,398.000000000,400.000000000,2.000000000,0.114605303,0.000000000,0.000000000
CR-C01-003-A0201,CR-C01-003,DS04,cerro_rojo,CAMPAIGN_01,400.000000000,402.000000000,2.000000000,0.107506957,0.000000000,0.000000000
CR-C01-003-A0202,CR-C01-003,DS04,cerro_rojo,CAMPAIGN_01,402.000000000,404.000000000,2.000000000,0.104988907,0.000000000,0.000000000
CR-C01-003-A0203,CR-C01-003,DS04,cerro_rojo,CAMPAIGN_01,404.000000000,406.000000000,2.000000000,0.104800890,0.000000000,0.000000000
CR-C01-003-A0204,CR-C01-003,DS04,cerro_rojo,CAMPAIGN_01,406.000000000,408.000000000,2.000000000,0.103844814,0.000000000,0.000000000
CR-C01-003-A0205,CR-C01-003,DS04,cerro_rojo,CAMPAIGN_01,408.000000000,410.000000000,2.000000000,0.112688246,0.000000000,0.000000000
CR-C01-003-A0206,CR-C01-003,DS04,cerro_rojo,CAMPAIGN_01,410.000000000,411.744162582,1.744162582,0.105750387,0.000000000,0.000000000
CR-C01-004-A0001,CR-C01-004,DS04,cerro_rojo,CAMPAIGN_01,0.000000000,2.000000000,2.000000000,0.028428392,0.000000000,0.000000000
CR-C01-004-A0002,CR-C01-004,DS04,cerro_rojo,CAMPAIGN_01,2.000000000,4.000000000,2.000000000,0.028106624,0.000000000,0.000000000
CR-C01-004-A0003,CR-C01-004,DS04,cerro_rojo,CAMPAIGN_01,4.000000000,6.000000000,2.000000000,0.029864220,0.000000000,0.000000000
CR-C01-004-A0004,CR-C01-004,DS04,cerro_rojo,CAMPAIGN_01,6.000000000,8.000000000,2.000000000,0.028989924,0.000000000,0.000000000
CR-C01-004-A0005,CR-C01-004,DS04,cerro_rojo,CAMPAIGN_01,8.000000000,10.000000000,2.000000000,0.030241666,0.000000000,0.000000000
CR-C01-004-A0006,CR-C01-004,DS04,cerro_rojo,CAMPAIGN_01,10.000000000,12.000000000,2.000000000,0.030057347,0.000000000,0.000000000
CR-C01-004-A0007,CR-C01-004,DS04,cerro_rojo,CAMPAIGN_01,12.000000000,14.000000000,2.000000000,0.033970618,0.000000000,0.000000000
CR-C01-004-A0008,CR-C01-004,DS04,cerro_rojo,CAMPAIGN_01,14.000000000,16.000000000,2.000000000,0.031562075,0.000000000,0.000000000
CR-C01-004-A0009,CR-C01-004,DS04,cerro_rojo,CAMPAIGN_01,16.000000000,18.000000000,2.000000000,0.030960023,0.000000000,0.000000000
CR-C01-004-A0010,CR-C01-004,DS04,cerro_rojo,CAMPAIGN_01,18.000000000,20.000000000,2.000000000,0.031877531,0.000000000,0.000000000
CR-C01-004-A0011,CR-C01-004,DS04,cerro_rojo,CAMPAIGN_01,20.000000000,22.000000000,2.000000000,0.032657487,0.000000000,0.000000000
CR-C01-004-A0012,CR-C01-004,DS04,cerro_rojo,CAMPAIGN_01,22.000000000,24.000000000,2.000000000,0.034972509,0.000000000,0.000000000
CR-C01-004-A0013,CR-C01-004,DS04,cerro_rojo,CAMPAIGN_01,24.000000000,26.000000000,2.000000000,0.037353470,0.000000000,0.000000000
CR-C01-004-A0014,CR-C01-004,DS04,cerro_rojo,CAMPAIGN_01,26.000000000,28.000000000,2.000000000,0.035164195,0.000000000,0.000000000
CR-C01-004-A0015,CR-C01-004,DS04,cerro_rojo,CAMPAIGN_01,28.000000000,30.000000000,2.000000000,0.036207692,0.000000000,0.000000000
CR-C01-004-A0016,CR-C01-004,DS04,cerro_rojo,CAMPAIGN_01,30.000000000,32.000000000,2.000000000,0.035288132,0.000000000,0.000000000
CR-C01-004-A0017,CR-C01-004,DS04,cerro_rojo,CAMPAIGN_01,32.000000000,34.000000000,2.000000000,0.036120391,0.000000000,0.000000000
CR-C01-004-A0018,CR-C01-004,DS04,cerro_rojo,CAMPAIGN_01,34.000000000,36.000000000,2.000000000,0.036634293,0.000000000,0.000000000
CR-C01-004-A0019,CR-C01-004,DS04,cerro_rojo,CAMPAIGN_01,36.000000000,38.000000000,2.000000000,0.036661457,0.000000000,0.000000000
CR-C01-004-A0020,CR-C01-004,DS04,cerro_rojo,CAMPAIGN_01,38.000000000,40.000000000,2.000000000,0.036262577,0.000000000,0.000000000
CR-C01-004-A0021,CR-C01-004,DS04,cerro_rojo,CAMPAIGN_01,40.000000000,42.000000000,2.000000000,0.040771498,0.000000000,0.000000000
CR-C01-004-A0022,CR-C01-004,DS04,cerro_rojo,CAMPAIGN_01,42.000000000,44.000000000,2.000000000,0.036803508,0.000000000,0.000000000
CR-C01-004-A0023,CR-C01-004,DS04,cerro_rojo,CAMPAIGN_01,44.000000000,46.000000000,2.000000000,0.035790255,0.000000000,0.000000000
CR-C01-004-A0024,CR-C01-004,DS04,cerro_rojo,CAMPAIGN_01,46.000000000,48.000000000,2.000000000,0.036113366,0.000000000,0.000000000
CR-C01-004-A0025,CR-C01-004,DS04,cerro_rojo,CAMPAIGN_01,48.000000000,50.000000000,2.000000000,0.043433956,0.000000000,0.000000000
CR-C01-004-A0026,CR-C01-004,DS04,cerro_rojo,CAMPAIGN_01,50.000000000,52.000000000,2.000000000,0.040435435,0.000000000,0.000000000
CR-C01-004-A0027,CR-C01-004,DS04,cerro_rojo,CAMPAIGN_01,52.000000000,54.000000000,2.000000000,0.039432806,0.000000000,0.000000000
CR-C01-004-A0028,CR-C01-004,DS04,cerro_rojo,CAMPAIGN_01,54.000000000,56.000000000,2.000000000,0.041663521,0.000000000,0.000000000
CR-C01-004-A0029,CR-C01-004,DS04,cerro_rojo,CAMPAIGN_01,56.000000000,58.000000000,2.000000000,0.042397093,0.000000000,0.000000000
CR-C01-004-A0030,CR-C01-004,DS04,cerro_rojo,CAMPAIGN_01,58.000000000,60.000000000,2.000000000,0.039543047,0.000000000,0.000000000
CR-C01-004-A0031,CR-C01-004,DS04,cerro_rojo,CAMPAIGN_01,60.000000000,62.000000000,2.000000000,0.041070521,0.000000000,0.000000000
CR-C01-004-A0032,CR-C01-004,DS04,cerro_rojo,CAMPAIGN_01,62.000000000,64.000000000,2.000000000,0.041982718,0.000000000,0.000000000
CR-C01-004-A0033,CR-C01-004,DS04,cerro_rojo,CAMPAIGN_01,64.000000000,66.000000000,2.000000000,0.043506150,0.000000000,0.000000000
CR-C01-004-A0034,CR-C01-004,DS04,cerro_rojo,CAMPAIGN_01,66.000000000,68.000000000,2.000000000,0.043269452,0.000000000,0.000000000
CR-C01-004-A0035,CR-C01-004,DS04,cerro_rojo,CAMPAIGN_01,68.000000000,70.000000000,2.000000000,0.045390604,0.000000000,0.000000000
CR-C01-004-A0036,CR-C01-004,DS04,cerro_rojo,CAMPAIGN_01,70.000000000,72.000000000,2.000000000,0.047465331,0.000000000,0.000000000
CR-C01-004-A0037,CR-C01-004,DS04,cerro_rojo,CAMPAIGN_01,72.000000000,74.000000000,2.000000000,0.041338277,0.000000000,0.000000000
CR-C01-004-A0038,CR-C01-004,DS04,cerro_rojo,CAMPAIGN_01,74.000000000,76.000000000,2.000000000,0.049178128,0.000000000,0.000000000
CR-C01-004-A0039,CR-C01-004,DS04,cerro_rojo,CAMPAIGN_01,76.000000000,78.000000000,2.000000000,0.045908910,0.000000000,0.000000000
CR-C01-004-A0040,CR-C01-004,DS04,cerro_rojo,CAMPAIGN_01,78.000000000,80.000000000,2.000000000,0.050850911,0.000000000,0.000000000
CR-C01-004-A0041,CR-C01-004,DS04,cerro_rojo,CAMPAIGN_01,80.000000000,82.000000000,2.000000000,0.044379497,0.000000000,0.000000000
CR-C01-004-A0042,CR-C01-004,DS04,cerro_rojo,CAMPAIGN_01,82.000000000,84.000000000,2.000000000,0.050017875,0.000000000,0.000000000
CR-C01-004-A0043,CR-C01-004,DS04,cerro_rojo,CAMPAIGN_01,84.000000000,86.000000000,2.000000000,0.050717518,0.000000000,0.000000000
CR-C01-004-A0044,CR-C01-004,DS04,cerro_rojo,CAMPAIGN_01,86.000000000,88.000000000,2.000000000,0.050885814,0.000000000,0.000000000
CR-C01-004-A0045,CR-C01-004,DS04,cerro_rojo,CAMPAIGN_01,88.000000000,90.000000000,2.000000000,0.050121686,0.000000000,0.000000000
CR-C01-004-A0046,CR-C01-004,DS04,cerro_rojo,CAMPAIGN_01,90.000000000,92.000000000,2.000000000,0.049608967,0.000000000,0.000000000
CR-C01-004-A0047,CR-C01-004,DS04,cerro_rojo,CAMPAIGN_01,92.000000000,94.000000000,2.000000000,0.049892404,0.000000000,0.000000000
CR-C01-004-A0048,CR-C01-004,DS04,cerro_rojo,CAMPAIGN_01,94.000000000,96.000000000,2.000000000,0.052954908,0.000000000,0.000000000
CR-C01-004-A0049,CR-C01-004,DS04,cerro_rojo,CAMPAIGN_01,96.000000000,98.000000000,2.000000000,0.057648088,0.000000000,0.000000000
CR-C01-004-A0050,CR-C01-004,DS04,cerro_rojo,CAMPAIGN_01,98.000000000,100.000000000,2.000000000,0.049481474,0.000000000,0.000000000
CR-C01-004-A0051,CR-C01-004,DS04,cerro_rojo,CAMPAIGN_01,100.000000000,102.000000000,2.000000000,0.051343056,0.000000000,0.000000000
CR-C01-004-A0052,CR-C01-004,DS04,cerro_rojo,CAMPAIGN_01,102.000000000,104.000000000,2.000000000,0.052708751,0.000000000,0.000000000
CR-C01-004-A0053,CR-C01-004,DS04,cerro_rojo,CAMPAIGN_01,104.000000000,106.000000000,2.000000000,0.053392686,0.000000000,0.000000000
CR-C01-004-A0054,CR-C01-004,DS04,cerro_rojo,CAMPAIGN_01,106.000000000,108.000000000,2.000000000,0.050441414,0.000000000,0.000000000
CR-C01-004-A0055,CR-C01-004,DS04,cerro_rojo,CAMPAIGN_01,108.000000000,110.000000000,2.000000000,0.059782335,0.000000000,0.000000000
CR-C01-004-A0056,CR-C01-004,DS04,cerro_rojo,CAMPAIGN_01,110.000000000,112.000000000,2.000000000,0.060693858,0.000000000,0.000000000
CR-C01-004-A0057,CR-C01-004,DS04,cerro_rojo,CAMPAIGN_01,112.000000000,114.000000000,2.000000000,0.055190624,0.000000000,0.000000000
CR-C01-004-A0058,CR-C01-004,DS04,cerro_rojo,CAMPAIGN_01,114.000000000,116.000000000,2.000000000,0.060054945,0.000000000,0.000000000
CR-C01-004-A0059,CR-C01-004,DS04,cerro_rojo,CAMPAIGN_01,116.000000000,118.000000000,2.000000000,0.051809495,0.000000000,0.000000000
CR-C01-004-A0060,CR-C01-004,DS04,cerro_rojo,CAMPAIGN_01,118.000000000,120.000000000,2.000000000,0.059252057,0.000000000,0.000000000
CR-C01-004-A0061,CR-C01-004,DS04,cerro_rojo,CAMPAIGN_01,120.000000000,122.000000000,2.000000000,0.060130574,0.000000000,0.000000000
CR-C01-004-A0062,CR-C01-004,DS04,cerro_rojo,CAMPAIGN_01,122.000000000,124.000000000,2.000000000,0.061576091,0.000000000,0.000000000
CR-C01-004-A0063,CR-C01-004,DS04,cerro_rojo,CAMPAIGN_01,124.000000000,126.000000000,2.000000000,0.060578355,0.000000000,0.000000000
CR-C01-004-A0064,CR-C01-004,DS04,cerro_rojo,CAMPAIGN_01,126.000000000,128.000000000,2.000000000,0.061046727,0.000000000,0.000000000
CR-C01-004-A0065,CR-C01-004,DS04,cerro_rojo,CAMPAIGN_01,128.000000000,130.000000000,2.000000000,0.058923135,0.000000000,0.000000000
CR-C01-004-A0066,CR-C01-004,DS04,cerro_rojo,CAMPAIGN_01,130.000000000,132.000000000,2.000000000,0.058422690,0.000000000,0.000000000
CR-C01-004-A0067,CR-C01-004,DS04,cerro_rojo,CAMPAIGN_01,132.000000000,134.000000000,2.000000000,0.060038719,0.000000000,0.000000000
CR-C01-004-A0068,CR-C01-004,DS04,cerro_rojo,CAMPAIGN_01,134.000000000,136.000000000,2.000000000,0.060553277,0.000000000,0.000000000
CR-C01-004-A0069,CR-C01-004,DS04,cerro_rojo,CAMPAIGN_01,136.000000000,138.000000000,2.000000000,0.063168660,0.000000000,0.000000000
CR-C01-004-A0070,CR-C01-004,DS04,cerro_rojo,CAMPAIGN_01,138.000000000,140.000000000,2.000000000,0.063578327,0.000000000,0.000000000
CR-C01-004-A0071,CR-C01-004,DS04,cerro_rojo,CAMPAIGN_01,140.000000000,142.000000000,2.000000000,0.064622324,0.000000000,0.000000000
CR-C01-004-A0072,CR-C01-004,DS04,cerro_rojo,CAMPAIGN_01,142.000000000,144.000000000,2.000000000,0.065449752,0.000000000,0.000000000
CR-C01-004-A0073,CR-C01-004,DS04,cerro_rojo,CAMPAIGN_01,144.000000000,146.000000000,2.000000000,0.065431945,0.000000000,0.000000000
CR-C01-004-A0074,CR-C01-004,DS04,cerro_rojo,CAMPAIGN_01,146.000000000,148.000000000,2.000000000,0.064074542,0.000000000,0.000000000
CR-C01-004-A0075,CR-C01-004,DS04,cerro_rojo,CAMPAIGN_01,148.000000000,150.000000000,2.000000000,0.065344006,0.000000000,0.000000000
CR-C01-004-A0076,CR-C01-004,DS04,cerro_rojo,CAMPAIGN_01,150.000000000,152.000000000,2.000000000,0.064484020,0.000000000,0.000000000
CR-C01-004-A0077,CR-C01-004,DS04,cerro_rojo,CAMPAIGN_01,152.000000000,154.000000000,2.000000000,0.069376609,0.000000000,0.000000000
CR-C01-004-A0078,CR-C01-004,DS04,cerro_rojo,CAMPAIGN_01,154.000000000,156.000000000,2.000000000,0.067128306,0.000000000,0.000000000
CR-C01-004-A0079,CR-C01-004,DS04,cerro_rojo,CAMPAIGN_01,156.000000000,158.000000000,2.000000000,0.064850060,0.000000000,0.000000000
CR-C01-004-A0080,CR-C01-004,DS04,cerro_rojo,CAMPAIGN_01,158.000000000,160.000000000,2.000000000,0.072613047,0.000000000,0.000000000
CR-C01-004-A0081,CR-C01-004,DS04,cerro_rojo,CAMPAIGN_01,160.000000000,162.000000000,2.000000000,0.066780263,0.000000000,0.000000000
CR-C01-004-A0082,CR-C01-004,DS04,cerro_rojo,CAMPAIGN_01,162.000000000,164.000000000,2.000000000,0.069127647,0.000000000,0.000000000
CR-C01-004-A0083,CR-C01-004,DS04,cerro_rojo,CAMPAIGN_01,164.000000000,166.000000000,2.000000000,0.065607040,0.000000000,0.000000000
CR-C01-004-A0084,CR-C01-004,DS04,cerro_rojo,CAMPAIGN_01,166.000000000,168.000000000,2.000000000,0.068906965,0.000000000,0.000000000
CR-C01-004-A0085,CR-C01-004,DS04,cerro_rojo,CAMPAIGN_01,168.000000000,170.000000000,2.000000000,0.071151437,0.000000000,0.000000000
CR-C01-004-A0086,CR-C01-004,DS04,cerro_rojo,CAMPAIGN_01,170.000000000,172.000000000,2.000000000,0.065281764,0.000000000,0.000000000
CR-C01-004-A0087,CR-C01-004,DS04,cerro_rojo,CAMPAIGN_01,172.000000000,174.000000000,2.000000000,0.078551601,0.000000000,0.000000000
CR-C01-004-A0088,CR-C01-004,DS04,cerro_rojo,CAMPAIGN_01,174.000000000,176.000000000,2.000000000,0.073167376,0.000000000,0.000000000
CR-C01-004-A0089,CR-C01-004,DS04,cerro_rojo,CAMPAIGN_01,176.000000000,178.000000000,2.000000000,0.071521311,0.000000000,0.000000000
CR-C01-004-A0090,CR-C01-004,DS04,cerro_rojo,CAMPAIGN_01,178.000000000,180.000000000,2.000000000,0.067898482,0.000000000,0.000000000
CR-C01-004-A0091,CR-C01-004,DS04,cerro_rojo,CAMPAIGN_01,180.000000000,182.000000000,2.000000000,0.066881827,0.000000000,0.000000000
CR-C01-004-A0092,CR-C01-004,DS04,cerro_rojo,CAMPAIGN_01,182.000000000,184.000000000,2.000000000,0.071949846,0.000000000,0.000000000
CR-C01-004-A0093,CR-C01-004,DS04,cerro_rojo,CAMPAIGN_01,184.000000000,186.000000000,2.000000000,0.069640556,0.000000000,0.000000000
CR-C01-004-A0094,CR-C01-004,DS04,cerro_rojo,CAMPAIGN_01,186.000000000,188.000000000,2.000000000,0.069571244,0.000000000,0.000000000
CR-C01-004-A0095,CR-C01-004,DS04,cerro_rojo,CAMPAIGN_01,188.000000000,190.000000000,2.000000000,0.064542112,0.000000000,0.000000000
CR-C01-004-A0096,CR-C01-004,DS04,cerro_rojo,CAMPAIGN_01,190.000000000,192.000000000,2.000000000,0.076134632,0.000000000,0.000000000
CR-C01-004-A0097,CR-C01-004,DS04,cerro_rojo,CAMPAIGN_01,192.000000000,194.000000000,2.000000000,0.073269650,0.000000000,0.000000000
CR-C01-004-A0098,CR-C01-004,DS04,cerro_rojo,CAMPAIGN_01,194.000000000,196.000000000,2.000000000,0.072363975,0.000000000,0.000000000
CR-C01-004-A0099,CR-C01-004,DS04,cerro_rojo,CAMPAIGN_01,196.000000000,198.000000000,2.000000000,0.069344331,0.000000000,0.000000000
CR-C01-004-A0100,CR-C01-004,DS04,cerro_rojo,CAMPAIGN_01,198.000000000,200.000000000,2.000000000,0.069594955,0.000000000,0.000000000
CR-C01-004-A0101,CR-C01-004,DS04,cerro_rojo,CAMPAIGN_01,200.000000000,202.000000000,2.000000000,0.074202487,0.000000000,0.000000000
CR-C01-004-A0102,CR-C01-004,DS04,cerro_rojo,CAMPAIGN_01,202.000000000,204.000000000,2.000000000,0.072755755,0.000000000,0.000000000
CR-C01-004-A0103,CR-C01-004,DS04,cerro_rojo,CAMPAIGN_01,204.000000000,206.000000000,2.000000000,0.074807203,0.000000000,0.000000000
CR-C01-004-A0104,CR-C01-004,DS04,cerro_rojo,CAMPAIGN_01,206.000000000,208.000000000,2.000000000,0.069905753,0.000000000,0.000000000
CR-C01-004-A0105,CR-C01-004,DS04,cerro_rojo,CAMPAIGN_01,208.000000000,210.000000000,2.000000000,0.075050867,0.000000000,0.000000000
CR-C01-004-A0106,CR-C01-004,DS04,cerro_rojo,CAMPAIGN_01,210.000000000,212.000000000,2.000000000,0.068283309,0.000000000,0.000000000
CR-C01-004-A0107,CR-C01-004,DS04,cerro_rojo,CAMPAIGN_01,212.000000000,214.000000000,2.000000000,0.072494252,0.000000000,0.000000000
CR-C01-004-A0108,CR-C01-004,DS04,cerro_rojo,CAMPAIGN_01,214.000000000,216.000000000,2.000000000,0.072812414,0.000000000,0.000000000
CR-C01-004-A0109,CR-C01-004,DS04,cerro_rojo,CAMPAIGN_01,216.000000000,218.000000000,2.000000000,0.063902314,0.000000000,0.000000000
CR-C01-004-A0110,CR-C01-004,DS04,cerro_rojo,CAMPAIGN_01,218.000000000,220.000000000,2.000000000,0.071762759,0.000000000,0.000000000
CR-C01-004-A0111,CR-C01-004,DS04,cerro_rojo,CAMPAIGN_01,220.000000000,222.000000000,2.000000000,0.067272259,0.000000000,0.000000000
CR-C01-004-A0112,CR-C01-004,DS04,cerro_rojo,CAMPAIGN_01,222.000000000,224.000000000,2.000000000,0.072227117,0.000000000,0.000000000
CR-C01-004-A0113,CR-C01-004,DS04,cerro_rojo,CAMPAIGN_01,224.000000000,226.000000000,2.000000000,0.070803739,0.000000000,0.000000000
CR-C01-004-A0114,CR-C01-004,DS04,cerro_rojo,CAMPAIGN_01,226.000000000,228.000000000,2.000000000,0.072194382,0.000000000,0.000000000
CR-C01-004-A0115,CR-C01-004,DS04,cerro_rojo,CAMPAIGN_01,228.000000000,230.000000000,2.000000000,0.073848632,0.000000000,0.000000000
CR-C01-005-A0001,CR-C01-005,DS04,cerro_rojo,CAMPAIGN_01,0.000000000,2.000000000,2.000000000,0.170133389,0.000000000,0.000000000
CR-C01-005-A0002,CR-C01-005,DS04,cerro_rojo,CAMPAIGN_01,2.000000000,4.000000000,2.000000000,0.177533291,0.000000000,0.000000000
CR-C01-005-A0003,CR-C01-005,DS04,cerro_rojo,CAMPAIGN_01,4.000000000,6.000000000,2.000000000,0.167556677,0.000000000,0.000000000
CR-C01-005-A0004,CR-C01-005,DS04,cerro_rojo,CAMPAIGN_01,6.000000000,8.000000000,2.000000000,0.185360110,0.000000000,0.000000000
CR-C01-005-A0005,CR-C01-005,DS04,cerro_rojo,CAMPAIGN_01,8.000000000,10.000000000,2.000000000,0.192012637,0.000000000,0.000000000
CR-C01-005-A0006,CR-C01-005,DS04,cerro_rojo,CAMPAIGN_01,10.000000000,12.000000000,2.000000000,0.192486715,0.000000000,0.000000000
CR-C01-005-A0007,CR-C01-005,DS04,cerro_rojo,CAMPAIGN_01,12.000000000,14.000000000,2.000000000,0.182234612,0.000000000,0.000000000
CR-C01-005-A0008,CR-C01-005,DS04,cerro_rojo,CAMPAIGN_01,14.000000000,16.000000000,2.000000000,0.201425567,0.000000000,0.000000000
CR-C01-005-A0009,CR-C01-005,DS04,cerro_rojo,CAMPAIGN_01,16.000000000,18.000000000,2.000000000,0.216858392,0.000000000,0.000000000
CR-C01-005-A0010,CR-C01-005,DS04,cerro_rojo,CAMPAIGN_01,18.000000000,20.000000000,2.000000000,0.210108734,0.000000000,0.000000000
CR-C01-005-A0011,CR-C01-005,DS04,cerro_rojo,CAMPAIGN_01,20.000000000,22.000000000,2.000000000,0.215926032,0.000000000,0.000000000
CR-C01-005-A0012,CR-C01-005,DS04,cerro_rojo,CAMPAIGN_01,22.000000000,24.000000000,2.000000000,0.223386363,0.000000000,0.000000000
CR-C01-005-A0013,CR-C01-005,DS04,cerro_rojo,CAMPAIGN_01,24.000000000,26.000000000,2.000000000,0.233900648,0.000000000,0.000000000
CR-C01-005-A0014,CR-C01-005,DS04,cerro_rojo,CAMPAIGN_01,26.000000000,28.000000000,2.000000000,0.251202854,0.000000000,0.000000000
CR-C01-005-A0015,CR-C01-005,DS04,cerro_rojo,CAMPAIGN_01,28.000000000,30.000000000,2.000000000,0.232268560,0.000000000,0.000000000
CR-C01-005-A0016,CR-C01-005,DS04,cerro_rojo,CAMPAIGN_01,30.000000000,32.000000000,2.000000000,0.247453821,0.000000000,0.000000000
CR-C01-005-A0017,CR-C01-005,DS04,cerro_rojo,CAMPAIGN_01,32.000000000,34.000000000,2.000000000,0.261528503,0.000000000,0.000000000
CR-C01-005-A0018,CR-C01-005,DS04,cerro_rojo,CAMPAIGN_01,34.000000000,36.000000000,2.000000000,0.292618929,0.000000000,0.000000000
CR-C01-005-A0019,CR-C01-005,DS04,cerro_rojo,CAMPAIGN_01,36.000000000,38.000000000,2.000000000,0.269958668,0.000000000,0.000000000
CR-C01-005-A0020,CR-C01-005,DS04,cerro_rojo,CAMPAIGN_01,38.000000000,40.000000000,2.000000000,0.297240340,0.000000000,0.000000000
CR-C01-005-A0021,CR-C01-005,DS04,cerro_rojo,CAMPAIGN_01,40.000000000,42.000000000,2.000000000,0.278879904,0.000000000,0.000000000
CR-C01-005-A0022,CR-C01-005,DS04,cerro_rojo,CAMPAIGN_01,42.000000000,44.000000000,2.000000000,0.299717433,0.000000000,0.000000000
CR-C01-005-A0023,CR-C01-005,DS04,cerro_rojo,CAMPAIGN_01,44.000000000,46.000000000,2.000000000,0.320383123,0.000000000,0.000000000
CR-C01-005-A0024,CR-C01-005,DS04,cerro_rojo,CAMPAIGN_01,46.000000000,48.000000000,2.000000000,0.309881640,0.000000000,0.000000000
CR-C01-005-A0025,CR-C01-005,DS04,cerro_rojo,CAMPAIGN_01,48.000000000,50.000000000,2.000000000,0.327100454,0.000000000,0.000000000
CR-C01-005-A0026,CR-C01-005,DS04,cerro_rojo,CAMPAIGN_01,50.000000000,52.000000000,2.000000000,0.319431707,0.000000000,0.000000000
CR-C01-005-A0027,CR-C01-005,DS04,cerro_rojo,CAMPAIGN_01,52.000000000,54.000000000,2.000000000,0.344677504,0.000000000,0.000000000
CR-C01-005-A0028,CR-C01-005,DS04,cerro_rojo,CAMPAIGN_01,54.000000000,56.000000000,2.000000000,0.363686565,0.000000000,0.000000000
CR-C01-005-A0029,CR-C01-005,DS04,cerro_rojo,CAMPAIGN_01,56.000000000,58.000000000,2.000000000,0.351878583,0.000000000,0.000000000
CR-C01-005-A0030,CR-C01-005,DS04,cerro_rojo,CAMPAIGN_01,58.000000000,60.000000000,2.000000000,0.358757467,0.000000000,0.000000000
CR-C01-005-A0031,CR-C01-005,DS04,cerro_rojo,CAMPAIGN_01,60.000000000,62.000000000,2.000000000,0.369553429,0.000000000,0.000000000
CR-C01-005-A0032,CR-C01-005,DS04,cerro_rojo,CAMPAIGN_01,62.000000000,64.000000000,2.000000000,0.376515996,0.000000000,0.000000000
CR-C01-005-A0033,CR-C01-005,DS04,cerro_rojo,CAMPAIGN_01,64.000000000,66.000000000,2.000000000,0.381494447,0.000000000,0.000000000
CR-C01-005-A0034,CR-C01-005,DS04,cerro_rojo,CAMPAIGN_01,66.000000000,68.000000000,2.000000000,0.414341685,0.000000000,0.000000000
CR-C01-005-A0035,CR-C01-005,DS04,cerro_rojo,CAMPAIGN_01,68.000000000,70.000000000,2.000000000,0.384502440,0.000000000,0.000000000
CR-C01-005-A0036,CR-C01-005,DS04,cerro_rojo,CAMPAIGN_01,70.000000000,72.000000000,2.000000000,0.416054190,0.000000000,0.000000000
CR-C01-005-A0037,CR-C01-005,DS04,cerro_rojo,CAMPAIGN_01,72.000000000,74.000000000,2.000000000,0.412375699,0.000000000,0.000000000
CR-C01-005-A0038,CR-C01-005,DS04,cerro_rojo,CAMPAIGN_01,74.000000000,76.000000000,2.000000000,0.458185580,0.000000000,0.000000000
CR-C01-005-A0039,CR-C01-005,DS04,cerro_rojo,CAMPAIGN_01,76.000000000,78.000000000,2.000000000,0.450549324,0.000000000,0.000000000
CR-C01-005-A0040,CR-C01-005,DS04,cerro_rojo,CAMPAIGN_01,78.000000000,80.000000000,2.000000000,0.465392288,0.000000000,0.000000000
CR-C01-005-A0041,CR-C01-005,DS04,cerro_rojo,CAMPAIGN_01,80.000000000,82.000000000,2.000000000,0.474612454,0.000000000,0.000000000
CR-C01-005-A0042,CR-C01-005,DS04,cerro_rojo,CAMPAIGN_01,82.000000000,84.000000000,2.000000000,0.470553432,0.000000000,0.000000000
CR-C01-005-A0043,CR-C01-005,DS04,cerro_rojo,CAMPAIGN_01,84.000000000,86.000000000,2.000000000,0.504132974,0.000000000,0.000000000
CR-C01-005-A0044,CR-C01-005,DS04,cerro_rojo,CAMPAIGN_01,86.000000000,88.000000000,2.000000000,0.484185635,0.000000000,0.000000000
CR-C01-005-A0045,CR-C01-005,DS04,cerro_rojo,CAMPAIGN_01,88.000000000,90.000000000,2.000000000,0.520072227,0.000000000,0.000000000
CR-C01-005-A0046,CR-C01-005,DS04,cerro_rojo,CAMPAIGN_01,90.000000000,92.000000000,2.000000000,0.519483164,0.000000000,0.000000000
CR-C01-005-A0047,CR-C01-005,DS04,cerro_rojo,CAMPAIGN_01,92.000000000,94.000000000,2.000000000,0.546089646,0.000000000,0.000000000
CR-C01-005-A0048,CR-C01-005,DS04,cerro_rojo,CAMPAIGN_01,94.000000000,96.000000000,2.000000000,0.559962775,0.000000000,0.000000000
CR-C01-005-A0049,CR-C01-005,DS04,cerro_rojo,CAMPAIGN_01,96.000000000,98.000000000,2.000000000,0.559499322,0.000000000,0.000000000
CR-C01-005-A0050,CR-C01-005,DS04,cerro_rojo,CAMPAIGN_01,98.000000000,100.000000000,2.000000000,0.545415400,0.000000000,0.000000000
CR-C01-005-A0051,CR-C01-005,DS04,cerro_rojo,CAMPAIGN_01,100.000000000,102.000000000,2.000000000,0.560008733,0.000000000,0.000000000
CR-C01-005-A0052,CR-C01-005,DS04,cerro_rojo,CAMPAIGN_01,102.000000000,104.000000000,2.000000000,0.560649427,0.000000000,0.000000000
CR-C01-005-A0053,CR-C01-005,DS04,cerro_rojo,CAMPAIGN_01,104.000000000,106.000000000,2.000000000,0.607552454,0.000000000,0.000000000
CR-C01-005-A0054,CR-C01-005,DS04,cerro_rojo,CAMPAIGN_01,106.000000000,108.000000000,2.000000000,0.598747274,0.000000000,0.000000000
CR-C01-005-A0055,CR-C01-005,DS04,cerro_rojo,CAMPAIGN_01,108.000000000,110.000000000,2.000000000,0.598239525,0.000000000,0.000000000
CR-C01-005-A0056,CR-C01-005,DS04,cerro_rojo,CAMPAIGN_01,110.000000000,112.000000000,2.000000000,0.609249792,0.000000000,0.000000000
CR-C01-005-A0057,CR-C01-005,DS04,cerro_rojo,CAMPAIGN_01,112.000000000,114.000000000,2.000000000,0.623503699,0.000000000,0.000000000
CR-C01-005-A0058,CR-C01-005,DS04,cerro_rojo,CAMPAIGN_01,114.000000000,116.000000000,2.000000000,0.621650789,0.000000000,0.000000000
CR-C01-005-A0059,CR-C01-005,DS04,cerro_rojo,CAMPAIGN_01,116.000000000,118.000000000,2.000000000,0.657228262,0.000000000,0.000000000
CR-C01-005-A0060,CR-C01-005,DS04,cerro_rojo,CAMPAIGN_01,118.000000000,120.000000000,2.000000000,0.657638890,0.000000000,0.000000000
CR-C01-005-A0061,CR-C01-005,DS04,cerro_rojo,CAMPAIGN_01,120.000000000,122.000000000,2.000000000,0.703236861,0.000000000,0.000000000
CR-C01-005-A0062,CR-C01-005,DS04,cerro_rojo,CAMPAIGN_01,122.000000000,124.000000000,2.000000000,0.678662535,0.000000000,0.000000000
CR-C01-005-A0063,CR-C01-005,DS04,cerro_rojo,CAMPAIGN_01,124.000000000,126.000000000,2.000000000,0.693890636,0.000000000,0.000000000
CR-C01-005-A0064,CR-C01-005,DS04,cerro_rojo,CAMPAIGN_01,126.000000000,128.000000000,2.000000000,0.666873172,0.000000000,0.000000000
CR-C01-005-A0065,CR-C01-005,DS04,cerro_rojo,CAMPAIGN_01,128.000000000,130.000000000,2.000000000,0.731439757,0.000000000,0.000000000
CR-C01-005-A0066,CR-C01-005,DS04,cerro_rojo,CAMPAIGN_01,130.000000000,132.000000000,2.000000000,0.737302239,0.000000000,0.000000000
CR-C01-005-A0067,CR-C01-005,DS04,cerro_rojo,CAMPAIGN_01,132.000000000,134.000000000,2.000000000,0.698039551,0.000000000,0.000000000
CR-C01-005-A0068,CR-C01-005,DS04,cerro_rojo,CAMPAIGN_01,134.000000000,136.000000000,2.000000000,0.701384330,0.000000000,0.000000000
CR-C01-005-A0069,CR-C01-005,DS04,cerro_rojo,CAMPAIGN_01,136.000000000,138.000000000,2.000000000,0.699731937,0.000000000,0.000000000
CR-C01-005-A0070,CR-C01-005,DS04,cerro_rojo,CAMPAIGN_01,138.000000000,140.000000000,2.000000000,0.775471052,0.000000000,0.000000000
CR-C01-005-A0071,CR-C01-005,DS04,cerro_rojo,CAMPAIGN_01,140.000000000,142.000000000,2.000000000,0.754966867,0.000000000,0.000000000
CR-C01-005-A0072,CR-C01-005,DS04,cerro_rojo,CAMPAIGN_01,142.000000000,144.000000000,2.000000000,0.770440357,0.000000000,0.000000000
CR-C01-005-A0073,CR-C01-005,DS04,cerro_rojo,CAMPAIGN_01,144.000000000,146.000000000,2.000000000,0.739715210,0.000000000,0.000000000
CR-C01-005-A0074,CR-C01-005,DS04,cerro_rojo,CAMPAIGN_01,146.000000000,148.000000000,2.000000000,0.735674613,0.000000000,0.000000000
CR-C01-005-A0075,CR-C01-005,DS04,cerro_rojo,CAMPAIGN_01,148.000000000,150.000000000,2.000000000,0.760726478,0.000000000,0.000000000
CR-C01-005-A0076,CR-C01-005,DS04,cerro_rojo,CAMPAIGN_01,150.000000000,152.000000000,2.000000000,0.786155274,0.000000000,0.000000000
CR-C01-005-A0077,CR-C01-005,DS04,cerro_rojo,CAMPAIGN_01,152.000000000,154.000000000,2.000000000,0.836010667,0.000000000,0.000000000
CR-C01-005-A0078,CR-C01-005,DS04,cerro_rojo,CAMPAIGN_01,154.000000000,156.000000000,2.000000000,0.774712500,0.000000000,0.000000000
CR-C01-005-A0079,CR-C01-005,DS04,cerro_rojo,CAMPAIGN_01,156.000000000,158.000000000,2.000000000,0.765918199,0.000000000,0.000000000
CR-C01-005-A0080,CR-C01-005,DS04,cerro_rojo,CAMPAIGN_01,158.000000000,160.000000000,2.000000000,0.838763919,0.000000000,0.000000000
CR-C01-005-A0081,CR-C01-005,DS04,cerro_rojo,CAMPAIGN_01,160.000000000,162.000000000,2.000000000,0.832508247,0.000000000,0.000000000
CR-C01-005-A0082,CR-C01-005,DS04,cerro_rojo,CAMPAIGN_01,162.000000000,164.000000000,2.000000000,0.796375319,0.000000000,0.000000000
CR-C01-005-A0083,CR-C01-005,DS04,cerro_rojo,CAMPAIGN_01,164.000000000,166.000000000,2.000000000,0.839002650,0.000000000,0.000000000
CR-C01-005-A0084,CR-C01-005,DS04,cerro_rojo,CAMPAIGN_01,166.000000000,168.000000000,2.000000000,0.856329520,0.000000000,0.000000000
CR-C01-005-A0085,CR-C01-005,DS04,cerro_rojo,CAMPAIGN_01,168.000000000,170.000000000,2.000000000,0.835078098,0.000000000,0.000000000
CR-C01-005-A0086,CR-C01-005,DS04,cerro_rojo,CAMPAIGN_01,170.000000000,172.000000000,2.000000000,0.813277318,0.000000000,0.000000000
CR-C01-005-A0087,CR-C01-005,DS04,cerro_rojo,CAMPAIGN_01,172.000000000,174.000000000,2.000000000,0.890430700,0.000000000,0.000000000
CR-C01-005-A0088,CR-C01-005,DS04,cerro_rojo,CAMPAIGN_01,174.000000000,176.000000000,2.000000000,0.856549877,0.000000000,0.000000000
CR-C01-005-A0089,CR-C01-005,DS04,cerro_rojo,CAMPAIGN_01,176.000000000,178.000000000,2.000000000,0.860576645,0.000000000,0.000000000
CR-C01-005-A0090,CR-C01-005,DS04,cerro_rojo,CAMPAIGN_01,178.000000000,180.000000000,2.000000000,0.897631187,0.000000000,0.000000000
CR-C01-005-A0091,CR-C01-005,DS04,cerro_rojo,CAMPAIGN_01,180.000000000,182.000000000,2.000000000,0.842807114,0.000000000,0.000000000
CR-C01-005-A0092,CR-C01-005,DS04,cerro_rojo,CAMPAIGN_01,182.000000000,184.000000000,2.000000000,0.881446621,0.000000000,0.000000000
CR-C01-005-A0093,CR-C01-005,DS04,cerro_rojo,CAMPAIGN_01,184.000000000,186.000000000,2.000000000,0.900013043,0.000000000,0.000000000
CR-C01-005-A0094,CR-C01-005,DS04,cerro_rojo,CAMPAIGN_01,186.000000000,188.000000000,2.000000000,0.804981516,0.000000000,0.000000000
CR-C01-005-A0095,CR-C01-005,DS04,cerro_rojo,CAMPAIGN_01,188.000000000,190.000000000,2.000000000,0.929400666,0.000000000,0.000000000
CR-C01-005-A0096,CR-C01-005,DS04,cerro_rojo,CAMPAIGN_01,190.000000000,192.000000000,2.000000000,0.860928138,0.000000000,0.000000000
CR-C01-005-A0097,CR-C01-005,DS04,cerro_rojo,CAMPAIGN_01,192.000000000,194.000000000,2.000000000,0.901672913,0.000000000,0.000000000
CR-C01-005-A0098,CR-C01-005,DS04,cerro_rojo,CAMPAIGN_01,194.000000000,196.000000000,2.000000000,0.847992206,0.000000000,0.000000000
CR-C01-005-A0099,CR-C01-005,DS04,cerro_rojo,CAMPAIGN_01,196.000000000,198.000000000,2.000000000,0.954593281,0.000000000,0.000000000
CR-C01-005-A0100,CR-C01-005,DS04,cerro_rojo,CAMPAIGN_01,198.000000000,200.000000000,2.000000000,0.843818314,0.000000000,0.000000000
CR-C01-005-A0101,CR-C01-005,DS04,cerro_rojo,CAMPAIGN_01,200.000000000,202.000000000,2.000000000,0.878529786,0.000000000,0.000000000
CR-C01-005-A0102,CR-C01-005,DS04,cerro_rojo,CAMPAIGN_01,202.000000000,204.000000000,2.000000000,0.952265585,0.000000000,0.000000000
CR-C01-005-A0103,CR-C01-005,DS04,cerro_rojo,CAMPAIGN_01,204.000000000,206.000000000,2.000000000,0.892661542,0.000000000,0.000000000
CR-C01-005-A0104,CR-C01-005,DS04,cerro_rojo,CAMPAIGN_01,206.000000000,208.000000000,2.000000000,0.901588135,0.000000000,0.000000000
CR-C01-005-A0105,CR-C01-005,DS04,cerro_rojo,CAMPAIGN_01,208.000000000,210.000000000,2.000000000,0.809852514,0.000000000,0.000000000
CR-C01-005-A0106,CR-C01-005,DS04,cerro_rojo,CAMPAIGN_01,210.000000000,212.000000000,2.000000000,1.002085963,0.000000000,0.000000000
CR-C01-005-A0107,CR-C01-005,DS04,cerro_rojo,CAMPAIGN_01,212.000000000,214.000000000,2.000000000,0.946829685,0.000000000,0.000000000
CR-C01-005-A0108,CR-C01-005,DS04,cerro_rojo,CAMPAIGN_01,214.000000000,216.000000000,2.000000000,0.882636779,0.000000000,0.000000000
CR-C01-005-A0109,CR-C01-005,DS04,cerro_rojo,CAMPAIGN_01,216.000000000,218.000000000,2.000000000,0.897993786,0.000000000,0.000000000
CR-C01-005-A0110,CR-C01-005,DS04,cerro_rojo,CAMPAIGN_01,218.000000000,220.000000000,2.000000000,0.856153024,0.000000000,0.000000000
CR-C01-005-A0111,CR-C01-005,DS04,cerro_rojo,CAMPAIGN_01,220.000000000,222.000000000,2.000000000,0.861969261,0.000000000,0.000000000
CR-C01-005-A0112,CR-C01-005,DS04,cerro_rojo,CAMPAIGN_01,222.000000000,224.000000000,2.000000000,0.923649106,0.000000000,0.000000000
CR-C01-005-A0113,CR-C01-005,DS04,cerro_rojo,CAMPAIGN_01,224.000000000,226.000000000,2.000000000,0.823058553,0.000000000,0.000000000
CR-C01-005-A0114,CR-C01-005,DS04,cerro_rojo,CAMPAIGN_01,226.000000000,228.000000000,2.000000000,0.871188532,0.000000000,0.000000000
CR-C01-005-A0115,CR-C01-005,DS04,cerro_rojo,CAMPAIGN_01,228.000000000,230.000000000,2.000000000,0.892575816,0.000000000,0.000000000
CR-C01-005-A0116,CR-C01-005,DS04,cerro_rojo,CAMPAIGN_01,230.000000000,232.000000000,2.000000000,0.895643870,0.000000000,0.000000000
CR-C01-005-A0117,CR-C01-005,DS04,cerro_rojo,CAMPAIGN_01,232.000000000,234.000000000,2.000000000,0.918300940,0.000000000,0.000000000
CR-C01-005-A0118,CR-C01-005,DS04,cerro_rojo,CAMPAIGN_01,234.000000000,236.000000000,2.000000000,0.888864285,0.000000000,0.000000000
CR-C01-005-A0119,CR-C01-005,DS04,cerro_rojo,CAMPAIGN_01,236.000000000,238.000000000,2.000000000,0.913106684,0.000000000,0.000000000
CR-C01-005-A0120,CR-C01-005,DS04,cerro_rojo,CAMPAIGN_01,238.000000000,240.000000000,2.000000000,0.882062997,0.000000000,0.000000000
CR-C01-005-A0121,CR-C01-005,DS04,cerro_rojo,CAMPAIGN_01,240.000000000,242.000000000,2.000000000,0.929629274,0.000000000,0.000000000
CR-C01-005-A0122,CR-C01-005,DS04,cerro_rojo,CAMPAIGN_01,242.000000000,244.000000000,2.000000000,0.845648148,0.000000000,0.000000000
CR-C01-005-A0123,CR-C01-005,DS04,cerro_rojo,CAMPAIGN_01,244.000000000,246.000000000,2.000000000,0.940367508,0.000000000,0.000000000
CR-C01-005-A0124,CR-C01-005,DS04,cerro_rojo,CAMPAIGN_01,246.000000000,248.000000000,2.000000000,0.944462886,0.000000000,0.000000000
CR-C01-005-A0125,CR-C01-005,DS04,cerro_rojo,CAMPAIGN_01,248.000000000,250.000000000,2.000000000,0.830510793,0.000000000,0.000000000
CR-C01-005-A0126,CR-C01-005,DS04,cerro_rojo,CAMPAIGN_01,250.000000000,252.000000000,2.000000000,0.774965128,0.000000000,0.000000000
CR-C01-005-A0127,CR-C01-005,DS04,cerro_rojo,CAMPAIGN_01,252.000000000,254.000000000,2.000000000,0.832705774,0.000000000,0.000000000
CR-C01-005-A0128,CR-C01-005,DS04,cerro_rojo,CAMPAIGN_01,254.000000000,256.000000000,2.000000000,0.846613571,0.000000000,0.000000000
CR-C01-005-A0129,CR-C01-005,DS04,cerro_rojo,CAMPAIGN_01,256.000000000,258.000000000,2.000000000,0.834814342,0.000000000,0.000000000
CR-C01-005-A0130,CR-C01-005,DS04,cerro_rojo,CAMPAIGN_01,258.000000000,260.000000000,2.000000000,0.837858830,0.000000000,0.000000000
CR-C01-005-A0131,CR-C01-005,DS04,cerro_rojo,CAMPAIGN_01,260.000000000,262.000000000,2.000000000,0.818686059,0.000000000,0.000000000
CR-C01-005-A0132,CR-C01-005,DS04,cerro_rojo,CAMPAIGN_01,262.000000000,264.000000000,2.000000000,0.857468248,0.000000000,0.000000000
CR-C01-005-A0133,CR-C01-005,DS04,cerro_rojo,CAMPAIGN_01,264.000000000,266.000000000,2.000000000,0.800661355,0.000000000,0.000000000
CR-C01-005-A0134,CR-C01-005,DS04,cerro_rojo,CAMPAIGN_01,266.000000000,268.000000000,2.000000000,0.834376387,0.000000000,0.000000000
CR-C01-005-A0135,CR-C01-005,DS04,cerro_rojo,CAMPAIGN_01,268.000000000,270.000000000,2.000000000,0.807909379,0.000000000,0.000000000
CR-C01-005-A0136,CR-C01-005,DS04,cerro_rojo,CAMPAIGN_01,270.000000000,272.000000000,2.000000000,0.836108841,0.000000000,0.000000000
CR-C01-005-A0137,CR-C01-005,DS04,cerro_rojo,CAMPAIGN_01,272.000000000,274.000000000,2.000000000,0.788883849,0.000000000,0.000000000
CR-C01-005-A0138,CR-C01-005,DS04,cerro_rojo,CAMPAIGN_01,274.000000000,276.000000000,2.000000000,0.782213317,0.000000000,0.000000000
CR-C01-005-A0139,CR-C01-005,DS04,cerro_rojo,CAMPAIGN_01,276.000000000,278.000000000,2.000000000,0.829972155,0.000000000,0.000000000
CR-C01-005-A0140,CR-C01-005,DS04,cerro_rojo,CAMPAIGN_01,278.000000000,278.794816981,0.794816981,0.818376057,0.000000000,0.000000000
CR-C01-006-A0001,CR-C01-006,DS04,cerro_rojo,CAMPAIGN_01,0.000000000,2.000000000,2.000000000,0.027010614,0.000000000,0.000000000
CR-C01-006-A0002,CR-C01-006,DS04,cerro_rojo,CAMPAIGN_01,2.000000000,4.000000000,2.000000000,0.022376612,0.000000000,0.000000000
CR-C01-006-A0003,CR-C01-006,DS04,cerro_rojo,CAMPAIGN_01,4.000000000,6.000000000,2.000000000,0.022383512,0.000000000,0.000000000
CR-C01-006-A0004,CR-C01-006,DS04,cerro_rojo,CAMPAIGN_01,6.000000000,8.000000000,2.000000000,0.024209464,0.000000000,0.000000000
CR-C01-006-A0005,CR-C01-006,DS04,cerro_rojo,CAMPAIGN_01,8.000000000,10.000000000,2.000000000,0.023095871,0.000000000,0.000000000
CR-C01-006-A0006,CR-C01-006,DS04,cerro_rojo,CAMPAIGN_01,10.000000000,12.000000000,2.000000000,0.026038507,0.000000000,0.000000000
CR-C01-006-A0007,CR-C01-006,DS04,cerro_rojo,CAMPAIGN_01,12.000000000,14.000000000,2.000000000,0.024836759,0.000000000,0.000000000
CR-C01-006-A0008,CR-C01-006,DS04,cerro_rojo,CAMPAIGN_01,14.000000000,16.000000000,2.000000000,0.022163757,0.000000000,0.000000000
CR-C01-006-A0009,CR-C01-006,DS04,cerro_rojo,CAMPAIGN_01,16.000000000,18.000000000,2.000000000,0.021028392,0.000000000,0.000000000
CR-C01-006-A0010,CR-C01-006,DS04,cerro_rojo,CAMPAIGN_01,18.000000000,20.000000000,2.000000000,0.023564706,0.000000000,0.000000000
CR-C01-006-A0011,CR-C01-006,DS04,cerro_rojo,CAMPAIGN_01,20.000000000,22.000000000,2.000000000,0.022509103,0.000000000,0.000000000
CR-C01-006-A0012,CR-C01-006,DS04,cerro_rojo,CAMPAIGN_01,22.000000000,24.000000000,2.000000000,0.023730006,0.000000000,0.000000000
CR-C01-006-A0013,CR-C01-006,DS04,cerro_rojo,CAMPAIGN_01,24.000000000,26.000000000,2.000000000,0.029201745,0.000000000,0.000000000
CR-C01-006-A0014,CR-C01-006,DS04,cerro_rojo,CAMPAIGN_01,26.000000000,28.000000000,2.000000000,0.023114800,0.000000000,0.000000000
CR-C01-006-A0015,CR-C01-006,DS04,cerro_rojo,CAMPAIGN_01,28.000000000,30.000000000,2.000000000,0.023550867,0.000000000,0.000000000
CR-C01-006-A0016,CR-C01-006,DS04,cerro_rojo,CAMPAIGN_01,30.000000000,32.000000000,2.000000000,0.022651646,0.000000000,0.000000000
CR-C01-006-A0017,CR-C01-006,DS04,cerro_rojo,CAMPAIGN_01,32.000000000,34.000000000,2.000000000,0.024924296,0.000000000,0.000000000
CR-C01-006-A0018,CR-C01-006,DS04,cerro_rojo,CAMPAIGN_01,34.000000000,36.000000000,2.000000000,0.025570673,0.000000000,0.000000000
CR-C01-006-A0019,CR-C01-006,DS04,cerro_rojo,CAMPAIGN_01,36.000000000,38.000000000,2.000000000,0.025431272,0.000000000,0.000000000
CR-C01-006-A0020,CR-C01-006,DS04,cerro_rojo,CAMPAIGN_01,38.000000000,40.000000000,2.000000000,0.022044405,0.000000000,0.000000000
CR-C01-006-A0021,CR-C01-006,DS04,cerro_rojo,CAMPAIGN_01,40.000000000,42.000000000,2.000000000,0.025494107,0.000000000,0.000000000
CR-C01-006-A0022,CR-C01-006,DS04,cerro_rojo,CAMPAIGN_01,42.000000000,44.000000000,2.000000000,0.023489264,0.000000000,0.000000000
CR-C01-006-A0023,CR-C01-006,DS04,cerro_rojo,CAMPAIGN_01,44.000000000,46.000000000,2.000000000,0.023971648,0.000000000,0.000000000
CR-C01-006-A0024,CR-C01-006,DS04,cerro_rojo,CAMPAIGN_01,46.000000000,48.000000000,2.000000000,0.023195651,0.000000000,0.000000000
CR-C01-006-A0025,CR-C01-006,DS04,cerro_rojo,CAMPAIGN_01,48.000000000,50.000000000,2.000000000,0.024317868,0.000000000,0.000000000
CR-C01-006-A0026,CR-C01-006,DS04,cerro_rojo,CAMPAIGN_01,50.000000000,52.000000000,2.000000000,0.028990000,0.000000000,0.000000000
CR-C01-006-A0027,CR-C01-006,DS04,cerro_rojo,CAMPAIGN_01,52.000000000,54.000000000,2.000000000,0.025480936,0.000000000,0.000000000
CR-C01-006-A0028,CR-C01-006,DS04,cerro_rojo,CAMPAIGN_01,54.000000000,56.000000000,2.000000000,0.025167572,0.000000000,0.000000000
CR-C01-006-A0029,CR-C01-006,DS04,cerro_rojo,CAMPAIGN_01,56.000000000,58.000000000,2.000000000,0.024450250,0.000000000,0.000000000
CR-C01-006-A0030,CR-C01-006,DS04,cerro_rojo,CAMPAIGN_01,58.000000000,60.000000000,2.000000000,0.024372779,0.000000000,0.000000000
CR-C01-006-A0031,CR-C01-006,DS04,cerro_rojo,CAMPAIGN_01,60.000000000,62.000000000,2.000000000,0.030747543,0.000000000,0.000000000
CR-C01-006-A0032,CR-C01-006,DS04,cerro_rojo,CAMPAIGN_01,62.000000000,64.000000000,2.000000000,0.027232380,0.000000000,0.000000000
CR-C01-006-A0033,CR-C01-006,DS04,cerro_rojo,CAMPAIGN_01,64.000000000,66.000000000,2.000000000,0.024878780,0.000000000,0.000000000
CR-C01-006-A0034,CR-C01-006,DS04,cerro_rojo,CAMPAIGN_01,66.000000000,68.000000000,2.000000000,0.023709660,0.000000000,0.000000000
CR-C01-006-A0035,CR-C01-006,DS04,cerro_rojo,CAMPAIGN_01,68.000000000,70.000000000,2.000000000,0.027221266,0.000000000,0.000000000
CR-C01-006-A0036,CR-C01-006,DS04,cerro_rojo,CAMPAIGN_01,70.000000000,72.000000000,2.000000000,0.025883853,0.000000000,0.000000000
CR-C01-006-A0037,CR-C01-006,DS04,cerro_rojo,CAMPAIGN_01,72.000000000,74.000000000,2.000000000,0.027731069,0.000000000,0.000000000
CR-C01-006-A0038,CR-C01-006,DS04,cerro_rojo,CAMPAIGN_01,74.000000000,76.000000000,2.000000000,0.029470863,0.000000000,0.000000000
CR-C01-006-A0039,CR-C01-006,DS04,cerro_rojo,CAMPAIGN_01,76.000000000,78.000000000,2.000000000,0.026748458,0.000000000,0.000000000
CR-C01-006-A0040,CR-C01-006,DS04,cerro_rojo,CAMPAIGN_01,78.000000000,80.000000000,2.000000000,0.027370782,0.000000000,0.000000000
CR-C01-006-A0041,CR-C01-006,DS04,cerro_rojo,CAMPAIGN_01,80.000000000,82.000000000,2.000000000,0.026819486,0.000000000,0.000000000
CR-C01-006-A0042,CR-C01-006,DS04,cerro_rojo,CAMPAIGN_01,82.000000000,84.000000000,2.000000000,0.028870515,0.000000000,0.000000000
CR-C01-006-A0043,CR-C01-006,DS04,cerro_rojo,CAMPAIGN_01,84.000000000,86.000000000,2.000000000,0.026984400,0.000000000,0.000000000
CR-C01-006-A0044,CR-C01-006,DS04,cerro_rojo,CAMPAIGN_01,86.000000000,88.000000000,2.000000000,0.029818178,0.000000000,0.000000000
CR-C01-006-A0045,CR-C01-006,DS04,cerro_rojo,CAMPAIGN_01,88.000000000,90.000000000,2.000000000,0.027984951,0.000000000,0.000000000
CR-C01-006-A0046,CR-C01-006,DS04,cerro_rojo,CAMPAIGN_01,90.000000000,92.000000000,2.000000000,0.029223615,0.000000000,0.000000000
CR-C01-006-A0047,CR-C01-006,DS04,cerro_rojo,CAMPAIGN_01,92.000000000,94.000000000,2.000000000,0.032260231,0.000000000,0.000000000
CR-C01-006-A0048,CR-C01-006,DS04,cerro_rojo,CAMPAIGN_01,94.000000000,96.000000000,2.000000000,0.030079975,0.000000000,0.000000000
CR-C01-006-A0049,CR-C01-006,DS04,cerro_rojo,CAMPAIGN_01,96.000000000,98.000000000,2.000000000,0.028542304,0.000000000,0.000000000
CR-C01-006-A0050,CR-C01-006,DS04,cerro_rojo,CAMPAIGN_01,98.000000000,100.000000000,2.000000000,0.034102464,0.000000000,0.000000000
CR-C01-006-A0051,CR-C01-006,DS04,cerro_rojo,CAMPAIGN_01,100.000000000,102.000000000,2.000000000,0.034053418,0.000000000,0.000000000
CR-C01-006-A0052,CR-C01-006,DS04,cerro_rojo,CAMPAIGN_01,102.000000000,104.000000000,2.000000000,0.031533602,0.000000000,0.000000000
CR-C01-006-A0053,CR-C01-006,DS04,cerro_rojo,CAMPAIGN_01,104.000000000,106.000000000,2.000000000,0.033909066,0.000000000,0.000000000
CR-C01-006-A0054,CR-C01-006,DS04,cerro_rojo,CAMPAIGN_01,106.000000000,108.000000000,2.000000000,0.034856955,0.000000000,0.000000000
CR-C01-006-A0055,CR-C01-006,DS04,cerro_rojo,CAMPAIGN_01,108.000000000,110.000000000,2.000000000,0.033605033,0.000000000,0.000000000
CR-C01-006-A0056,CR-C01-006,DS04,cerro_rojo,CAMPAIGN_01,110.000000000,112.000000000,2.000000000,0.032987732,0.000000000,0.000000000
CR-C01-006-A0057,CR-C01-006,DS04,cerro_rojo,CAMPAIGN_01,112.000000000,114.000000000,2.000000000,0.037779072,0.000000000,0.000000000
CR-C01-006-A0058,CR-C01-006,DS04,cerro_rojo,CAMPAIGN_01,114.000000000,116.000000000,2.000000000,0.030723557,0.000000000,0.000000000
CR-C01-006-A0059,CR-C01-006,DS04,cerro_rojo,CAMPAIGN_01,116.000000000,118.000000000,2.000000000,0.036691869,0.000000000,0.000000000
CR-C01-006-A0060,CR-C01-006,DS04,cerro_rojo,CAMPAIGN_01,118.000000000,120.000000000,2.000000000,0.033637375,0.000000000,0.000000000
CR-C01-006-A0061,CR-C01-006,DS04,cerro_rojo,CAMPAIGN_01,120.000000000,122.000000000,2.000000000,0.035512319,0.000000000,0.000000000
CR-C01-006-A0062,CR-C01-006,DS04,cerro_rojo,CAMPAIGN_01,122.000000000,124.000000000,2.000000000,0.037749871,0.000000000,0.000000000
CR-C01-006-A0063,CR-C01-006,DS04,cerro_rojo,CAMPAIGN_01,124.000000000,126.000000000,2.000000000,0.037261673,0.000000000,0.000000000
CR-C01-006-A0064,CR-C01-006,DS04,cerro_rojo,CAMPAIGN_01,126.000000000,128.000000000,2.000000000,0.034688412,0.000000000,0.000000000
CR-C01-006-A0065,CR-C01-006,DS04,cerro_rojo,CAMPAIGN_01,128.000000000,130.000000000,2.000000000,0.039142123,0.000000000,0.000000000
CR-C01-006-A0066,CR-C01-006,DS04,cerro_rojo,CAMPAIGN_01,130.000000000,132.000000000,2.000000000,0.037899364,0.000000000,0.000000000
CR-C01-006-A0067,CR-C01-006,DS04,cerro_rojo,CAMPAIGN_01,132.000000000,134.000000000,2.000000000,0.040982346,0.000000000,0.000000000
CR-C01-006-A0068,CR-C01-006,DS04,cerro_rojo,CAMPAIGN_01,134.000000000,136.000000000,2.000000000,0.037465695,0.000000000,0.000000000
CR-C01-006-A0069,CR-C01-006,DS04,cerro_rojo,CAMPAIGN_01,136.000000000,138.000000000,2.000000000,0.040006525,0.000000000,0.000000000
CR-C01-006-A0070,CR-C01-006,DS04,cerro_rojo,CAMPAIGN_01,138.000000000,140.000000000,2.000000000,0.040500929,0.000000000,0.000000000
CR-C01-006-A0071,CR-C01-006,DS04,cerro_rojo,CAMPAIGN_01,140.000000000,142.000000000,2.000000000,0.039572234,0.000000000,0.000000000
CR-C01-006-A0072,CR-C01-006,DS04,cerro_rojo,CAMPAIGN_01,142.000000000,144.000000000,2.000000000,0.043177613,0.000000000,0.000000000
CR-C01-006-A0073,CR-C01-006,DS04,cerro_rojo,CAMPAIGN_01,144.000000000,146.000000000,2.000000000,0.043694069,0.000000000,0.000000000
CR-C01-006-A0074,CR-C01-006,DS04,cerro_rojo,CAMPAIGN_01,146.000000000,148.000000000,2.000000000,0.042392139,0.000000000,0.000000000
CR-C01-006-A0075,CR-C01-006,DS04,cerro_rojo,CAMPAIGN_01,148.000000000,150.000000000,2.000000000,0.047602180,0.000000000,0.000000000
CR-C01-006-A0076,CR-C01-006,DS04,cerro_rojo,CAMPAIGN_01,150.000000000,152.000000000,2.000000000,0.052526777,0.000000000,0.000000000
CR-C01-006-A0077,CR-C01-006,DS04,cerro_rojo,CAMPAIGN_01,152.000000000,154.000000000,2.000000000,0.048335115,0.000000000,0.000000000
CR-C01-006-A0078,CR-C01-006,DS04,cerro_rojo,CAMPAIGN_01,154.000000000,156.000000000,2.000000000,0.048014007,0.000000000,0.000000000
CR-C01-006-A0079,CR-C01-006,DS04,cerro_rojo,CAMPAIGN_01,156.000000000,158.000000000,2.000000000,0.046023297,0.000000000,0.000000000
CR-C01-006-A0080,CR-C01-006,DS04,cerro_rojo,CAMPAIGN_01,158.000000000,160.000000000,2.000000000,0.050187141,0.000000000,0.000000000
CR-C01-006-A0081,CR-C01-006,DS04,cerro_rojo,CAMPAIGN_01,160.000000000,162.000000000,2.000000000,0.050177300,0.000000000,0.000000000
CR-C01-006-A0082,CR-C01-006,DS04,cerro_rojo,CAMPAIGN_01,162.000000000,164.000000000,2.000000000,0.047467968,0.000000000,0.000000000
CR-C01-006-A0083,CR-C01-006,DS04,cerro_rojo,CAMPAIGN_01,164.000000000,166.000000000,2.000000000,0.048109927,0.000000000,0.000000000
CR-C01-006-A0084,CR-C01-006,DS04,cerro_rojo,CAMPAIGN_01,166.000000000,168.000000000,2.000000000,0.049349256,0.000000000,0.000000000
CR-C01-006-A0085,CR-C01-006,DS04,cerro_rojo,CAMPAIGN_01,168.000000000,170.000000000,2.000000000,0.055075158,0.000000000,0.000000000
CR-C01-006-A0086,CR-C01-006,DS04,cerro_rojo,CAMPAIGN_01,170.000000000,172.000000000,2.000000000,0.056160567,0.000000000,0.000000000
CR-C01-006-A0087,CR-C01-006,DS04,cerro_rojo,CAMPAIGN_01,172.000000000,174.000000000,2.000000000,0.054693073,0.000000000,0.000000000
CR-C01-006-A0088,CR-C01-006,DS04,cerro_rojo,CAMPAIGN_01,174.000000000,176.000000000,2.000000000,0.055222928,0.000000000,0.000000000
CR-C01-006-A0089,CR-C01-006,DS04,cerro_rojo,CAMPAIGN_01,176.000000000,178.000000000,2.000000000,0.057538098,0.000000000,0.000000000
CR-C01-006-A0090,CR-C01-006,DS04,cerro_rojo,CAMPAIGN_01,178.000000000,180.000000000,2.000000000,0.053874467,0.000000000,0.000000000
CR-C01-006-A0091,CR-C01-006,DS04,cerro_rojo,CAMPAIGN_01,180.000000000,182.000000000,2.000000000,0.054808968,0.000000000,0.000000000
CR-C01-006-A0092,CR-C01-006,DS04,cerro_rojo,CAMPAIGN_01,182.000000000,184.000000000,2.000000000,0.061561647,0.000000000,0.000000000
CR-C01-006-A0093,CR-C01-006,DS04,cerro_rojo,CAMPAIGN_01,184.000000000,186.000000000,2.000000000,0.061094117,0.000000000,0.000000000
CR-C01-006-A0094,CR-C01-006,DS04,cerro_rojo,CAMPAIGN_01,186.000000000,188.000000000,2.000000000,0.057832594,0.000000000,0.000000000
CR-C01-006-A0095,CR-C01-006,DS04,cerro_rojo,CAMPAIGN_01,188.000000000,190.000000000,2.000000000,0.059483030,0.000000000,0.000000000
CR-C01-006-A0096,CR-C01-006,DS04,cerro_rojo,CAMPAIGN_01,190.000000000,192.000000000,2.000000000,0.070988012,0.000000000,0.000000000
CR-C01-006-A0097,CR-C01-006,DS04,cerro_rojo,CAMPAIGN_01,192.000000000,194.000000000,2.000000000,0.064448293,0.000000000,0.000000000
CR-C01-006-A0098,CR-C01-006,DS04,cerro_rojo,CAMPAIGN_01,194.000000000,196.000000000,2.000000000,0.065233000,0.000000000,0.000000000
CR-C01-006-A0099,CR-C01-006,DS04,cerro_rojo,CAMPAIGN_01,196.000000000,198.000000000,2.000000000,0.068788253,0.000000000,0.000000000
CR-C01-006-A0100,CR-C01-006,DS04,cerro_rojo,CAMPAIGN_01,198.000000000,200.000000000,2.000000000,0.062681415,0.000000000,0.000000000
CR-C01-006-A0101,CR-C01-006,DS04,cerro_rojo,CAMPAIGN_01,200.000000000,202.000000000,2.000000000,0.069465495,0.000000000,0.000000000
CR-C01-006-A0102,CR-C01-006,DS04,cerro_rojo,CAMPAIGN_01,202.000000000,204.000000000,2.000000000,0.069884973,0.000000000,0.000000000
CR-C01-006-A0103,CR-C01-006,DS04,cerro_rojo,CAMPAIGN_01,204.000000000,206.000000000,2.000000000,0.073094544,0.000000000,0.000000000
CR-C01-006-A0104,CR-C01-006,DS04,cerro_rojo,CAMPAIGN_01,206.000000000,208.000000000,2.000000000,0.072439634,0.000000000,0.000000000
CR-C01-006-A0105,CR-C01-006,DS04,cerro_rojo,CAMPAIGN_01,208.000000000,210.000000000,2.000000000,0.071542419,0.000000000,0.000000000
CR-C01-006-A0106,CR-C01-006,DS04,cerro_rojo,CAMPAIGN_01,210.000000000,212.000000000,2.000000000,0.071446923,0.000000000,0.000000000
CR-C01-006-A0107,CR-C01-006,DS04,cerro_rojo,CAMPAIGN_01,212.000000000,214.000000000,2.000000000,0.075339442,0.000000000,0.000000000
CR-C01-006-A0108,CR-C01-006,DS04,cerro_rojo,CAMPAIGN_01,214.000000000,216.000000000,2.000000000,0.069532858,0.000000000,0.000000000
CR-C01-006-A0109,CR-C01-006,DS04,cerro_rojo,CAMPAIGN_01,216.000000000,218.000000000,2.000000000,0.082953434,0.000000000,0.000000000
CR-C01-006-A0110,CR-C01-006,DS04,cerro_rojo,CAMPAIGN_01,218.000000000,220.000000000,2.000000000,0.078785101,0.000000000,0.000000000
CR-C01-006-A0111,CR-C01-006,DS04,cerro_rojo,CAMPAIGN_01,220.000000000,222.000000000,2.000000000,0.080251545,0.000000000,0.000000000
CR-C01-006-A0112,CR-C01-006,DS04,cerro_rojo,CAMPAIGN_01,222.000000000,224.000000000,2.000000000,0.083036062,0.000000000,0.000000000
CR-C01-006-A0113,CR-C01-006,DS04,cerro_rojo,CAMPAIGN_01,224.000000000,226.000000000,2.000000000,0.078185821,0.000000000,0.000000000
CR-C01-006-A0114,CR-C01-006,DS04,cerro_rojo,CAMPAIGN_01,226.000000000,228.000000000,2.000000000,0.080295416,0.000000000,0.000000000
CR-C01-006-A0115,CR-C01-006,DS04,cerro_rojo,CAMPAIGN_01,228.000000000,230.000000000,2.000000000,0.085711141,0.000000000,0.000000000
CR-C01-006-A0116,CR-C01-006,DS04,cerro_rojo,CAMPAIGN_01,230.000000000,232.000000000,2.000000000,0.082875842,0.000000000,0.000000000
CR-C01-006-A0117,CR-C01-006,DS04,cerro_rojo,CAMPAIGN_01,232.000000000,234.000000000,2.000000000,0.089959490,0.000000000,0.000000000
CR-C01-006-A0118,CR-C01-006,DS04,cerro_rojo,CAMPAIGN_01,234.000000000,236.000000000,2.000000000,0.089576353,0.000000000,0.000000000
CR-C01-006-A0119,CR-C01-006,DS04,cerro_rojo,CAMPAIGN_01,236.000000000,238.000000000,2.000000000,0.086702439,0.000000000,0.000000000
CR-C01-006-A0120,CR-C01-006,DS04,cerro_rojo,CAMPAIGN_01,238.000000000,240.000000000,2.000000000,0.087403626,0.000000000,0.000000000
CR-C01-006-A0121,CR-C01-006,DS04,cerro_rojo,CAMPAIGN_01,240.000000000,242.000000000,2.000000000,0.087699755,0.000000000,0.000000000
CR-C01-006-A0122,CR-C01-006,DS04,cerro_rojo,CAMPAIGN_01,242.000000000,244.000000000,2.000000000,0.093307547,0.000000000,0.000000000
CR-C01-006-A0123,CR-C01-006,DS04,cerro_rojo,CAMPAIGN_01,244.000000000,246.000000000,2.000000000,0.092654206,0.000000000,0.000000000
CR-C01-006-A0124,CR-C01-006,DS04,cerro_rojo,CAMPAIGN_01,246.000000000,248.000000000,2.000000000,0.100204649,0.000000000,0.000000000
CR-C01-006-A0125,CR-C01-006,DS04,cerro_rojo,CAMPAIGN_01,248.000000000,250.000000000,2.000000000,0.097082585,0.000000000,0.000000000
CR-C01-006-A0126,CR-C01-006,DS04,cerro_rojo,CAMPAIGN_01,250.000000000,252.000000000,2.000000000,0.095745601,0.000000000,0.000000000
CR-C01-006-A0127,CR-C01-006,DS04,cerro_rojo,CAMPAIGN_01,252.000000000,254.000000000,2.000000000,0.093295198,0.000000000,0.000000000
CR-C01-006-A0128,CR-C01-006,DS04,cerro_rojo,CAMPAIGN_01,254.000000000,256.000000000,2.000000000,0.101731228,0.000000000,0.000000000
CR-C01-006-A0129,CR-C01-006,DS04,cerro_rojo,CAMPAIGN_01,256.000000000,258.000000000,2.000000000,0.103509105,0.000000000,0.000000000
CR-C01-006-A0130,CR-C01-006,DS04,cerro_rojo,CAMPAIGN_01,258.000000000,260.000000000,2.000000000,0.099892839,0.000000000,0.000000000
CR-C01-006-A0131,CR-C01-006,DS04,cerro_rojo,CAMPAIGN_01,260.000000000,262.000000000,2.000000000,0.106723183,0.000000000,0.000000000
CR-C01-006-A0132,CR-C01-006,DS04,cerro_rojo,CAMPAIGN_01,262.000000000,264.000000000,2.000000000,0.112796018,0.000000000,0.000000000
CR-C01-006-A0133,CR-C01-006,DS04,cerro_rojo,CAMPAIGN_01,264.000000000,266.000000000,2.000000000,0.105612378,0.000000000,0.000000000
CR-C01-006-A0134,CR-C01-006,DS04,cerro_rojo,CAMPAIGN_01,266.000000000,268.000000000,2.000000000,0.106974250,0.000000000,0.000000000
CR-C01-006-A0135,CR-C01-006,DS04,cerro_rojo,CAMPAIGN_01,268.000000000,270.000000000,2.000000000,0.107082255,0.000000000,0.000000000
CR-C01-006-A0136,CR-C01-006,DS04,cerro_rojo,CAMPAIGN_01,270.000000000,272.000000000,2.000000000,0.111618316,0.000000000,0.000000000
CR-C01-006-A0137,CR-C01-006,DS04,cerro_rojo,CAMPAIGN_01,272.000000000,274.000000000,2.000000000,0.123087065,0.000000000,0.000000000
CR-C01-006-A0138,CR-C01-006,DS04,cerro_rojo,CAMPAIGN_01,274.000000000,276.000000000,2.000000000,0.110115120,0.000000000,0.000000000
CR-C01-006-A0139,CR-C01-006,DS04,cerro_rojo,CAMPAIGN_01,276.000000000,278.000000000,2.000000000,0.112717557,0.000000000,0.000000000
CR-C01-006-A0140,CR-C01-006,DS04,cerro_rojo,CAMPAIGN_01,278.000000000,280.000000000,2.000000000,0.112677945,0.000000000,0.000000000
CR-C01-006-A0141,CR-C01-006,DS04,cerro_rojo,CAMPAIGN_01,280.000000000,282.000000000,2.000000000,0.120694924,0.000000000,0.000000000
CR-C01-006-A0142,CR-C01-006,DS04,cerro_rojo,CAMPAIGN_01,282.000000000,284.000000000,2.000000000,0.118484043,0.000000000,0.000000000
CR-C01-006-A0143,CR-C01-006,DS04,cerro_rojo,CAMPAIGN_01,284.000000000,286.000000000,2.000000000,0.111859880,0.000000000,0.000000000
CR-C01-006-A0144,CR-C01-006,DS04,cerro_rojo,CAMPAIGN_01,286.000000000,288.000000000,2.000000000,0.116607778,0.000000000,0.000000000
CR-C01-006-A0145,CR-C01-006,DS04,cerro_rojo,CAMPAIGN_01,288.000000000,290.000000000,2.000000000,0.115247228,0.000000000,0.000000000
CR-C01-006-A0146,CR-C01-006,DS04,cerro_rojo,CAMPAIGN_01,290.000000000,292.000000000,2.000000000,0.122511078,0.000000000,0.000000000
CR-C01-006-A0147,CR-C01-006,DS04,cerro_rojo,CAMPAIGN_01,292.000000000,294.000000000,2.000000000,0.117749371,0.000000000,0.000000000
CR-C01-006-A0148,CR-C01-006,DS04,cerro_rojo,CAMPAIGN_01,294.000000000,296.000000000,2.000000000,0.121818330,0.000000000,0.000000000
CR-C01-006-A0149,CR-C01-006,DS04,cerro_rojo,CAMPAIGN_01,296.000000000,298.000000000,2.000000000,0.120718971,0.000000000,0.000000000
CR-C01-006-A0150,CR-C01-006,DS04,cerro_rojo,CAMPAIGN_01,298.000000000,300.000000000,2.000000000,0.125246095,0.000000000,0.000000000
CR-C01-006-A0151,CR-C01-006,DS04,cerro_rojo,CAMPAIGN_01,300.000000000,302.000000000,2.000000000,0.126525920,0.000000000,0.000000000
CR-C01-006-A0152,CR-C01-006,DS04,cerro_rojo,CAMPAIGN_01,302.000000000,304.000000000,2.000000000,0.126118568,0.000000000,0.000000000
CR-C01-006-A0153,CR-C01-006,DS04,cerro_rojo,CAMPAIGN_01,304.000000000,306.000000000,2.000000000,0.130407362,0.000000000,0.000000000
CR-C01-006-A0154,CR-C01-006,DS04,cerro_rojo,CAMPAIGN_01,306.000000000,308.000000000,2.000000000,0.124683821,0.000000000,0.000000000
CR-C01-006-A0155,CR-C01-006,DS04,cerro_rojo,CAMPAIGN_01,308.000000000,310.000000000,2.000000000,0.131293969,0.000000000,0.000000000
CR-C01-006-A0156,CR-C01-006,DS04,cerro_rojo,CAMPAIGN_01,310.000000000,312.000000000,2.000000000,0.133020355,0.000000000,0.000000000
CR-C01-006-A0157,CR-C01-006,DS04,cerro_rojo,CAMPAIGN_01,312.000000000,314.000000000,2.000000000,0.127799657,0.000000000,0.000000000
CR-C01-006-A0158,CR-C01-006,DS04,cerro_rojo,CAMPAIGN_01,314.000000000,316.000000000,2.000000000,0.132482361,0.000000000,0.000000000
CR-C01-006-A0159,CR-C01-006,DS04,cerro_rojo,CAMPAIGN_01,316.000000000,318.000000000,2.000000000,0.131916991,0.000000000,0.000000000
CR-C01-006-A0160,CR-C01-006,DS04,cerro_rojo,CAMPAIGN_01,318.000000000,320.000000000,2.000000000,0.120504863,0.000000000,0.000000000
CR-C01-006-A0161,CR-C01-006,DS04,cerro_rojo,CAMPAIGN_01,320.000000000,322.000000000,2.000000000,0.134473205,0.000000000,0.000000000
CR-C01-006-A0162,CR-C01-006,DS04,cerro_rojo,CAMPAIGN_01,322.000000000,324.000000000,2.000000000,0.133491491,0.000000000,0.000000000
CR-C01-006-A0163,CR-C01-006,DS04,cerro_rojo,CAMPAIGN_01,324.000000000,326.000000000,2.000000000,0.125889541,0.000000000,0.000000000
CR-C01-006-A0164,CR-C01-006,DS04,cerro_rojo,CAMPAIGN_01,326.000000000,328.000000000,2.000000000,0.133271298,0.000000000,0.000000000
CR-C01-006-A0165,CR-C01-006,DS04,cerro_rojo,CAMPAIGN_01,328.000000000,330.000000000,2.000000000,0.134390521,0.000000000,0.000000000
CR-C01-006-A0166,CR-C01-006,DS04,cerro_rojo,CAMPAIGN_01,330.000000000,332.000000000,2.000000000,0.142699089,0.000000000,0.000000000
CR-C01-006-A0167,CR-C01-006,DS04,cerro_rojo,CAMPAIGN_01,332.000000000,334.000000000,2.000000000,0.130276106,0.000000000,0.000000000
CR-C01-006-A0168,CR-C01-006,DS04,cerro_rojo,CAMPAIGN_01,334.000000000,336.000000000,2.000000000,0.137218306,0.000000000,0.000000000
CR-C01-006-A0169,CR-C01-006,DS04,cerro_rojo,CAMPAIGN_01,336.000000000,338.000000000,2.000000000,0.124875980,0.000000000,0.000000000
CR-C01-006-A0170,CR-C01-006,DS04,cerro_rojo,CAMPAIGN_01,338.000000000,340.000000000,2.000000000,0.137668381,0.000000000,0.000000000
CR-C01-006-A0171,CR-C01-006,DS04,cerro_rojo,CAMPAIGN_01,340.000000000,342.000000000,2.000000000,0.133605480,0.000000000,0.000000000
CR-C01-006-A0172,CR-C01-006,DS04,cerro_rojo,CAMPAIGN_01,342.000000000,344.000000000,2.000000000,0.135215400,0.000000000,0.000000000
CR-C01-006-A0173,CR-C01-006,DS04,cerro_rojo,CAMPAIGN_01,344.000000000,346.000000000,2.000000000,0.131146682,0.000000000,0.000000000
CR-C01-006-A0174,CR-C01-006,DS04,cerro_rojo,CAMPAIGN_01,346.000000000,348.000000000,2.000000000,0.136987909,0.000000000,0.000000000
CR-C01-006-A0175,CR-C01-006,DS04,cerro_rojo,CAMPAIGN_01,348.000000000,350.000000000,2.000000000,0.125317809,0.000000000,0.000000000
CR-C01-006-A0176,CR-C01-006,DS04,cerro_rojo,CAMPAIGN_01,350.000000000,352.000000000,2.000000000,0.135106963,0.000000000,0.000000000
CR-C01-006-A0177,CR-C01-006,DS04,cerro_rojo,CAMPAIGN_01,352.000000000,354.000000000,2.000000000,0.128272873,0.000000000,0.000000000
CR-C01-006-A0178,CR-C01-006,DS04,cerro_rojo,CAMPAIGN_01,354.000000000,356.000000000,2.000000000,0.134378857,0.000000000,0.000000000
CR-C01-006-A0179,CR-C01-006,DS04,cerro_rojo,CAMPAIGN_01,356.000000000,356.050936441,0.050936441,0.141122169,0.000000000,0.000000000
CR-C01-007-A0001,CR-C01-007,DS04,cerro_rojo,CAMPAIGN_01,0.000000000,2.000000000,2.000000000,0.027273916,0.000000000,0.000000000
CR-C01-007-A0002,CR-C01-007,DS04,cerro_rojo,CAMPAIGN_01,2.000000000,4.000000000,2.000000000,0.024217797,0.000000000,0.000000000
CR-C01-007-A0003,CR-C01-007,DS04,cerro_rojo,CAMPAIGN_01,4.000000000,6.000000000,2.000000000,0.027466429,0.000000000,0.000000000
CR-C01-007-A0004,CR-C01-007,DS04,cerro_rojo,CAMPAIGN_01,6.000000000,8.000000000,2.000000000,0.030392633,0.000000000,0.000000000
CR-C01-007-A0005,CR-C01-007,DS04,cerro_rojo,CAMPAIGN_01,8.000000000,10.000000000,2.000000000,0.024394072,0.000000000,0.000000000
CR-C01-007-A0006,CR-C01-007,DS04,cerro_rojo,CAMPAIGN_01,10.000000000,12.000000000,2.000000000,0.026922399,0.000000000,0.000000000
CR-C01-007-A0007,CR-C01-007,DS04,cerro_rojo,CAMPAIGN_01,12.000000000,14.000000000,2.000000000,0.026529718,0.000000000,0.000000000
CR-C01-007-A0008,CR-C01-007,DS04,cerro_rojo,CAMPAIGN_01,14.000000000,16.000000000,2.000000000,0.028376465,0.000000000,0.000000000
CR-C01-007-A0009,CR-C01-007,DS04,cerro_rojo,CAMPAIGN_01,16.000000000,18.000000000,2.000000000,0.025769679,0.000000000,0.000000000
CR-C01-007-A0010,CR-C01-007,DS04,cerro_rojo,CAMPAIGN_01,18.000000000,20.000000000,2.000000000,0.025788555,0.000000000,0.000000000
CR-C01-007-A0011,CR-C01-007,DS04,cerro_rojo,CAMPAIGN_01,20.000000000,22.000000000,2.000000000,0.027255527,0.000000000,0.000000000
CR-C01-007-A0012,CR-C01-007,DS04,cerro_rojo,CAMPAIGN_01,22.000000000,24.000000000,2.000000000,0.030498575,0.000000000,0.000000000
CR-C01-007-A0013,CR-C01-007,DS04,cerro_rojo,CAMPAIGN_01,24.000000000,26.000000000,2.000000000,0.028061920,0.000000000,0.000000000
CR-C01-007-A0014,CR-C01-007,DS04,cerro_rojo,CAMPAIGN_01,26.000000000,28.000000000,2.000000000,0.028542009,0.000000000,0.000000000
CR-C01-007-A0015,CR-C01-007,DS04,cerro_rojo,CAMPAIGN_01,28.000000000,30.000000000,2.000000000,0.029627255,0.000000000,0.000000000
CR-C01-007-A0016,CR-C01-007,DS04,cerro_rojo,CAMPAIGN_01,30.000000000,32.000000000,2.000000000,0.032006097,0.000000000,0.000000000
CR-C01-007-A0017,CR-C01-007,DS04,cerro_rojo,CAMPAIGN_01,32.000000000,34.000000000,2.000000000,0.027513581,0.000000000,0.000000000
CR-C01-007-A0018,CR-C01-007,DS04,cerro_rojo,CAMPAIGN_01,34.000000000,36.000000000,2.000000000,0.028673978,0.000000000,0.000000000
CR-C01-007-A0019,CR-C01-007,DS04,cerro_rojo,CAMPAIGN_01,36.000000000,38.000000000,2.000000000,0.029313891,0.000000000,0.000000000
CR-C01-007-A0020,CR-C01-007,DS04,cerro_rojo,CAMPAIGN_01,38.000000000,40.000000000,2.000000000,0.032066062,0.000000000,0.000000000
CR-C01-007-A0021,CR-C01-007,DS04,cerro_rojo,CAMPAIGN_01,40.000000000,42.000000000,2.000000000,0.030043186,0.000000000,0.000000000
CR-C01-007-A0022,CR-C01-007,DS04,cerro_rojo,CAMPAIGN_01,42.000000000,44.000000000,2.000000000,0.030319371,0.000000000,0.000000000
CR-C01-007-A0023,CR-C01-007,DS04,cerro_rojo,CAMPAIGN_01,44.000000000,46.000000000,2.000000000,0.034580640,0.000000000,0.000000000
CR-C01-007-A0024,CR-C01-007,DS04,cerro_rojo,CAMPAIGN_01,46.000000000,48.000000000,2.000000000,0.032556423,0.000000000,0.000000000
CR-C01-007-A0025,CR-C01-007,DS04,cerro_rojo,CAMPAIGN_01,48.000000000,50.000000000,2.000000000,0.029744040,0.000000000,0.000000000
CR-C01-007-A0026,CR-C01-007,DS04,cerro_rojo,CAMPAIGN_01,50.000000000,52.000000000,2.000000000,0.035102198,0.000000000,0.000000000
CR-C01-007-A0027,CR-C01-007,DS04,cerro_rojo,CAMPAIGN_01,52.000000000,54.000000000,2.000000000,0.031948265,0.000000000,0.000000000
CR-C01-007-A0028,CR-C01-007,DS04,cerro_rojo,CAMPAIGN_01,54.000000000,56.000000000,2.000000000,0.029758923,0.000000000,0.000000000
CR-C01-007-A0029,CR-C01-007,DS04,cerro_rojo,CAMPAIGN_01,56.000000000,58.000000000,2.000000000,0.030925888,0.000000000,0.000000000
CR-C01-007-A0030,CR-C01-007,DS04,cerro_rojo,CAMPAIGN_01,58.000000000,60.000000000,2.000000000,0.032118290,0.000000000,0.000000000
CR-C01-007-A0031,CR-C01-007,DS04,cerro_rojo,CAMPAIGN_01,60.000000000,62.000000000,2.000000000,0.031416699,0.000000000,0.000000000
CR-C01-007-A0032,CR-C01-007,DS04,cerro_rojo,CAMPAIGN_01,62.000000000,64.000000000,2.000000000,0.033313583,0.000000000,0.000000000
CR-C01-007-A0033,CR-C01-007,DS04,cerro_rojo,CAMPAIGN_01,64.000000000,66.000000000,2.000000000,0.034625597,0.000000000,0.000000000
CR-C01-007-A0034,CR-C01-007,DS04,cerro_rojo,CAMPAIGN_01,66.000000000,68.000000000,2.000000000,0.032117109,0.000000000,0.000000000
CR-C01-007-A0035,CR-C01-007,DS04,cerro_rojo,CAMPAIGN_01,68.000000000,70.000000000,2.000000000,0.034460451,0.000000000,0.000000000
CR-C01-007-A0036,CR-C01-007,DS04,cerro_rojo,CAMPAIGN_01,70.000000000,72.000000000,2.000000000,0.031151237,0.000000000,0.000000000
CR-C01-007-A0037,CR-C01-007,DS04,cerro_rojo,CAMPAIGN_01,72.000000000,74.000000000,2.000000000,0.035915258,0.000000000,0.000000000
CR-C01-007-A0038,CR-C01-007,DS04,cerro_rojo,CAMPAIGN_01,74.000000000,76.000000000,2.000000000,0.034754198,0.000000000,0.000000000
CR-C01-007-A0039,CR-C01-007,DS04,cerro_rojo,CAMPAIGN_01,76.000000000,78.000000000,2.000000000,0.033933856,0.000000000,0.000000000
CR-C01-007-A0040,CR-C01-007,DS04,cerro_rojo,CAMPAIGN_01,78.000000000,80.000000000,2.000000000,0.035162709,0.000000000,0.000000000
CR-C01-007-A0041,CR-C01-007,DS04,cerro_rojo,CAMPAIGN_01,80.000000000,82.000000000,2.000000000,0.030898127,0.000000000,0.000000000
CR-C01-007-A0042,CR-C01-007,DS04,cerro_rojo,CAMPAIGN_01,82.000000000,84.000000000,2.000000000,0.038147852,0.000000000,0.000000000
CR-C01-007-A0043,CR-C01-007,DS04,cerro_rojo,CAMPAIGN_01,84.000000000,86.000000000,2.000000000,0.034677326,0.000000000,0.000000000
CR-C01-007-A0044,CR-C01-007,DS04,cerro_rojo,CAMPAIGN_01,86.000000000,88.000000000,2.000000000,0.033999523,0.000000000,0.000000000
CR-C01-007-A0045,CR-C01-007,DS04,cerro_rojo,CAMPAIGN_01,88.000000000,90.000000000,2.000000000,0.035939746,0.000000000,0.000000000
CR-C01-007-A0046,CR-C01-007,DS04,cerro_rojo,CAMPAIGN_01,90.000000000,92.000000000,2.000000000,0.037314122,0.000000000,0.000000000
CR-C01-007-A0047,CR-C01-007,DS04,cerro_rojo,CAMPAIGN_01,92.000000000,94.000000000,2.000000000,0.035316324,0.000000000,0.000000000
CR-C01-007-A0048,CR-C01-007,DS04,cerro_rojo,CAMPAIGN_01,94.000000000,96.000000000,2.000000000,0.040675171,0.000000000,0.000000000
CR-C01-007-A0049,CR-C01-007,DS04,cerro_rojo,CAMPAIGN_01,96.000000000,98.000000000,2.000000000,0.037174503,0.000000000,0.000000000
CR-C01-007-A0050,CR-C01-007,DS04,cerro_rojo,CAMPAIGN_01,98.000000000,100.000000000,2.000000000,0.036296567,0.000000000,0.000000000
CR-C01-007-A0051,CR-C01-007,DS04,cerro_rojo,CAMPAIGN_01,100.000000000,102.000000000,2.000000000,0.038160837,0.000000000,0.000000000
CR-C01-007-A0052,CR-C01-007,DS04,cerro_rojo,CAMPAIGN_01,102.000000000,104.000000000,2.000000000,0.039379760,0.000000000,0.000000000
CR-C01-007-A0053,CR-C01-007,DS04,cerro_rojo,CAMPAIGN_01,104.000000000,106.000000000,2.000000000,0.039713647,0.000000000,0.000000000
CR-C01-007-A0054,CR-C01-007,DS04,cerro_rojo,CAMPAIGN_01,106.000000000,108.000000000,2.000000000,0.040311162,0.000000000,0.000000000
CR-C01-007-A0055,CR-C01-007,DS04,cerro_rojo,CAMPAIGN_01,108.000000000,110.000000000,2.000000000,0.038515576,0.000000000,0.000000000
CR-C01-007-A0056,CR-C01-007,DS04,cerro_rojo,CAMPAIGN_01,110.000000000,112.000000000,2.000000000,0.039065071,0.000000000,0.000000000
CR-C01-007-A0057,CR-C01-007,DS04,cerro_rojo,CAMPAIGN_01,112.000000000,114.000000000,2.000000000,0.036570000,0.000000000,0.000000000
CR-C01-007-A0058,CR-C01-007,DS04,cerro_rojo,CAMPAIGN_01,114.000000000,116.000000000,2.000000000,0.035237290,0.000000000,0.000000000
CR-C01-007-A0059,CR-C01-007,DS04,cerro_rojo,CAMPAIGN_01,116.000000000,118.000000000,2.000000000,0.037731642,0.000000000,0.000000000
CR-C01-007-A0060,CR-C01-007,DS04,cerro_rojo,CAMPAIGN_01,118.000000000,120.000000000,2.000000000,0.036620388,0.000000000,0.000000000
CR-C01-007-A0061,CR-C01-007,DS04,cerro_rojo,CAMPAIGN_01,120.000000000,122.000000000,2.000000000,0.040262074,0.000000000,0.000000000
CR-C01-007-A0062,CR-C01-007,DS04,cerro_rojo,CAMPAIGN_01,122.000000000,124.000000000,2.000000000,0.041002713,0.000000000,0.000000000
CR-C01-007-A0063,CR-C01-007,DS04,cerro_rojo,CAMPAIGN_01,124.000000000,126.000000000,2.000000000,0.040702968,0.000000000,0.000000000
CR-C01-007-A0064,CR-C01-007,DS04,cerro_rojo,CAMPAIGN_01,126.000000000,128.000000000,2.000000000,0.042837586,0.000000000,0.000000000
CR-C01-007-A0065,CR-C01-007,DS04,cerro_rojo,CAMPAIGN_01,128.000000000,130.000000000,2.000000000,0.039161519,0.000000000,0.000000000
CR-C01-007-A0066,CR-C01-007,DS04,cerro_rojo,CAMPAIGN_01,130.000000000,132.000000000,2.000000000,0.037168023,0.000000000,0.000000000
CR-C01-007-A0067,CR-C01-007,DS04,cerro_rojo,CAMPAIGN_01,132.000000000,134.000000000,2.000000000,0.039509965,0.000000000,0.000000000
CR-C01-007-A0068,CR-C01-007,DS04,cerro_rojo,CAMPAIGN_01,134.000000000,136.000000000,2.000000000,0.045320586,0.000000000,0.000000000
CR-C01-007-A0069,CR-C01-007,DS04,cerro_rojo,CAMPAIGN_01,136.000000000,138.000000000,2.000000000,0.038323353,0.000000000,0.000000000
CR-C01-007-A0070,CR-C01-007,DS04,cerro_rojo,CAMPAIGN_01,138.000000000,140.000000000,2.000000000,0.039425871,0.000000000,0.000000000
CR-C01-007-A0071,CR-C01-007,DS04,cerro_rojo,CAMPAIGN_01,140.000000000,142.000000000,2.000000000,0.038280933,0.000000000,0.000000000
CR-C01-007-A0072,CR-C01-007,DS04,cerro_rojo,CAMPAIGN_01,142.000000000,144.000000000,2.000000000,0.037309879,0.000000000,0.000000000
CR-C01-007-A0073,CR-C01-007,DS04,cerro_rojo,CAMPAIGN_01,144.000000000,146.000000000,2.000000000,0.042011432,0.000000000,0.000000000
CR-C01-007-A0074,CR-C01-007,DS04,cerro_rojo,CAMPAIGN_01,146.000000000,148.000000000,2.000000000,0.039430752,0.000000000,0.000000000
CR-C01-007-A0075,CR-C01-007,DS04,cerro_rojo,CAMPAIGN_01,148.000000000,150.000000000,2.000000000,0.040180457,0.000000000,0.000000000
CR-C01-007-A0076,CR-C01-007,DS04,cerro_rojo,CAMPAIGN_01,150.000000000,152.000000000,2.000000000,0.042606390,0.000000000,0.000000000
CR-C01-007-A0077,CR-C01-007,DS04,cerro_rojo,CAMPAIGN_01,152.000000000,154.000000000,2.000000000,0.042734706,0.000000000,0.000000000
CR-C01-007-A0078,CR-C01-007,DS04,cerro_rojo,CAMPAIGN_01,154.000000000,156.000000000,2.000000000,0.043824898,0.000000000,0.000000000
CR-C01-007-A0079,CR-C01-007,DS04,cerro_rojo,CAMPAIGN_01,156.000000000,158.000000000,2.000000000,0.039635543,0.000000000,0.000000000
CR-C01-007-A0080,CR-C01-007,DS04,cerro_rojo,CAMPAIGN_01,158.000000000,160.000000000,2.000000000,0.044447914,0.000000000,0.000000000
CR-C01-007-A0081,CR-C01-007,DS04,cerro_rojo,CAMPAIGN_01,160.000000000,162.000000000,2.000000000,0.044006670,0.000000000,0.000000000
CR-C01-007-A0082,CR-C01-007,DS04,cerro_rojo,CAMPAIGN_01,162.000000000,164.000000000,2.000000000,0.044362233,0.000000000,0.000000000
CR-C01-007-A0083,CR-C01-007,DS04,cerro_rojo,CAMPAIGN_01,164.000000000,166.000000000,2.000000000,0.044723429,0.000000000,0.000000000
CR-C01-007-A0084,CR-C01-007,DS04,cerro_rojo,CAMPAIGN_01,166.000000000,168.000000000,2.000000000,0.039004171,0.000000000,0.000000000
CR-C01-007-A0085,CR-C01-007,DS04,cerro_rojo,CAMPAIGN_01,168.000000000,170.000000000,2.000000000,0.042156850,0.000000000,0.000000000
CR-C01-007-A0086,CR-C01-007,DS04,cerro_rojo,CAMPAIGN_01,170.000000000,172.000000000,2.000000000,0.042529317,0.000000000,0.000000000
CR-C01-007-A0087,CR-C01-007,DS04,cerro_rojo,CAMPAIGN_01,172.000000000,174.000000000,2.000000000,0.042889265,0.000000000,0.000000000
CR-C01-007-A0088,CR-C01-007,DS04,cerro_rojo,CAMPAIGN_01,174.000000000,176.000000000,2.000000000,0.042786765,0.000000000,0.000000000
CR-C01-007-A0089,CR-C01-007,DS04,cerro_rojo,CAMPAIGN_01,176.000000000,178.000000000,2.000000000,0.041850982,0.000000000,0.000000000
CR-C01-007-A0090,CR-C01-007,DS04,cerro_rojo,CAMPAIGN_01,178.000000000,180.000000000,2.000000000,0.041640974,0.000000000,0.000000000
CR-C01-007-A0091,CR-C01-007,DS04,cerro_rojo,CAMPAIGN_01,180.000000000,182.000000000,2.000000000,0.037649957,0.000000000,0.000000000
CR-C01-007-A0092,CR-C01-007,DS04,cerro_rojo,CAMPAIGN_01,182.000000000,184.000000000,2.000000000,0.042150327,0.000000000,0.000000000
CR-C01-007-A0093,CR-C01-007,DS04,cerro_rojo,CAMPAIGN_01,184.000000000,186.000000000,2.000000000,0.047957429,0.000000000,0.000000000
CR-C01-007-A0094,CR-C01-007,DS04,cerro_rojo,CAMPAIGN_01,186.000000000,188.000000000,2.000000000,0.043684129,0.000000000,0.000000000
CR-C01-007-A0095,CR-C01-007,DS04,cerro_rojo,CAMPAIGN_01,188.000000000,190.000000000,2.000000000,0.044097016,0.000000000,0.000000000
CR-C01-007-A0096,CR-C01-007,DS04,cerro_rojo,CAMPAIGN_01,190.000000000,192.000000000,2.000000000,0.045059153,0.000000000,0.000000000
CR-C01-007-A0097,CR-C01-007,DS04,cerro_rojo,CAMPAIGN_01,192.000000000,194.000000000,2.000000000,0.040338316,0.000000000,0.000000000
CR-C01-007-A0098,CR-C01-007,DS04,cerro_rojo,CAMPAIGN_01,194.000000000,196.000000000,2.000000000,0.040851068,0.000000000,0.000000000
CR-C01-007-A0099,CR-C01-007,DS04,cerro_rojo,CAMPAIGN_01,196.000000000,198.000000000,2.000000000,0.041702715,0.000000000,0.000000000
CR-C01-007-A0100,CR-C01-007,DS04,cerro_rojo,CAMPAIGN_01,198.000000000,200.000000000,2.000000000,0.040629654,0.000000000,0.000000000
CR-C01-007-A0101,CR-C01-007,DS04,cerro_rojo,CAMPAIGN_01,200.000000000,202.000000000,2.000000000,0.041311175,0.000000000,0.000000000
CR-C01-007-A0102,CR-C01-007,DS04,cerro_rojo,CAMPAIGN_01,202.000000000,204.000000000,2.000000000,0.040994390,0.000000000,0.000000000
CR-C01-007-A0103,CR-C01-007,DS04,cerro_rojo,CAMPAIGN_01,204.000000000,206.000000000,2.000000000,0.039648522,0.000000000,0.000000000
CR-C01-007-A0104,CR-C01-007,DS04,cerro_rojo,CAMPAIGN_01,206.000000000,208.000000000,2.000000000,0.041107283,0.000000000,0.000000000
CR-C01-007-A0105,CR-C01-007,DS04,cerro_rojo,CAMPAIGN_01,208.000000000,210.000000000,2.000000000,0.044483311,0.000000000,0.000000000
CR-C01-007-A0106,CR-C01-007,DS04,cerro_rojo,CAMPAIGN_01,210.000000000,212.000000000,2.000000000,0.043651214,0.000000000,0.000000000
CR-C01-007-A0107,CR-C01-007,DS04,cerro_rojo,CAMPAIGN_01,212.000000000,214.000000000,2.000000000,0.043997682,0.000000000,0.000000000
CR-C01-007-A0108,CR-C01-007,DS04,cerro_rojo,CAMPAIGN_01,214.000000000,216.000000000,2.000000000,0.044264144,0.000000000,0.000000000
CR-C01-007-A0109,CR-C01-007,DS04,cerro_rojo,CAMPAIGN_01,216.000000000,218.000000000,2.000000000,0.036489733,0.000000000,0.000000000
CR-C01-007-A0110,CR-C01-007,DS04,cerro_rojo,CAMPAIGN_01,218.000000000,220.000000000,2.000000000,0.045097830,0.000000000,0.000000000
CR-C01-007-A0111,CR-C01-007,DS04,cerro_rojo,CAMPAIGN_01,220.000000000,222.000000000,2.000000000,0.036530436,0.000000000,0.000000000
CR-C01-007-A0112,CR-C01-007,DS04,cerro_rojo,CAMPAIGN_01,222.000000000,224.000000000,2.000000000,0.041520244,0.000000000,0.000000000
CR-C01-007-A0113,CR-C01-007,DS04,cerro_rojo,CAMPAIGN_01,224.000000000,226.000000000,2.000000000,0.042033906,0.000000000,0.000000000
CR-C01-007-A0114,CR-C01-007,DS04,cerro_rojo,CAMPAIGN_01,226.000000000,228.000000000,2.000000000,0.040768635,0.000000000,0.000000000
CR-C01-007-A0115,CR-C01-007,DS04,cerro_rojo,CAMPAIGN_01,228.000000000,230.000000000,2.000000000,0.040311813,0.000000000,0.000000000
CR-C01-008-A0001,CR-C01-008,DS04,cerro_rojo,CAMPAIGN_01,0.000000000,2.000000000,2.000000000,0.120616776,0.000000000,0.000000000
CR-C01-008-A0002,CR-C01-008,DS04,cerro_rojo,CAMPAIGN_01,2.000000000,4.000000000,2.000000000,0.130931954,0.000000000,0.000000000
CR-C01-008-A0003,CR-C01-008,DS04,cerro_rojo,CAMPAIGN_01,4.000000000,6.000000000,2.000000000,0.121416709,0.000000000,0.000000000
CR-C01-008-A0004,CR-C01-008,DS04,cerro_rojo,CAMPAIGN_01,6.000000000,8.000000000,2.000000000,0.134120559,0.000000000,0.000000000
CR-C01-008-A0005,CR-C01-008,DS04,cerro_rojo,CAMPAIGN_01,8.000000000,10.000000000,2.000000000,0.134092962,0.000000000,0.000000000
CR-C01-008-A0006,CR-C01-008,DS04,cerro_rojo,CAMPAIGN_01,10.000000000,12.000000000,2.000000000,0.144374470,0.000000000,0.000000000
CR-C01-008-A0007,CR-C01-008,DS04,cerro_rojo,CAMPAIGN_01,12.000000000,14.000000000,2.000000000,0.138090604,0.000000000,0.000000000
CR-C01-008-A0008,CR-C01-008,DS04,cerro_rojo,CAMPAIGN_01,14.000000000,16.000000000,2.000000000,0.152534227,0.000000000,0.000000000
CR-C01-008-A0009,CR-C01-008,DS04,cerro_rojo,CAMPAIGN_01,16.000000000,18.000000000,2.000000000,0.147992874,0.000000000,0.000000000
CR-C01-008-A0010,CR-C01-008,DS04,cerro_rojo,CAMPAIGN_01,18.000000000,20.000000000,2.000000000,0.141982418,0.000000000,0.000000000
CR-C01-008-A0011,CR-C01-008,DS04,cerro_rojo,CAMPAIGN_01,20.000000000,22.000000000,2.000000000,0.154025599,0.000000000,0.000000000
CR-C01-008-A0012,CR-C01-008,DS04,cerro_rojo,CAMPAIGN_01,22.000000000,24.000000000,2.000000000,0.154983243,0.000000000,0.000000000
CR-C01-008-A0013,CR-C01-008,DS04,cerro_rojo,CAMPAIGN_01,24.000000000,26.000000000,2.000000000,0.154803194,0.000000000,0.000000000
CR-C01-008-A0014,CR-C01-008,DS04,cerro_rojo,CAMPAIGN_01,26.000000000,28.000000000,2.000000000,0.170589053,0.000000000,0.000000000
CR-C01-008-A0015,CR-C01-008,DS04,cerro_rojo,CAMPAIGN_01,28.000000000,30.000000000,2.000000000,0.169836898,0.000000000,0.000000000
CR-C01-008-A0016,CR-C01-008,DS04,cerro_rojo,CAMPAIGN_01,30.000000000,32.000000000,2.000000000,0.173479543,0.000000000,0.000000000
CR-C01-008-A0017,CR-C01-008,DS04,cerro_rojo,CAMPAIGN_01,32.000000000,34.000000000,2.000000000,0.169115536,0.000000000,0.000000000
CR-C01-008-A0018,CR-C01-008,DS04,cerro_rojo,CAMPAIGN_01,34.000000000,36.000000000,2.000000000,0.188874277,0.000000000,0.000000000
CR-C01-008-A0019,CR-C01-008,DS04,cerro_rojo,CAMPAIGN_01,36.000000000,38.000000000,2.000000000,0.178833235,0.000000000,0.000000000
CR-C01-008-A0020,CR-C01-008,DS04,cerro_rojo,CAMPAIGN_01,38.000000000,40.000000000,2.000000000,0.182216062,0.000000000,0.000000000
CR-C01-008-A0021,CR-C01-008,DS04,cerro_rojo,CAMPAIGN_01,40.000000000,42.000000000,2.000000000,0.188120709,0.000000000,0.000000000
CR-C01-008-A0022,CR-C01-008,DS04,cerro_rojo,CAMPAIGN_01,42.000000000,44.000000000,2.000000000,0.192616829,0.000000000,0.000000000
CR-C01-008-A0023,CR-C01-008,DS04,cerro_rojo,CAMPAIGN_01,44.000000000,46.000000000,2.000000000,0.198263151,0.000000000,0.000000000
CR-C01-008-A0024,CR-C01-008,DS04,cerro_rojo,CAMPAIGN_01,46.000000000,48.000000000,2.000000000,0.208830845,0.000000000,0.000000000
CR-C01-008-A0025,CR-C01-008,DS04,cerro_rojo,CAMPAIGN_01,48.000000000,50.000000000,2.000000000,0.214670167,0.000000000,0.000000000
CR-C01-008-A0026,CR-C01-008,DS04,cerro_rojo,CAMPAIGN_01,50.000000000,52.000000000,2.000000000,0.223064193,0.000000000,0.000000000
CR-C01-008-A0027,CR-C01-008,DS04,cerro_rojo,CAMPAIGN_01,52.000000000,54.000000000,2.000000000,0.206337011,0.000000000,0.000000000
CR-C01-008-A0028,CR-C01-008,DS04,cerro_rojo,CAMPAIGN_01,54.000000000,56.000000000,2.000000000,0.216547623,0.000000000,0.000000000
CR-C01-008-A0029,CR-C01-008,DS04,cerro_rojo,CAMPAIGN_01,56.000000000,58.000000000,2.000000000,0.222810102,0.000000000,0.000000000
CR-C01-008-A0030,CR-C01-008,DS04,cerro_rojo,CAMPAIGN_01,58.000000000,60.000000000,2.000000000,0.222974883,0.000000000,0.000000000
CR-C01-008-A0031,CR-C01-008,DS04,cerro_rojo,CAMPAIGN_01,60.000000000,62.000000000,2.000000000,0.235521970,0.000000000,0.000000000
CR-C01-008-A0032,CR-C01-008,DS04,cerro_rojo,CAMPAIGN_01,62.000000000,64.000000000,2.000000000,0.245749325,0.000000000,0.000000000
CR-C01-008-A0033,CR-C01-008,DS04,cerro_rojo,CAMPAIGN_01,64.000000000,66.000000000,2.000000000,0.230958873,0.000000000,0.000000000
CR-C01-008-A0034,CR-C01-008,DS04,cerro_rojo,CAMPAIGN_01,66.000000000,68.000000000,2.000000000,0.236648621,0.000000000,0.000000000
CR-C01-008-A0035,CR-C01-008,DS04,cerro_rojo,CAMPAIGN_01,68.000000000,70.000000000,2.000000000,0.240771462,0.000000000,0.000000000
CR-C01-008-A0036,CR-C01-008,DS04,cerro_rojo,CAMPAIGN_01,70.000000000,72.000000000,2.000000000,0.244587871,0.000000000,0.000000000
CR-C01-008-A0037,CR-C01-008,DS04,cerro_rojo,CAMPAIGN_01,72.000000000,74.000000000,2.000000000,0.265383027,0.000000000,0.000000000
CR-C01-008-A0038,CR-C01-008,DS04,cerro_rojo,CAMPAIGN_01,74.000000000,76.000000000,2.000000000,0.259118575,0.000000000,0.000000000
CR-C01-008-A0039,CR-C01-008,DS04,cerro_rojo,CAMPAIGN_01,76.000000000,78.000000000,2.000000000,0.256017453,0.000000000,0.000000000
CR-C01-008-A0040,CR-C01-008,DS04,cerro_rojo,CAMPAIGN_01,78.000000000,80.000000000,2.000000000,0.260782221,0.000000000,0.000000000
CR-C01-008-A0041,CR-C01-008,DS04,cerro_rojo,CAMPAIGN_01,80.000000000,82.000000000,2.000000000,0.284081914,0.000000000,0.000000000
CR-C01-008-A0042,CR-C01-008,DS04,cerro_rojo,CAMPAIGN_01,82.000000000,84.000000000,2.000000000,0.285365209,0.000000000,0.000000000
CR-C01-008-A0043,CR-C01-008,DS04,cerro_rojo,CAMPAIGN_01,84.000000000,86.000000000,2.000000000,0.291476736,0.000000000,0.000000000
CR-C01-008-A0044,CR-C01-008,DS04,cerro_rojo,CAMPAIGN_01,86.000000000,88.000000000,2.000000000,0.264829618,0.000000000,0.000000000
CR-C01-008-A0045,CR-C01-008,DS04,cerro_rojo,CAMPAIGN_01,88.000000000,90.000000000,2.000000000,0.288544470,0.000000000,0.000000000
CR-C01-008-A0046,CR-C01-008,DS04,cerro_rojo,CAMPAIGN_01,90.000000000,92.000000000,2.000000000,0.298744943,0.000000000,0.000000000
CR-C01-008-A0047,CR-C01-008,DS04,cerro_rojo,CAMPAIGN_01,92.000000000,94.000000000,2.000000000,0.292597313,0.000000000,0.000000000
CR-C01-008-A0048,CR-C01-008,DS04,cerro_rojo,CAMPAIGN_01,94.000000000,96.000000000,2.000000000,0.282765720,0.000000000,0.000000000
CR-C01-008-A0049,CR-C01-008,DS04,cerro_rojo,CAMPAIGN_01,96.000000000,98.000000000,2.000000000,0.318627465,0.000000000,0.000000000
CR-C01-008-A0050,CR-C01-008,DS04,cerro_rojo,CAMPAIGN_01,98.000000000,100.000000000,2.000000000,0.289838941,0.000000000,0.000000000
CR-C01-008-A0051,CR-C01-008,DS04,cerro_rojo,CAMPAIGN_01,100.000000000,102.000000000,2.000000000,0.332056170,0.000000000,0.000000000
CR-C01-008-A0052,CR-C01-008,DS04,cerro_rojo,CAMPAIGN_01,102.000000000,104.000000000,2.000000000,0.347294182,0.000000000,0.000000000
CR-C01-008-A0053,CR-C01-008,DS04,cerro_rojo,CAMPAIGN_01,104.000000000,106.000000000,2.000000000,0.315703818,0.000000000,0.000000000
CR-C01-008-A0054,CR-C01-008,DS04,cerro_rojo,CAMPAIGN_01,106.000000000,108.000000000,2.000000000,0.331333819,0.000000000,0.000000000
CR-C01-008-A0055,CR-C01-008,DS04,cerro_rojo,CAMPAIGN_01,108.000000000,110.000000000,2.000000000,0.316008339,0.000000000,0.000000000
CR-C01-008-A0056,CR-C01-008,DS04,cerro_rojo,CAMPAIGN_01,110.000000000,112.000000000,2.000000000,0.330890898,0.000000000,0.000000000
CR-C01-008-A0057,CR-C01-008,DS04,cerro_rojo,CAMPAIGN_01,112.000000000,114.000000000,2.000000000,0.341456738,0.000000000,0.000000000
CR-C01-008-A0058,CR-C01-008,DS04,cerro_rojo,CAMPAIGN_01,114.000000000,116.000000000,2.000000000,0.340263981,0.000000000,0.000000000
CR-C01-008-A0059,CR-C01-008,DS04,cerro_rojo,CAMPAIGN_01,116.000000000,118.000000000,2.000000000,0.346811786,0.000000000,0.000000000
CR-C01-008-A0060,CR-C01-008,DS04,cerro_rojo,CAMPAIGN_01,118.000000000,120.000000000,2.000000000,0.343276309,0.000000000,0.000000000
CR-C01-008-A0061,CR-C01-008,DS04,cerro_rojo,CAMPAIGN_01,120.000000000,122.000000000,2.000000000,0.366982307,0.000000000,0.000000000
CR-C01-008-A0062,CR-C01-008,DS04,cerro_rojo,CAMPAIGN_01,122.000000000,124.000000000,2.000000000,0.329564957,0.000000000,0.000000000
CR-C01-008-A0063,CR-C01-008,DS04,cerro_rojo,CAMPAIGN_01,124.000000000,126.000000000,2.000000000,0.363800958,0.000000000,0.000000000
CR-C01-008-A0064,CR-C01-008,DS04,cerro_rojo,CAMPAIGN_01,126.000000000,128.000000000,2.000000000,0.351046504,0.000000000,0.000000000
CR-C01-008-A0065,CR-C01-008,DS04,cerro_rojo,CAMPAIGN_01,128.000000000,130.000000000,2.000000000,0.366314759,0.000000000,0.000000000
CR-C01-008-A0066,CR-C01-008,DS04,cerro_rojo,CAMPAIGN_01,130.000000000,132.000000000,2.000000000,0.347457296,0.000000000,0.000000000
CR-C01-008-A0067,CR-C01-008,DS04,cerro_rojo,CAMPAIGN_01,132.000000000,134.000000000,2.000000000,0.360690054,0.000000000,0.000000000
CR-C01-008-A0068,CR-C01-008,DS04,cerro_rojo,CAMPAIGN_01,134.000000000,136.000000000,2.000000000,0.364406487,0.000000000,0.000000000
CR-C01-008-A0069,CR-C01-008,DS04,cerro_rojo,CAMPAIGN_01,136.000000000,138.000000000,2.000000000,0.359540112,0.000000000,0.000000000
CR-C01-008-A0070,CR-C01-008,DS04,cerro_rojo,CAMPAIGN_01,138.000000000,140.000000000,2.000000000,0.389760454,0.000000000,0.000000000
CR-C01-008-A0071,CR-C01-008,DS04,cerro_rojo,CAMPAIGN_01,140.000000000,142.000000000,2.000000000,0.366420502,0.000000000,0.000000000
CR-C01-008-A0072,CR-C01-008,DS04,cerro_rojo,CAMPAIGN_01,142.000000000,144.000000000,2.000000000,0.402577507,0.000000000,0.000000000
CR-C01-008-A0073,CR-C01-008,DS04,cerro_rojo,CAMPAIGN_01,144.000000000,146.000000000,2.000000000,0.403188582,0.000000000,0.000000000
CR-C01-008-A0074,CR-C01-008,DS04,cerro_rojo,CAMPAIGN_01,146.000000000,148.000000000,2.000000000,0.390792329,0.000000000,0.000000000
CR-C01-008-A0075,CR-C01-008,DS04,cerro_rojo,CAMPAIGN_01,148.000000000,150.000000000,2.000000000,0.407478238,0.000000000,0.000000000
CR-C01-008-A0076,CR-C01-008,DS04,cerro_rojo,CAMPAIGN_01,150.000000000,152.000000000,2.000000000,0.400556754,0.000000000,0.000000000
CR-C01-008-A0077,CR-C01-008,DS04,cerro_rojo,CAMPAIGN_01,152.000000000,154.000000000,2.000000000,0.397720164,0.000000000,0.000000000
CR-C01-008-A0078,CR-C01-008,DS04,cerro_rojo,CAMPAIGN_01,154.000000000,156.000000000,2.000000000,0.400411956,0.000000000,0.000000000
CR-C01-008-A0079,CR-C01-008,DS04,cerro_rojo,CAMPAIGN_01,156.000000000,158.000000000,2.000000000,0.377622442,0.000000000,0.000000000
CR-C01-008-A0080,CR-C01-008,DS04,cerro_rojo,CAMPAIGN_01,158.000000000,160.000000000,2.000000000,0.377438575,0.000000000,0.000000000
CR-C01-008-A0081,CR-C01-008,DS04,cerro_rojo,CAMPAIGN_01,160.000000000,162.000000000,2.000000000,0.396896300,0.000000000,0.000000000
CR-C01-008-A0082,CR-C01-008,DS04,cerro_rojo,CAMPAIGN_01,162.000000000,164.000000000,2.000000000,0.388150637,0.000000000,0.000000000
CR-C01-008-A0083,CR-C01-008,DS04,cerro_rojo,CAMPAIGN_01,164.000000000,166.000000000,2.000000000,0.405230556,0.000000000,0.000000000
CR-C01-008-A0084,CR-C01-008,DS04,cerro_rojo,CAMPAIGN_01,166.000000000,168.000000000,2.000000000,0.386988280,0.000000000,0.000000000
CR-C01-008-A0085,CR-C01-008,DS04,cerro_rojo,CAMPAIGN_01,168.000000000,170.000000000,2.000000000,0.419348857,0.000000000,0.000000000
CR-C01-008-A0086,CR-C01-008,DS04,cerro_rojo,CAMPAIGN_01,170.000000000,172.000000000,2.000000000,0.420100614,0.000000000,0.000000000
CR-C01-008-A0087,CR-C01-008,DS04,cerro_rojo,CAMPAIGN_01,172.000000000,174.000000000,2.000000000,0.411687257,0.000000000,0.000000000
CR-C01-008-A0088,CR-C01-008,DS04,cerro_rojo,CAMPAIGN_01,174.000000000,176.000000000,2.000000000,0.434820845,0.000000000,0.000000000
CR-C01-008-A0089,CR-C01-008,DS04,cerro_rojo,CAMPAIGN_01,176.000000000,178.000000000,2.000000000,0.419964974,0.000000000,0.000000000
CR-C01-008-A0090,CR-C01-008,DS04,cerro_rojo,CAMPAIGN_01,178.000000000,180.000000000,2.000000000,0.382908678,0.000000000,0.000000000
CR-C01-008-A0091,CR-C01-008,DS04,cerro_rojo,CAMPAIGN_01,180.000000000,182.000000000,2.000000000,0.415967698,0.000000000,0.000000000
CR-C01-008-A0092,CR-C01-008,DS04,cerro_rojo,CAMPAIGN_01,182.000000000,184.000000000,2.000000000,0.389664177,0.000000000,0.000000000
CR-C01-008-A0093,CR-C01-008,DS04,cerro_rojo,CAMPAIGN_01,184.000000000,186.000000000,2.000000000,0.426581056,0.000000000,0.000000000
CR-C01-008-A0094,CR-C01-008,DS04,cerro_rojo,CAMPAIGN_01,186.000000000,188.000000000,2.000000000,0.410577680,0.000000000,0.000000000
CR-C01-008-A0095,CR-C01-008,DS04,cerro_rojo,CAMPAIGN_01,188.000000000,190.000000000,2.000000000,0.423534263,0.000000000,0.000000000
CR-C01-008-A0096,CR-C01-008,DS04,cerro_rojo,CAMPAIGN_01,190.000000000,192.000000000,2.000000000,0.415120286,0.000000000,0.000000000
CR-C01-008-A0097,CR-C01-008,DS04,cerro_rojo,CAMPAIGN_01,192.000000000,194.000000000,2.000000000,0.388471348,0.000000000,0.000000000
CR-C01-008-A0098,CR-C01-008,DS04,cerro_rojo,CAMPAIGN_01,194.000000000,196.000000000,2.000000000,0.433873512,0.000000000,0.000000000
CR-C01-008-A0099,CR-C01-008,DS04,cerro_rojo,CAMPAIGN_01,196.000000000,198.000000000,2.000000000,0.396739950,0.000000000,0.000000000
CR-C01-008-A0100,CR-C01-008,DS04,cerro_rojo,CAMPAIGN_01,198.000000000,200.000000000,2.000000000,0.393928903,0.000000000,0.000000000
CR-C01-008-A0101,CR-C01-008,DS04,cerro_rojo,CAMPAIGN_01,200.000000000,202.000000000,2.000000000,0.433495106,0.000000000,0.000000000
CR-C01-008-A0102,CR-C01-008,DS04,cerro_rojo,CAMPAIGN_01,202.000000000,204.000000000,2.000000000,0.411384077,0.000000000,0.000000000
CR-C01-008-A0103,CR-C01-008,DS04,cerro_rojo,CAMPAIGN_01,204.000000000,206.000000000,2.000000000,0.411234526,0.000000000,0.000000000
CR-C01-008-A0104,CR-C01-008,DS04,cerro_rojo,CAMPAIGN_01,206.000000000,208.000000000,2.000000000,0.389838322,0.000000000,0.000000000
CR-C01-008-A0105,CR-C01-008,DS04,cerro_rojo,CAMPAIGN_01,208.000000000,210.000000000,2.000000000,0.389985589,0.000000000,0.000000000
CR-C01-008-A0106,CR-C01-008,DS04,cerro_rojo,CAMPAIGN_01,210.000000000,212.000000000,2.000000000,0.380304069,0.000000000,0.000000000
CR-C01-008-A0107,CR-C01-008,DS04,cerro_rojo,CAMPAIGN_01,212.000000000,214.000000000,2.000000000,0.378438334,0.000000000,0.000000000
CR-C01-008-A0108,CR-C01-008,DS04,cerro_rojo,CAMPAIGN_01,214.000000000,216.000000000,2.000000000,0.376889659,0.000000000,0.000000000
CR-C01-008-A0109,CR-C01-008,DS04,cerro_rojo,CAMPAIGN_01,216.000000000,218.000000000,2.000000000,0.380638753,0.000000000,0.000000000
CR-C01-008-A0110,CR-C01-008,DS04,cerro_rojo,CAMPAIGN_01,218.000000000,220.000000000,2.000000000,0.374721504,0.000000000,0.000000000
CR-C01-008-A0111,CR-C01-008,DS04,cerro_rojo,CAMPAIGN_01,220.000000000,222.000000000,2.000000000,0.373207715,0.000000000,0.000000000
CR-C01-008-A0112,CR-C01-008,DS04,cerro_rojo,CAMPAIGN_01,222.000000000,224.000000000,2.000000000,0.370229336,0.000000000,0.000000000
CR-C01-008-A0113,CR-C01-008,DS04,cerro_rojo,CAMPAIGN_01,224.000000000,226.000000000,2.000000000,0.387162141,0.000000000,0.000000000
CR-C01-008-A0114,CR-C01-008,DS04,cerro_rojo,CAMPAIGN_01,226.000000000,228.000000000,2.000000000,0.361194815,0.000000000,0.000000000
CR-C01-008-A0115,CR-C01-008,DS04,cerro_rojo,CAMPAIGN_01,228.000000000,230.000000000,2.000000000,0.345896247,0.000000000,0.000000000
CR-C01-008-A0116,CR-C01-008,DS04,cerro_rojo,CAMPAIGN_01,230.000000000,232.000000000,2.000000000,0.382373796,0.000000000,0.000000000
CR-C01-008-A0117,CR-C01-008,DS04,cerro_rojo,CAMPAIGN_01,232.000000000,234.000000000,2.000000000,0.384731641,0.000000000,0.000000000
CR-C01-008-A0118,CR-C01-008,DS04,cerro_rojo,CAMPAIGN_01,234.000000000,236.000000000,2.000000000,0.372566739,0.000000000,0.000000000
CR-C01-008-A0119,CR-C01-008,DS04,cerro_rojo,CAMPAIGN_01,236.000000000,238.000000000,2.000000000,0.373821671,0.000000000,0.000000000
CR-C01-008-A0120,CR-C01-008,DS04,cerro_rojo,CAMPAIGN_01,238.000000000,240.000000000,2.000000000,0.371640441,0.000000000,0.000000000
CR-C01-008-A0121,CR-C01-008,DS04,cerro_rojo,CAMPAIGN_01,240.000000000,242.000000000,2.000000000,0.343875168,0.000000000,0.000000000
CR-C01-008-A0122,CR-C01-008,DS04,cerro_rojo,CAMPAIGN_01,242.000000000,244.000000000,2.000000000,0.351842305,0.000000000,0.000000000
CR-C01-008-A0123,CR-C01-008,DS04,cerro_rojo,CAMPAIGN_01,244.000000000,246.000000000,2.000000000,0.353676278,0.000000000,0.000000000
CR-C01-008-A0124,CR-C01-008,DS04,cerro_rojo,CAMPAIGN_01,246.000000000,246.970116329,0.970116329,0.338396979,0.000000000,0.000000000
CR-C01-009-A0001,CR-C01-009,DS04,cerro_rojo,CAMPAIGN_01,0.000000000,2.000000000,2.000000000,0.024761699,0.000000000,0.000000000
CR-C01-009-A0002,CR-C01-009,DS04,cerro_rojo,CAMPAIGN_01,2.000000000,4.000000000,2.000000000,0.021210722,0.000000000,0.000000000
CR-C01-009-A0003,CR-C01-009,DS04,cerro_rojo,CAMPAIGN_01,4.000000000,6.000000000,2.000000000,0.021196487,0.000000000,0.000000000
CR-C01-009-A0004,CR-C01-009,DS04,cerro_rojo,CAMPAIGN_01,6.000000000,8.000000000,2.000000000,0.025357862,0.000000000,0.000000000
CR-C01-009-A0005,CR-C01-009,DS04,cerro_rojo,CAMPAIGN_01,8.000000000,10.000000000,2.000000000,0.023182450,0.000000000,0.000000000
CR-C01-009-A0006,CR-C01-009,DS04,cerro_rojo,CAMPAIGN_01,10.000000000,12.000000000,2.000000000,0.023176306,0.000000000,0.000000000
CR-C01-009-A0007,CR-C01-009,DS04,cerro_rojo,CAMPAIGN_01,12.000000000,14.000000000,2.000000000,0.021973096,0.000000000,0.000000000
CR-C01-009-A0008,CR-C01-009,DS04,cerro_rojo,CAMPAIGN_01,14.000000000,16.000000000,2.000000000,0.022904238,0.000000000,0.000000000
CR-C01-009-A0009,CR-C01-009,DS04,cerro_rojo,CAMPAIGN_01,16.000000000,18.000000000,2.000000000,0.023524778,0.000000000,0.000000000
CR-C01-009-A0010,CR-C01-009,DS04,cerro_rojo,CAMPAIGN_01,18.000000000,20.000000000,2.000000000,0.019768065,0.000000000,0.000000000
CR-C01-009-A0011,CR-C01-009,DS04,cerro_rojo,CAMPAIGN_01,20.000000000,22.000000000,2.000000000,0.024762906,0.000000000,0.000000000
CR-C01-009-A0012,CR-C01-009,DS04,cerro_rojo,CAMPAIGN_01,22.000000000,24.000000000,2.000000000,0.022708772,0.000000000,0.000000000
CR-C01-009-A0013,CR-C01-009,DS04,cerro_rojo,CAMPAIGN_01,24.000000000,26.000000000,2.000000000,0.024075609,0.000000000,0.000000000
CR-C01-009-A0014,CR-C01-009,DS04,cerro_rojo,CAMPAIGN_01,26.000000000,28.000000000,2.000000000,0.022300961,0.000000000,0.000000000
CR-C01-009-A0015,CR-C01-009,DS04,cerro_rojo,CAMPAIGN_01,28.000000000,30.000000000,2.000000000,0.023152939,0.000000000,0.000000000
CR-C01-009-A0016,CR-C01-009,DS04,cerro_rojo,CAMPAIGN_01,30.000000000,32.000000000,2.000000000,0.022748193,0.000000000,0.000000000
CR-C01-009-A0017,CR-C01-009,DS04,cerro_rojo,CAMPAIGN_01,32.000000000,34.000000000,2.000000000,0.026266773,0.000000000,0.000000000
CR-C01-009-A0018,CR-C01-009,DS04,cerro_rojo,CAMPAIGN_01,34.000000000,36.000000000,2.000000000,0.025306292,0.000000000,0.000000000
CR-C01-009-A0019,CR-C01-009,DS04,cerro_rojo,CAMPAIGN_01,36.000000000,38.000000000,2.000000000,0.024414545,0.000000000,0.000000000
CR-C01-009-A0020,CR-C01-009,DS04,cerro_rojo,CAMPAIGN_01,38.000000000,40.000000000,2.000000000,0.024754613,0.000000000,0.000000000
CR-C01-009-A0021,CR-C01-009,DS04,cerro_rojo,CAMPAIGN_01,40.000000000,42.000000000,2.000000000,0.026508747,0.000000000,0.000000000
CR-C01-009-A0022,CR-C01-009,DS04,cerro_rojo,CAMPAIGN_01,42.000000000,44.000000000,2.000000000,0.024098544,0.000000000,0.000000000
CR-C01-009-A0023,CR-C01-009,DS04,cerro_rojo,CAMPAIGN_01,44.000000000,46.000000000,2.000000000,0.023061214,0.000000000,0.000000000
CR-C01-009-A0024,CR-C01-009,DS04,cerro_rojo,CAMPAIGN_01,46.000000000,48.000000000,2.000000000,0.023290284,0.000000000,0.000000000
CR-C01-009-A0025,CR-C01-009,DS04,cerro_rojo,CAMPAIGN_01,48.000000000,50.000000000,2.000000000,0.021622257,0.000000000,0.000000000
CR-C01-009-A0026,CR-C01-009,DS04,cerro_rojo,CAMPAIGN_01,50.000000000,52.000000000,2.000000000,0.024677062,0.000000000,0.000000000
CR-C01-009-A0027,CR-C01-009,DS04,cerro_rojo,CAMPAIGN_01,52.000000000,54.000000000,2.000000000,0.023929493,0.000000000,0.000000000
CR-C01-009-A0028,CR-C01-009,DS04,cerro_rojo,CAMPAIGN_01,54.000000000,56.000000000,2.000000000,0.029087493,0.000000000,0.000000000
CR-C01-009-A0029,CR-C01-009,DS04,cerro_rojo,CAMPAIGN_01,56.000000000,58.000000000,2.000000000,0.027065309,0.000000000,0.000000000
CR-C01-009-A0030,CR-C01-009,DS04,cerro_rojo,CAMPAIGN_01,58.000000000,60.000000000,2.000000000,0.026121496,0.000000000,0.000000000
CR-C01-009-A0031,CR-C01-009,DS04,cerro_rojo,CAMPAIGN_01,60.000000000,62.000000000,2.000000000,0.025754599,0.000000000,0.000000000
CR-C01-009-A0032,CR-C01-009,DS04,cerro_rojo,CAMPAIGN_01,62.000000000,64.000000000,2.000000000,0.027831029,0.000000000,0.000000000
CR-C01-009-A0033,CR-C01-009,DS04,cerro_rojo,CAMPAIGN_01,64.000000000,66.000000000,2.000000000,0.025651526,0.000000000,0.000000000
CR-C01-009-A0034,CR-C01-009,DS04,cerro_rojo,CAMPAIGN_01,66.000000000,68.000000000,2.000000000,0.024074748,0.000000000,0.000000000
CR-C01-009-A0035,CR-C01-009,DS04,cerro_rojo,CAMPAIGN_01,68.000000000,70.000000000,2.000000000,0.027807634,0.000000000,0.000000000
CR-C01-009-A0036,CR-C01-009,DS04,cerro_rojo,CAMPAIGN_01,70.000000000,72.000000000,2.000000000,0.026034694,0.000000000,0.000000000
CR-C01-009-A0037,CR-C01-009,DS04,cerro_rojo,CAMPAIGN_01,72.000000000,74.000000000,2.000000000,0.028774050,0.000000000,0.000000000
CR-C01-009-A0038,CR-C01-009,DS04,cerro_rojo,CAMPAIGN_01,74.000000000,76.000000000,2.000000000,0.026390554,0.000000000,0.000000000
CR-C01-009-A0039,CR-C01-009,DS04,cerro_rojo,CAMPAIGN_01,76.000000000,78.000000000,2.000000000,0.029661368,0.000000000,0.000000000
CR-C01-009-A0040,CR-C01-009,DS04,cerro_rojo,CAMPAIGN_01,78.000000000,80.000000000,2.000000000,0.025794555,0.000000000,0.000000000
CR-C01-009-A0041,CR-C01-009,DS04,cerro_rojo,CAMPAIGN_01,80.000000000,82.000000000,2.000000000,0.027238851,0.000000000,0.000000000
CR-C01-009-A0042,CR-C01-009,DS04,cerro_rojo,CAMPAIGN_01,82.000000000,84.000000000,2.000000000,0.026062871,0.000000000,0.000000000
CR-C01-009-A0043,CR-C01-009,DS04,cerro_rojo,CAMPAIGN_01,84.000000000,86.000000000,2.000000000,0.025901757,0.000000000,0.000000000
CR-C01-009-A0044,CR-C01-009,DS04,cerro_rojo,CAMPAIGN_01,86.000000000,88.000000000,2.000000000,0.025015849,0.000000000,0.000000000
CR-C01-009-A0045,CR-C01-009,DS04,cerro_rojo,CAMPAIGN_01,88.000000000,90.000000000,2.000000000,0.025629592,0.000000000,0.000000000
CR-C01-009-A0046,CR-C01-009,DS04,cerro_rojo,CAMPAIGN_01,90.000000000,92.000000000,2.000000000,0.030186065,0.000000000,0.000000000
CR-C01-009-A0047,CR-C01-009,DS04,cerro_rojo,CAMPAIGN_01,92.000000000,94.000000000,2.000000000,0.025606218,0.000000000,0.000000000
CR-C01-009-A0048,CR-C01-009,DS04,cerro_rojo,CAMPAIGN_01,94.000000000,96.000000000,2.000000000,0.027437676,0.000000000,0.000000000
CR-C01-009-A0049,CR-C01-009,DS04,cerro_rojo,CAMPAIGN_01,96.000000000,98.000000000,2.000000000,0.027082123,0.000000000,0.000000000
CR-C01-009-A0050,CR-C01-009,DS04,cerro_rojo,CAMPAIGN_01,98.000000000,100.000000000,2.000000000,0.027495016,0.000000000,0.000000000
CR-C01-009-A0051,CR-C01-009,DS04,cerro_rojo,CAMPAIGN_01,100.000000000,102.000000000,2.000000000,0.029251376,0.000000000,0.000000000
CR-C01-009-A0052,CR-C01-009,DS04,cerro_rojo,CAMPAIGN_01,102.000000000,104.000000000,2.000000000,0.027734567,0.000000000,0.000000000
CR-C01-009-A0053,CR-C01-009,DS04,cerro_rojo,CAMPAIGN_01,104.000000000,106.000000000,2.000000000,0.031250974,0.000000000,0.000000000
CR-C01-009-A0054,CR-C01-009,DS04,cerro_rojo,CAMPAIGN_01,106.000000000,108.000000000,2.000000000,0.027563103,0.000000000,0.000000000
CR-C01-009-A0055,CR-C01-009,DS04,cerro_rojo,CAMPAIGN_01,108.000000000,110.000000000,2.000000000,0.028821863,0.000000000,0.000000000
CR-C01-009-A0056,CR-C01-009,DS04,cerro_rojo,CAMPAIGN_01,110.000000000,112.000000000,2.000000000,0.028877744,0.000000000,0.000000000
CR-C01-009-A0057,CR-C01-009,DS04,cerro_rojo,CAMPAIGN_01,112.000000000,114.000000000,2.000000000,0.031162365,0.000000000,0.000000000
CR-C01-009-A0058,CR-C01-009,DS04,cerro_rojo,CAMPAIGN_01,114.000000000,116.000000000,2.000000000,0.028231584,0.000000000,0.000000000
CR-C01-009-A0059,CR-C01-009,DS04,cerro_rojo,CAMPAIGN_01,116.000000000,118.000000000,2.000000000,0.033311530,0.000000000,0.000000000
CR-C01-009-A0060,CR-C01-009,DS04,cerro_rojo,CAMPAIGN_01,118.000000000,120.000000000,2.000000000,0.030097161,0.000000000,0.000000000
CR-C01-009-A0061,CR-C01-009,DS04,cerro_rojo,CAMPAIGN_01,120.000000000,122.000000000,2.000000000,0.030350523,0.000000000,0.000000000
CR-C01-009-A0062,CR-C01-009,DS04,cerro_rojo,CAMPAIGN_01,122.000000000,124.000000000,2.000000000,0.033407062,0.000000000,0.000000000
CR-C01-009-A0063,CR-C01-009,DS04,cerro_rojo,CAMPAIGN_01,124.000000000,126.000000000,2.000000000,0.031178917,0.000000000,0.000000000
CR-C01-009-A0064,CR-C01-009,DS04,cerro_rojo,CAMPAIGN_01,126.000000000,128.000000000,2.000000000,0.032264653,0.000000000,0.000000000
CR-C01-009-A0065,CR-C01-009,DS04,cerro_rojo,CAMPAIGN_01,128.000000000,130.000000000,2.000000000,0.033510783,0.000000000,0.000000000
CR-C01-009-A0066,CR-C01-009,DS04,cerro_rojo,CAMPAIGN_01,130.000000000,132.000000000,2.000000000,0.034061163,0.000000000,0.000000000
CR-C01-009-A0067,CR-C01-009,DS04,cerro_rojo,CAMPAIGN_01,132.000000000,134.000000000,2.000000000,0.034270051,0.000000000,0.000000000
CR-C01-009-A0068,CR-C01-009,DS04,cerro_rojo,CAMPAIGN_01,134.000000000,136.000000000,2.000000000,0.033174523,0.000000000,0.000000000
CR-C01-009-A0069,CR-C01-009,DS04,cerro_rojo,CAMPAIGN_01,136.000000000,138.000000000,2.000000000,0.033689973,0.000000000,0.000000000
CR-C01-009-A0070,CR-C01-009,DS04,cerro_rojo,CAMPAIGN_01,138.000000000,140.000000000,2.000000000,0.036258651,0.000000000,0.000000000
CR-C01-009-A0071,CR-C01-009,DS04,cerro_rojo,CAMPAIGN_01,140.000000000,142.000000000,2.000000000,0.034659946,0.000000000,0.000000000
CR-C01-009-A0072,CR-C01-009,DS04,cerro_rojo,CAMPAIGN_01,142.000000000,144.000000000,2.000000000,0.032319277,0.000000000,0.000000000
CR-C01-009-A0073,CR-C01-009,DS04,cerro_rojo,CAMPAIGN_01,144.000000000,146.000000000,2.000000000,0.034079592,0.000000000,0.000000000
CR-C01-009-A0074,CR-C01-009,DS04,cerro_rojo,CAMPAIGN_01,146.000000000,148.000000000,2.000000000,0.034463097,0.000000000,0.000000000
CR-C01-009-A0075,CR-C01-009,DS04,cerro_rojo,CAMPAIGN_01,148.000000000,150.000000000,2.000000000,0.042716642,0.000000000,0.000000000
CR-C01-009-A0076,CR-C01-009,DS04,cerro_rojo,CAMPAIGN_01,150.000000000,152.000000000,2.000000000,0.035598179,0.000000000,0.000000000
CR-C01-009-A0077,CR-C01-009,DS04,cerro_rojo,CAMPAIGN_01,152.000000000,154.000000000,2.000000000,0.034478573,0.000000000,0.000000000
CR-C01-009-A0078,CR-C01-009,DS04,cerro_rojo,CAMPAIGN_01,154.000000000,156.000000000,2.000000000,0.038977213,0.000000000,0.000000000
CR-C01-009-A0079,CR-C01-009,DS04,cerro_rojo,CAMPAIGN_01,156.000000000,158.000000000,2.000000000,0.036183071,0.000000000,0.000000000
CR-C01-009-A0080,CR-C01-009,DS04,cerro_rojo,CAMPAIGN_01,158.000000000,160.000000000,2.000000000,0.036966598,0.000000000,0.000000000
CR-C01-009-A0081,CR-C01-009,DS04,cerro_rojo,CAMPAIGN_01,160.000000000,162.000000000,2.000000000,0.038545760,0.000000000,0.000000000
CR-C01-009-A0082,CR-C01-009,DS04,cerro_rojo,CAMPAIGN_01,162.000000000,164.000000000,2.000000000,0.038403176,0.000000000,0.000000000
CR-C01-009-A0083,CR-C01-009,DS04,cerro_rojo,CAMPAIGN_01,164.000000000,166.000000000,2.000000000,0.037511170,0.000000000,0.000000000
CR-C01-009-A0084,CR-C01-009,DS04,cerro_rojo,CAMPAIGN_01,166.000000000,168.000000000,2.000000000,0.038985451,0.000000000,0.000000000
CR-C01-009-A0085,CR-C01-009,DS04,cerro_rojo,CAMPAIGN_01,168.000000000,170.000000000,2.000000000,0.041094343,0.000000000,0.000000000
CR-C01-009-A0086,CR-C01-009,DS04,cerro_rojo,CAMPAIGN_01,170.000000000,172.000000000,2.000000000,0.039542783,0.000000000,0.000000000
CR-C01-009-A0087,CR-C01-009,DS04,cerro_rojo,CAMPAIGN_01,172.000000000,174.000000000,2.000000000,0.037638278,0.000000000,0.000000000
CR-C01-009-A0088,CR-C01-009,DS04,cerro_rojo,CAMPAIGN_01,174.000000000,176.000000000,2.000000000,0.043333354,0.000000000,0.000000000
CR-C01-009-A0089,CR-C01-009,DS04,cerro_rojo,CAMPAIGN_01,176.000000000,178.000000000,2.000000000,0.041987209,0.000000000,0.000000000
CR-C01-009-A0090,CR-C01-009,DS04,cerro_rojo,CAMPAIGN_01,178.000000000,180.000000000,2.000000000,0.042375710,0.000000000,0.000000000
CR-C01-009-A0091,CR-C01-009,DS04,cerro_rojo,CAMPAIGN_01,180.000000000,182.000000000,2.000000000,0.046839432,0.000000000,0.000000000
CR-C01-009-A0092,CR-C01-009,DS04,cerro_rojo,CAMPAIGN_01,182.000000000,184.000000000,2.000000000,0.044184421,0.000000000,0.000000000
CR-C01-009-A0093,CR-C01-009,DS04,cerro_rojo,CAMPAIGN_01,184.000000000,186.000000000,2.000000000,0.039276335,0.000000000,0.000000000
CR-C01-009-A0094,CR-C01-009,DS04,cerro_rojo,CAMPAIGN_01,186.000000000,188.000000000,2.000000000,0.046466592,0.000000000,0.000000000
CR-C01-009-A0095,CR-C01-009,DS04,cerro_rojo,CAMPAIGN_01,188.000000000,190.000000000,2.000000000,0.042444565,0.000000000,0.000000000
CR-C01-009-A0096,CR-C01-009,DS04,cerro_rojo,CAMPAIGN_01,190.000000000,192.000000000,2.000000000,0.048145477,0.000000000,0.000000000
CR-C01-009-A0097,CR-C01-009,DS04,cerro_rojo,CAMPAIGN_01,192.000000000,194.000000000,2.000000000,0.049244518,0.000000000,0.000000000
CR-C01-009-A0098,CR-C01-009,DS04,cerro_rojo,CAMPAIGN_01,194.000000000,196.000000000,2.000000000,0.045264591,0.000000000,0.000000000
CR-C01-009-A0099,CR-C01-009,DS04,cerro_rojo,CAMPAIGN_01,196.000000000,198.000000000,2.000000000,0.047736625,0.000000000,0.000000000
CR-C01-009-A0100,CR-C01-009,DS04,cerro_rojo,CAMPAIGN_01,198.000000000,200.000000000,2.000000000,0.048106971,0.000000000,0.000000000
CR-C01-009-A0101,CR-C01-009,DS04,cerro_rojo,CAMPAIGN_01,200.000000000,202.000000000,2.000000000,0.050026333,0.000000000,0.000000000
CR-C01-009-A0102,CR-C01-009,DS04,cerro_rojo,CAMPAIGN_01,202.000000000,204.000000000,2.000000000,0.048741942,0.000000000,0.000000000
CR-C01-009-A0103,CR-C01-009,DS04,cerro_rojo,CAMPAIGN_01,204.000000000,206.000000000,2.000000000,0.044096052,0.000000000,0.000000000
CR-C01-009-A0104,CR-C01-009,DS04,cerro_rojo,CAMPAIGN_01,206.000000000,208.000000000,2.000000000,0.050262343,0.000000000,0.000000000
CR-C01-009-A0105,CR-C01-009,DS04,cerro_rojo,CAMPAIGN_01,208.000000000,210.000000000,2.000000000,0.051668695,0.000000000,0.000000000
CR-C01-009-A0106,CR-C01-009,DS04,cerro_rojo,CAMPAIGN_01,210.000000000,212.000000000,2.000000000,0.048806705,0.000000000,0.000000000
CR-C01-009-A0107,CR-C01-009,DS04,cerro_rojo,CAMPAIGN_01,212.000000000,214.000000000,2.000000000,0.051707467,0.000000000,0.000000000
CR-C01-009-A0108,CR-C01-009,DS04,cerro_rojo,CAMPAIGN_01,214.000000000,216.000000000,2.000000000,0.046006130,0.000000000,0.000000000
CR-C01-009-A0109,CR-C01-009,DS04,cerro_rojo,CAMPAIGN_01,216.000000000,218.000000000,2.000000000,0.054848790,0.000000000,0.000000000
CR-C01-009-A0110,CR-C01-009,DS04,cerro_rojo,CAMPAIGN_01,218.000000000,220.000000000,2.000000000,0.049463669,0.000000000,0.000000000
CR-C01-009-A0111,CR-C01-009,DS04,cerro_rojo,CAMPAIGN_01,220.000000000,222.000000000,2.000000000,0.054327123,0.000000000,0.000000000
CR-C01-009-A0112,CR-C01-009,DS04,cerro_rojo,CAMPAIGN_01,222.000000000,224.000000000,2.000000000,0.050624150,0.000000000,0.000000000
CR-C01-009-A0113,CR-C01-009,DS04,cerro_rojo,CAMPAIGN_01,224.000000000,226.000000000,2.000000000,0.051518469,0.000000000,0.000000000
CR-C01-009-A0114,CR-C01-009,DS04,cerro_rojo,CAMPAIGN_01,226.000000000,228.000000000,2.000000000,0.056465357,0.000000000,0.000000000
CR-C01-009-A0115,CR-C01-009,DS04,cerro_rojo,CAMPAIGN_01,228.000000000,230.000000000,2.000000000,0.055185665,0.000000000,0.000000000
CR-C01-009-A0116,CR-C01-009,DS04,cerro_rojo,CAMPAIGN_01,230.000000000,232.000000000,2.000000000,0.057004127,0.000000000,0.000000000
CR-C01-009-A0117,CR-C01-009,DS04,cerro_rojo,CAMPAIGN_01,232.000000000,234.000000000,2.000000000,0.055623207,0.000000000,0.000000000
CR-C01-009-A0118,CR-C01-009,DS04,cerro_rojo,CAMPAIGN_01,234.000000000,236.000000000,2.000000000,0.054060075,0.000000000,0.000000000
CR-C01-009-A0119,CR-C01-009,DS04,cerro_rojo,CAMPAIGN_01,236.000000000,238.000000000,2.000000000,0.053073421,0.000000000,0.000000000
CR-C01-009-A0120,CR-C01-009,DS04,cerro_rojo,CAMPAIGN_01,238.000000000,240.000000000,2.000000000,0.050736594,0.000000000,0.000000000
CR-C01-009-A0121,CR-C01-009,DS04,cerro_rojo,CAMPAIGN_01,240.000000000,242.000000000,2.000000000,0.051501043,0.000000000,0.000000000
CR-C01-009-A0122,CR-C01-009,DS04,cerro_rojo,CAMPAIGN_01,242.000000000,244.000000000,2.000000000,0.051410253,0.000000000,0.000000000
CR-C01-009-A0123,CR-C01-009,DS04,cerro_rojo,CAMPAIGN_01,244.000000000,246.000000000,2.000000000,0.056727088,0.000000000,0.000000000
CR-C01-009-A0124,CR-C01-009,DS04,cerro_rojo,CAMPAIGN_01,246.000000000,248.000000000,2.000000000,0.058290444,0.000000000,0.000000000
CR-C01-009-A0125,CR-C01-009,DS04,cerro_rojo,CAMPAIGN_01,248.000000000,250.000000000,2.000000000,0.055344634,0.000000000,0.000000000
CR-C01-009-A0126,CR-C01-009,DS04,cerro_rojo,CAMPAIGN_01,250.000000000,252.000000000,2.000000000,0.051934123,0.000000000,0.000000000
CR-C01-009-A0127,CR-C01-009,DS04,cerro_rojo,CAMPAIGN_01,252.000000000,254.000000000,2.000000000,0.060099413,0.000000000,0.000000000
CR-C01-009-A0128,CR-C01-009,DS04,cerro_rojo,CAMPAIGN_01,254.000000000,256.000000000,2.000000000,0.062632093,0.000000000,0.000000000
CR-C01-009-A0129,CR-C01-009,DS04,cerro_rojo,CAMPAIGN_01,256.000000000,258.000000000,2.000000000,0.054935052,0.000000000,0.000000000
CR-C01-009-A0130,CR-C01-009,DS04,cerro_rojo,CAMPAIGN_01,258.000000000,260.000000000,2.000000000,0.056756008,0.000000000,0.000000000
CR-C01-009-A0131,CR-C01-009,DS04,cerro_rojo,CAMPAIGN_01,260.000000000,262.000000000,2.000000000,0.055623077,0.000000000,0.000000000
CR-C01-009-A0132,CR-C01-009,DS04,cerro_rojo,CAMPAIGN_01,262.000000000,264.000000000,2.000000000,0.062483782,0.000000000,0.000000000
CR-C01-009-A0133,CR-C01-009,DS04,cerro_rojo,CAMPAIGN_01,264.000000000,266.000000000,2.000000000,0.058727049,0.000000000,0.000000000
CR-C01-009-A0134,CR-C01-009,DS04,cerro_rojo,CAMPAIGN_01,266.000000000,268.000000000,2.000000000,0.060366455,0.000000000,0.000000000
CR-C01-009-A0135,CR-C01-009,DS04,cerro_rojo,CAMPAIGN_01,268.000000000,270.000000000,2.000000000,0.059812969,0.000000000,0.000000000
CR-C01-009-A0136,CR-C01-009,DS04,cerro_rojo,CAMPAIGN_01,270.000000000,272.000000000,2.000000000,0.061928813,0.000000000,0.000000000
CR-C01-009-A0137,CR-C01-009,DS04,cerro_rojo,CAMPAIGN_01,272.000000000,274.000000000,2.000000000,0.060099515,0.000000000,0.000000000
CR-C01-009-A0138,CR-C01-009,DS04,cerro_rojo,CAMPAIGN_01,274.000000000,276.000000000,2.000000000,0.057695384,0.000000000,0.000000000
CR-C01-009-A0139,CR-C01-009,DS04,cerro_rojo,CAMPAIGN_01,276.000000000,278.000000000,2.000000000,0.059654213,0.000000000,0.000000000
CR-C01-009-A0140,CR-C01-009,DS04,cerro_rojo,CAMPAIGN_01,278.000000000,280.000000000,2.000000000,0.056015554,0.000000000,0.000000000
CR-C01-009-A0141,CR-C01-009,DS04,cerro_rojo,CAMPAIGN_01,280.000000000,282.000000000,2.000000000,0.059832675,0.000000000,0.000000000
CR-C01-009-A0142,CR-C01-009,DS04,cerro_rojo,CAMPAIGN_01,282.000000000,284.000000000,2.000000000,0.058521342,0.000000000,0.000000000
CR-C01-009-A0143,CR-C01-009,DS04,cerro_rojo,CAMPAIGN_01,284.000000000,286.000000000,2.000000000,0.065252999,0.000000000,0.000000000
CR-C01-009-A0144,CR-C01-009,DS04,cerro_rojo,CAMPAIGN_01,286.000000000,288.000000000,2.000000000,0.056260838,0.000000000,0.000000000
CR-C01-009-A0145,CR-C01-009,DS04,cerro_rojo,CAMPAIGN_01,288.000000000,290.000000000,2.000000000,0.062300833,0.000000000,0.000000000
CR-C01-009-A0146,CR-C01-009,DS04,cerro_rojo,CAMPAIGN_01,290.000000000,292.000000000,2.000000000,0.060510481,0.000000000,0.000000000
CR-C01-009-A0147,CR-C01-009,DS04,cerro_rojo,CAMPAIGN_01,292.000000000,294.000000000,2.000000000,0.063089964,0.000000000,0.000000000
CR-C01-009-A0148,CR-C01-009,DS04,cerro_rojo,CAMPAIGN_01,294.000000000,296.000000000,2.000000000,0.065000775,0.000000000,0.000000000
CR-C01-009-A0149,CR-C01-009,DS04,cerro_rojo,CAMPAIGN_01,296.000000000,298.000000000,2.000000000,0.060394100,0.000000000,0.000000000
CR-C01-009-A0150,CR-C01-009,DS04,cerro_rojo,CAMPAIGN_01,298.000000000,300.000000000,2.000000000,0.061265205,0.000000000,0.000000000
CR-C01-009-A0151,CR-C01-009,DS04,cerro_rojo,CAMPAIGN_01,300.000000000,302.000000000,2.000000000,0.059891798,0.000000000,0.000000000
CR-C01-009-A0152,CR-C01-009,DS04,cerro_rojo,CAMPAIGN_01,302.000000000,304.000000000,2.000000000,0.057780367,0.000000000,0.000000000
CR-C01-009-A0153,CR-C01-009,DS04,cerro_rojo,CAMPAIGN_01,304.000000000,306.000000000,2.000000000,0.060536591,0.000000000,0.000000000
CR-C01-009-A0154,CR-C01-009,DS04,cerro_rojo,CAMPAIGN_01,306.000000000,308.000000000,2.000000000,0.061639398,0.000000000,0.000000000
CR-C01-009-A0155,CR-C01-009,DS04,cerro_rojo,CAMPAIGN_01,308.000000000,310.000000000,2.000000000,0.056939006,0.000000000,0.000000000
CR-C01-009-A0156,CR-C01-009,DS04,cerro_rojo,CAMPAIGN_01,310.000000000,312.000000000,2.000000000,0.060440153,0.000000000,0.000000000
CR-C01-009-A0157,CR-C01-009,DS04,cerro_rojo,CAMPAIGN_01,312.000000000,314.000000000,2.000000000,0.055351738,0.000000000,0.000000000
CR-C01-009-A0158,CR-C01-009,DS04,cerro_rojo,CAMPAIGN_01,314.000000000,314.281016836,0.281016836,0.057859565,0.000000000,0.000000000
CR-C02-001-A0001,CR-C02-001,DS04,cerro_rojo,CAMPAIGN_02,0.000000000,2.000000000,2.000000000,0.078270820,0.000000000,0.000000000
CR-C02-001-A0002,CR-C02-001,DS04,cerro_rojo,CAMPAIGN_02,2.000000000,4.000000000,2.000000000,0.068637071,0.000000000,0.000000000
CR-C02-001-A0003,CR-C02-001,DS04,cerro_rojo,CAMPAIGN_02,4.000000000,6.000000000,2.000000000,0.075320851,0.000000000,0.000000000
CR-C02-001-A0004,CR-C02-001,DS04,cerro_rojo,CAMPAIGN_02,6.000000000,8.000000000,2.000000000,0.075774533,0.000000000,0.000000000
CR-C02-001-A0005,CR-C02-001,DS04,cerro_rojo,CAMPAIGN_02,8.000000000,10.000000000,2.000000000,0.084206369,0.000000000,0.000000000
CR-C02-001-A0006,CR-C02-001,DS04,cerro_rojo,CAMPAIGN_02,10.000000000,12.000000000,2.000000000,0.079501441,0.000000000,0.000000000
CR-C02-001-A0007,CR-C02-001,DS04,cerro_rojo,CAMPAIGN_02,12.000000000,14.000000000,2.000000000,0.081530363,0.000000000,0.000000000
CR-C02-001-A0008,CR-C02-001,DS04,cerro_rojo,CAMPAIGN_02,14.000000000,16.000000000,2.000000000,0.093005025,0.000000000,0.000000000
CR-C02-001-A0009,CR-C02-001,DS04,cerro_rojo,CAMPAIGN_02,16.000000000,18.000000000,2.000000000,0.091187615,0.000000000,0.000000000
CR-C02-001-A0010,CR-C02-001,DS04,cerro_rojo,CAMPAIGN_02,18.000000000,20.000000000,2.000000000,0.089024958,0.000000000,0.000000000
CR-C02-001-A0011,CR-C02-001,DS04,cerro_rojo,CAMPAIGN_02,20.000000000,22.000000000,2.000000000,0.096634771,0.000000000,0.000000000
CR-C02-001-A0012,CR-C02-001,DS04,cerro_rojo,CAMPAIGN_02,22.000000000,24.000000000,2.000000000,0.100467204,0.000000000,0.000000000
CR-C02-001-A0013,CR-C02-001,DS04,cerro_rojo,CAMPAIGN_02,24.000000000,26.000000000,2.000000000,0.093887022,0.000000000,0.000000000
CR-C02-001-A0014,CR-C02-001,DS04,cerro_rojo,CAMPAIGN_02,26.000000000,28.000000000,2.000000000,0.095940078,0.000000000,0.000000000
CR-C02-001-A0015,CR-C02-001,DS04,cerro_rojo,CAMPAIGN_02,28.000000000,30.000000000,2.000000000,0.096990172,0.000000000,0.000000000
CR-C02-001-A0016,CR-C02-001,DS04,cerro_rojo,CAMPAIGN_02,30.000000000,32.000000000,2.000000000,0.104394913,0.000000000,0.000000000
CR-C02-001-A0017,CR-C02-001,DS04,cerro_rojo,CAMPAIGN_02,32.000000000,34.000000000,2.000000000,0.110995753,0.000000000,0.000000000
CR-C02-001-A0018,CR-C02-001,DS04,cerro_rojo,CAMPAIGN_02,34.000000000,36.000000000,2.000000000,0.107361547,0.000000000,0.000000000
CR-C02-001-A0019,CR-C02-001,DS04,cerro_rojo,CAMPAIGN_02,36.000000000,38.000000000,2.000000000,0.108003922,0.000000000,0.000000000
CR-C02-001-A0020,CR-C02-001,DS04,cerro_rojo,CAMPAIGN_02,38.000000000,40.000000000,2.000000000,0.118803712,0.000000000,0.000000000
CR-C02-001-A0021,CR-C02-001,DS04,cerro_rojo,CAMPAIGN_02,40.000000000,42.000000000,2.000000000,0.122479058,0.000000000,0.000000000
CR-C02-001-A0022,CR-C02-001,DS04,cerro_rojo,CAMPAIGN_02,42.000000000,44.000000000,2.000000000,0.114628997,0.000000000,0.000000000
CR-C02-001-A0023,CR-C02-001,DS04,cerro_rojo,CAMPAIGN_02,44.000000000,46.000000000,2.000000000,0.134257515,0.000000000,0.000000000
CR-C02-001-A0024,CR-C02-001,DS04,cerro_rojo,CAMPAIGN_02,46.000000000,48.000000000,2.000000000,0.130253331,0.000000000,0.000000000
CR-C02-001-A0025,CR-C02-001,DS04,cerro_rojo,CAMPAIGN_02,48.000000000,50.000000000,2.000000000,0.125163346,0.000000000,0.000000000
CR-C02-001-A0026,CR-C02-001,DS04,cerro_rojo,CAMPAIGN_02,50.000000000,52.000000000,2.000000000,0.132597833,0.000000000,0.000000000
CR-C02-001-A0027,CR-C02-001,DS04,cerro_rojo,CAMPAIGN_02,52.000000000,54.000000000,2.000000000,0.137107989,0.000000000,0.000000000
CR-C02-001-A0028,CR-C02-001,DS04,cerro_rojo,CAMPAIGN_02,54.000000000,56.000000000,2.000000000,0.142856414,0.000000000,0.000000000
CR-C02-001-A0029,CR-C02-001,DS04,cerro_rojo,CAMPAIGN_02,56.000000000,58.000000000,2.000000000,0.150594185,0.000000000,0.000000000
CR-C02-001-A0030,CR-C02-001,DS04,cerro_rojo,CAMPAIGN_02,58.000000000,60.000000000,2.000000000,0.150854664,0.000000000,0.000000000
CR-C02-001-A0031,CR-C02-001,DS04,cerro_rojo,CAMPAIGN_02,60.000000000,62.000000000,2.000000000,0.156003381,0.000000000,0.000000000
CR-C02-001-A0032,CR-C02-001,DS04,cerro_rojo,CAMPAIGN_02,62.000000000,64.000000000,2.000000000,0.150397421,0.000000000,0.000000000
CR-C02-001-A0033,CR-C02-001,DS04,cerro_rojo,CAMPAIGN_02,64.000000000,66.000000000,2.000000000,0.157782812,0.000000000,0.000000000
CR-C02-001-A0034,CR-C02-001,DS04,cerro_rojo,CAMPAIGN_02,66.000000000,68.000000000,2.000000000,0.157233080,0.000000000,0.000000000
CR-C02-001-A0035,CR-C02-001,DS04,cerro_rojo,CAMPAIGN_02,68.000000000,70.000000000,2.000000000,0.156128415,0.000000000,0.000000000
CR-C02-001-A0036,CR-C02-001,DS04,cerro_rojo,CAMPAIGN_02,70.000000000,72.000000000,2.000000000,0.155143141,0.000000000,0.000000000
CR-C02-001-A0037,CR-C02-001,DS04,cerro_rojo,CAMPAIGN_02,72.000000000,74.000000000,2.000000000,0.183229975,0.000000000,0.000000000
CR-C02-001-A0038,CR-C02-001,DS04,cerro_rojo,CAMPAIGN_02,74.000000000,76.000000000,2.000000000,0.175258223,0.000000000,0.000000000
CR-C02-001-A0039,CR-C02-001,DS04,cerro_rojo,CAMPAIGN_02,76.000000000,78.000000000,2.000000000,0.176803266,0.000000000,0.000000000
CR-C02-001-A0040,CR-C02-001,DS04,cerro_rojo,CAMPAIGN_02,78.000000000,80.000000000,2.000000000,0.195584966,0.000000000,0.000000000
CR-C02-001-A0041,CR-C02-001,DS04,cerro_rojo,CAMPAIGN_02,80.000000000,82.000000000,2.000000000,0.197147106,0.000000000,0.000000000
CR-C02-001-A0042,CR-C02-001,DS04,cerro_rojo,CAMPAIGN_02,82.000000000,84.000000000,2.000000000,0.205536083,0.000000000,0.000000000
CR-C02-001-A0043,CR-C02-001,DS04,cerro_rojo,CAMPAIGN_02,84.000000000,86.000000000,2.000000000,0.204218533,0.000000000,0.000000000
CR-C02-001-A0044,CR-C02-001,DS04,cerro_rojo,CAMPAIGN_02,86.000000000,88.000000000,2.000000000,0.214205950,0.000000000,0.000000000
CR-C02-001-A0045,CR-C02-001,DS04,cerro_rojo,CAMPAIGN_02,88.000000000,90.000000000,2.000000000,0.216458827,0.000000000,0.000000000
CR-C02-001-A0046,CR-C02-001,DS04,cerro_rojo,CAMPAIGN_02,90.000000000,92.000000000,2.000000000,0.205599084,0.000000000,0.000000000
CR-C02-001-A0047,CR-C02-001,DS04,cerro_rojo,CAMPAIGN_02,92.000000000,94.000000000,2.000000000,0.221126842,0.000000000,0.000000000
CR-C02-001-A0048,CR-C02-001,DS04,cerro_rojo,CAMPAIGN_02,94.000000000,96.000000000,2.000000000,0.223129767,0.000000000,0.000000000
CR-C02-001-A0049,CR-C02-001,DS04,cerro_rojo,CAMPAIGN_02,96.000000000,98.000000000,2.000000000,0.232769489,0.000000000,0.000000000
CR-C02-001-A0050,CR-C02-001,DS04,cerro_rojo,CAMPAIGN_02,98.000000000,100.000000000,2.000000000,0.227309633,0.000000000,0.000000000
CR-C02-001-A0051,CR-C02-001,DS04,cerro_rojo,CAMPAIGN_02,100.000000000,102.000000000,2.000000000,0.229596640,0.000000000,0.000000000
CR-C02-001-A0052,CR-C02-001,DS04,cerro_rojo,CAMPAIGN_02,102.000000000,104.000000000,2.000000000,0.262494674,0.000000000,0.000000000
CR-C02-001-A0053,CR-C02-001,DS04,cerro_rojo,CAMPAIGN_02,104.000000000,106.000000000,2.000000000,0.235317901,0.000000000,0.000000000
CR-C02-001-A0054,CR-C02-001,DS04,cerro_rojo,CAMPAIGN_02,106.000000000,108.000000000,2.000000000,0.244942561,0.000000000,0.000000000
CR-C02-001-A0055,CR-C02-001,DS04,cerro_rojo,CAMPAIGN_02,108.000000000,110.000000000,2.000000000,0.245760268,0.000000000,0.000000000
CR-C02-001-A0056,CR-C02-001,DS04,cerro_rojo,CAMPAIGN_02,110.000000000,112.000000000,2.000000000,0.267176051,0.000000000,0.000000000
CR-C02-001-A0057,CR-C02-001,DS04,cerro_rojo,CAMPAIGN_02,112.000000000,114.000000000,2.000000000,0.245746735,0.000000000,0.000000000
CR-C02-001-A0058,CR-C02-001,DS04,cerro_rojo,CAMPAIGN_02,114.000000000,116.000000000,2.000000000,0.266224226,0.000000000,0.000000000
CR-C02-001-A0059,CR-C02-001,DS04,cerro_rojo,CAMPAIGN_02,116.000000000,118.000000000,2.000000000,0.261336750,0.000000000,0.000000000
CR-C02-001-A0060,CR-C02-001,DS04,cerro_rojo,CAMPAIGN_02,118.000000000,120.000000000,2.000000000,0.286893471,0.000000000,0.000000000
CR-C02-001-A0061,CR-C02-001,DS04,cerro_rojo,CAMPAIGN_02,120.000000000,122.000000000,2.000000000,0.277713485,0.000000000,0.000000000
CR-C02-001-A0062,CR-C02-001,DS04,cerro_rojo,CAMPAIGN_02,122.000000000,124.000000000,2.000000000,0.279355477,0.000000000,0.000000000
CR-C02-001-A0063,CR-C02-001,DS04,cerro_rojo,CAMPAIGN_02,124.000000000,126.000000000,2.000000000,0.276912457,0.000000000,0.000000000
CR-C02-001-A0064,CR-C02-001,DS04,cerro_rojo,CAMPAIGN_02,126.000000000,128.000000000,2.000000000,0.291183290,0.000000000,0.000000000
CR-C02-001-A0065,CR-C02-001,DS04,cerro_rojo,CAMPAIGN_02,128.000000000,130.000000000,2.000000000,0.309785469,0.000000000,0.000000000
CR-C02-001-A0066,CR-C02-001,DS04,cerro_rojo,CAMPAIGN_02,130.000000000,132.000000000,2.000000000,0.298499936,0.000000000,0.000000000
CR-C02-001-A0067,CR-C02-001,DS04,cerro_rojo,CAMPAIGN_02,132.000000000,134.000000000,2.000000000,0.306344254,0.000000000,0.000000000
CR-C02-001-A0068,CR-C02-001,DS04,cerro_rojo,CAMPAIGN_02,134.000000000,136.000000000,2.000000000,0.295270930,0.000000000,0.000000000
CR-C02-001-A0069,CR-C02-001,DS04,cerro_rojo,CAMPAIGN_02,136.000000000,138.000000000,2.000000000,0.306792132,0.000000000,0.000000000
CR-C02-001-A0070,CR-C02-001,DS04,cerro_rojo,CAMPAIGN_02,138.000000000,140.000000000,2.000000000,0.315796368,0.000000000,0.000000000
CR-C02-001-A0071,CR-C02-001,DS04,cerro_rojo,CAMPAIGN_02,140.000000000,142.000000000,2.000000000,0.314124923,0.000000000,0.000000000
CR-C02-001-A0072,CR-C02-001,DS04,cerro_rojo,CAMPAIGN_02,142.000000000,144.000000000,2.000000000,0.317315139,0.000000000,0.000000000
CR-C02-001-A0073,CR-C02-001,DS04,cerro_rojo,CAMPAIGN_02,144.000000000,146.000000000,2.000000000,0.334609057,0.000000000,0.000000000
CR-C02-001-A0074,CR-C02-001,DS04,cerro_rojo,CAMPAIGN_02,146.000000000,148.000000000,2.000000000,0.301239913,0.000000000,0.000000000
CR-C02-001-A0075,CR-C02-001,DS04,cerro_rojo,CAMPAIGN_02,148.000000000,150.000000000,2.000000000,0.319356597,0.000000000,0.000000000
CR-C02-001-A0076,CR-C02-001,DS04,cerro_rojo,CAMPAIGN_02,150.000000000,152.000000000,2.000000000,0.330944893,0.000000000,0.000000000
CR-C02-001-A0077,CR-C02-001,DS04,cerro_rojo,CAMPAIGN_02,152.000000000,154.000000000,2.000000000,0.349640408,0.000000000,0.000000000
CR-C02-001-A0078,CR-C02-001,DS04,cerro_rojo,CAMPAIGN_02,154.000000000,156.000000000,2.000000000,0.352301428,0.000000000,0.000000000
CR-C02-001-A0079,CR-C02-001,DS04,cerro_rojo,CAMPAIGN_02,156.000000000,158.000000000,2.000000000,0.338951994,0.000000000,0.000000000
CR-C02-001-A0080,CR-C02-001,DS04,cerro_rojo,CAMPAIGN_02,158.000000000,160.000000000,2.000000000,0.347165286,0.000000000,0.000000000
CR-C02-001-A0081,CR-C02-001,DS04,cerro_rojo,CAMPAIGN_02,160.000000000,162.000000000,2.000000000,0.365270287,0.000000000,0.000000000
CR-C02-001-A0082,CR-C02-001,DS04,cerro_rojo,CAMPAIGN_02,162.000000000,164.000000000,2.000000000,0.374184671,0.000000000,0.000000000
CR-C02-001-A0083,CR-C02-001,DS04,cerro_rojo,CAMPAIGN_02,164.000000000,166.000000000,2.000000000,0.356734104,0.000000000,0.000000000
CR-C02-001-A0084,CR-C02-001,DS04,cerro_rojo,CAMPAIGN_02,166.000000000,168.000000000,2.000000000,0.370477795,0.000000000,0.000000000
CR-C02-001-A0085,CR-C02-001,DS04,cerro_rojo,CAMPAIGN_02,168.000000000,170.000000000,2.000000000,0.385116122,0.000000000,0.000000000
CR-C02-001-A0086,CR-C02-001,DS04,cerro_rojo,CAMPAIGN_02,170.000000000,172.000000000,2.000000000,0.364643966,0.000000000,0.000000000
CR-C02-001-A0087,CR-C02-001,DS04,cerro_rojo,CAMPAIGN_02,172.000000000,174.000000000,2.000000000,0.351963784,0.000000000,0.000000000
CR-C02-001-A0088,CR-C02-001,DS04,cerro_rojo,CAMPAIGN_02,174.000000000,176.000000000,2.000000000,0.385459044,0.000000000,0.000000000
CR-C02-001-A0089,CR-C02-001,DS04,cerro_rojo,CAMPAIGN_02,176.000000000,178.000000000,2.000000000,0.405552264,0.000000000,0.000000000
CR-C02-001-A0090,CR-C02-001,DS04,cerro_rojo,CAMPAIGN_02,178.000000000,180.000000000,2.000000000,0.396861014,0.000000000,0.000000000
CR-C02-001-A0091,CR-C02-001,DS04,cerro_rojo,CAMPAIGN_02,180.000000000,182.000000000,2.000000000,0.370646645,0.000000000,0.000000000
CR-C02-001-A0092,CR-C02-001,DS04,cerro_rojo,CAMPAIGN_02,182.000000000,184.000000000,2.000000000,0.440228583,0.000000000,0.000000000
CR-C02-001-A0093,CR-C02-001,DS04,cerro_rojo,CAMPAIGN_02,184.000000000,186.000000000,2.000000000,0.410679717,0.000000000,0.000000000
CR-C02-001-A0094,CR-C02-001,DS04,cerro_rojo,CAMPAIGN_02,186.000000000,188.000000000,2.000000000,0.406967168,0.000000000,0.000000000
CR-C02-001-A0095,CR-C02-001,DS04,cerro_rojo,CAMPAIGN_02,188.000000000,190.000000000,2.000000000,0.415037703,0.000000000,0.000000000
CR-C02-001-A0096,CR-C02-001,DS04,cerro_rojo,CAMPAIGN_02,190.000000000,192.000000000,2.000000000,0.450569008,0.000000000,0.000000000
CR-C02-001-A0097,CR-C02-001,DS04,cerro_rojo,CAMPAIGN_02,192.000000000,194.000000000,2.000000000,0.441054132,0.000000000,0.000000000
CR-C02-001-A0098,CR-C02-001,DS04,cerro_rojo,CAMPAIGN_02,194.000000000,196.000000000,2.000000000,0.438548677,0.000000000,0.000000000
CR-C02-001-A0099,CR-C02-001,DS04,cerro_rojo,CAMPAIGN_02,196.000000000,198.000000000,2.000000000,0.476751479,0.000000000,0.000000000
CR-C02-001-A0100,CR-C02-001,DS04,cerro_rojo,CAMPAIGN_02,198.000000000,200.000000000,2.000000000,0.442362021,0.000000000,0.000000000
CR-C02-001-A0101,CR-C02-001,DS04,cerro_rojo,CAMPAIGN_02,200.000000000,202.000000000,2.000000000,0.463822615,0.000000000,0.000000000
CR-C02-001-A0102,CR-C02-001,DS04,cerro_rojo,CAMPAIGN_02,202.000000000,204.000000000,2.000000000,0.512201357,0.000000000,0.000000000
CR-C02-001-A0103,CR-C02-001,DS04,cerro_rojo,CAMPAIGN_02,204.000000000,206.000000000,2.000000000,0.518845773,0.000000000,0.000000000
CR-C02-001-A0104,CR-C02-001,DS04,cerro_rojo,CAMPAIGN_02,206.000000000,208.000000000,2.000000000,0.534955214,0.000000000,0.000000000
CR-C02-001-A0105,CR-C02-001,DS04,cerro_rojo,CAMPAIGN_02,208.000000000,210.000000000,2.000000000,0.490395779,0.000000000,0.000000000
CR-C02-001-A0106,CR-C02-001,DS04,cerro_rojo,CAMPAIGN_02,210.000000000,212.000000000,2.000000000,0.487858747,0.000000000,0.000000000
CR-C02-001-A0107,CR-C02-001,DS04,cerro_rojo,CAMPAIGN_02,212.000000000,214.000000000,2.000000000,0.442262388,0.000000000,0.000000000
CR-C02-001-A0108,CR-C02-001,DS04,cerro_rojo,CAMPAIGN_02,214.000000000,216.000000000,2.000000000,0.523426634,0.000000000,0.000000000
CR-C02-001-A0109,CR-C02-001,DS04,cerro_rojo,CAMPAIGN_02,216.000000000,218.000000000,2.000000000,0.476904063,0.000000000,0.000000000
CR-C02-001-A0110,CR-C02-001,DS04,cerro_rojo,CAMPAIGN_02,218.000000000,220.000000000,2.000000000,0.511575742,0.000000000,0.000000000
CR-C02-001-A0111,CR-C02-001,DS04,cerro_rojo,CAMPAIGN_02,220.000000000,222.000000000,2.000000000,0.514280807,0.000000000,0.000000000
CR-C02-001-A0112,CR-C02-001,DS04,cerro_rojo,CAMPAIGN_02,222.000000000,224.000000000,2.000000000,0.515697692,0.000000000,0.000000000
CR-C02-001-A0113,CR-C02-001,DS04,cerro_rojo,CAMPAIGN_02,224.000000000,226.000000000,2.000000000,0.554056416,0.000000000,0.000000000
CR-C02-001-A0114,CR-C02-001,DS04,cerro_rojo,CAMPAIGN_02,226.000000000,228.000000000,2.000000000,0.512336868,0.000000000,0.000000000
CR-C02-001-A0115,CR-C02-001,DS04,cerro_rojo,CAMPAIGN_02,228.000000000,230.000000000,2.000000000,0.517871911,0.000000000,0.000000000
CR-C02-001-A0116,CR-C02-001,DS04,cerro_rojo,CAMPAIGN_02,230.000000000,232.000000000,2.000000000,0.503067676,0.000000000,0.000000000
CR-C02-001-A0117,CR-C02-001,DS04,cerro_rojo,CAMPAIGN_02,232.000000000,234.000000000,2.000000000,0.545237682,0.000000000,0.000000000
CR-C02-001-A0118,CR-C02-001,DS04,cerro_rojo,CAMPAIGN_02,234.000000000,236.000000000,2.000000000,0.558943074,0.000000000,0.000000000
CR-C02-001-A0119,CR-C02-001,DS04,cerro_rojo,CAMPAIGN_02,236.000000000,238.000000000,2.000000000,0.517889303,0.000000000,0.000000000
CR-C02-001-A0120,CR-C02-001,DS04,cerro_rojo,CAMPAIGN_02,238.000000000,240.000000000,2.000000000,0.525787595,0.000000000,0.000000000
CR-C02-001-A0121,CR-C02-001,DS04,cerro_rojo,CAMPAIGN_02,240.000000000,242.000000000,2.000000000,0.539662992,0.000000000,0.000000000
CR-C02-001-A0122,CR-C02-001,DS04,cerro_rojo,CAMPAIGN_02,242.000000000,242.488666324,0.488666324,0.544794989,0.000000000,0.000000000
CR-C02-002-A0001,CR-C02-002,DS04,cerro_rojo,CAMPAIGN_02,0.000000000,2.000000000,2.000000000,0.000000000,0.000000000,0.000000000
CR-C02-002-A0002,CR-C02-002,DS04,cerro_rojo,CAMPAIGN_02,2.000000000,4.000000000,2.000000000,0.102149940,0.000000000,0.000000000
CR-C02-002-A0003,CR-C02-002,DS04,cerro_rojo,CAMPAIGN_02,4.000000000,6.000000000,2.000000000,0.099663359,0.000000000,0.000000000
CR-C02-002-A0004,CR-C02-002,DS04,cerro_rojo,CAMPAIGN_02,6.000000000,8.000000000,2.000000000,0.101376098,0.000000000,0.000000000
CR-C02-002-A0005,CR-C02-002,DS04,cerro_rojo,CAMPAIGN_02,8.000000000,10.000000000,2.000000000,0.106573173,0.000000000,0.000000000
CR-C02-002-A0006,CR-C02-002,DS04,cerro_rojo,CAMPAIGN_02,10.000000000,12.000000000,2.000000000,0.114290360,0.000000000,0.000000000
CR-C02-002-A0007,CR-C02-002,DS04,cerro_rojo,CAMPAIGN_02,12.000000000,14.000000000,2.000000000,0.116216512,0.000000000,0.000000000
CR-C02-002-A0008,CR-C02-002,DS04,cerro_rojo,CAMPAIGN_02,14.000000000,16.000000000,2.000000000,0.117923554,0.000000000,0.000000000
CR-C02-002-A0009,CR-C02-002,DS04,cerro_rojo,CAMPAIGN_02,16.000000000,18.000000000,2.000000000,0.118797362,0.000000000,0.000000000
CR-C02-002-A0010,CR-C02-002,DS04,cerro_rojo,CAMPAIGN_02,18.000000000,20.000000000,2.000000000,0.108582786,0.000000000,0.000000000
CR-C02-002-A0011,CR-C02-002,DS04,cerro_rojo,CAMPAIGN_02,20.000000000,22.000000000,2.000000000,0.128451123,0.000000000,0.000000000
CR-C02-002-A0012,CR-C02-002,DS04,cerro_rojo,CAMPAIGN_02,22.000000000,24.000000000,2.000000000,0.122476515,0.000000000,0.000000000
CR-C02-002-A0013,CR-C02-002,DS04,cerro_rojo,CAMPAIGN_02,24.000000000,26.000000000,2.000000000,0.138213147,0.000000000,0.000000000
CR-C02-002-A0014,CR-C02-002,DS04,cerro_rojo,CAMPAIGN_02,26.000000000,28.000000000,2.000000000,0.131889759,0.000000000,0.000000000
CR-C02-002-A0015,CR-C02-002,DS04,cerro_rojo,CAMPAIGN_02,28.000000000,30.000000000,2.000000000,0.144723764,0.000000000,0.000000000
CR-C02-002-A0016,CR-C02-002,DS04,cerro_rojo,CAMPAIGN_02,30.000000000,32.000000000,2.000000000,0.155266316,0.000000000,0.000000000
CR-C02-002-A0017,CR-C02-002,DS04,cerro_rojo,CAMPAIGN_02,32.000000000,34.000000000,2.000000000,0.145777883,0.000000000,0.000000000
CR-C02-002-A0018,CR-C02-002,DS04,cerro_rojo,CAMPAIGN_02,34.000000000,36.000000000,2.000000000,0.144206297,0.000000000,0.000000000
CR-C02-002-A0019,CR-C02-002,DS04,cerro_rojo,CAMPAIGN_02,36.000000000,38.000000000,2.000000000,0.162186601,0.000000000,0.000000000
CR-C02-002-A0020,CR-C02-002,DS04,cerro_rojo,CAMPAIGN_02,38.000000000,40.000000000,2.000000000,0.153551627,0.000000000,0.000000000
CR-C02-002-A0021,CR-C02-002,DS04,cerro_rojo,CAMPAIGN_02,40.000000000,42.000000000,2.000000000,0.167772959,0.000000000,0.000000000
CR-C02-002-A0022,CR-C02-002,DS04,cerro_rojo,CAMPAIGN_02,42.000000000,44.000000000,2.000000000,0.163264973,0.000000000,0.000000000
CR-C02-002-A0023,CR-C02-002,DS04,cerro_rojo,CAMPAIGN_02,44.000000000,46.000000000,2.000000000,0.175100930,0.000000000,0.000000000
CR-C02-002-A0024,CR-C02-002,DS04,cerro_rojo,CAMPAIGN_02,46.000000000,48.000000000,2.000000000,0.190854509,0.000000000,0.000000000
CR-C02-002-A0025,CR-C02-002,DS04,cerro_rojo,CAMPAIGN_02,48.000000000,50.000000000,2.000000000,0.180003967,0.000000000,0.000000000
CR-C02-002-A0026,CR-C02-002,DS04,cerro_rojo,CAMPAIGN_02,50.000000000,52.000000000,2.000000000,0.172250912,0.000000000,0.000000000
CR-C02-002-A0027,CR-C02-002,DS04,cerro_rojo,CAMPAIGN_02,52.000000000,54.000000000,2.000000000,0.207170732,0.000000000,0.000000000
CR-C02-002-A0028,CR-C02-002,DS04,cerro_rojo,CAMPAIGN_02,54.000000000,56.000000000,2.000000000,0.195230704,0.000000000,0.000000000
CR-C02-002-A0029,CR-C02-002,DS04,cerro_rojo,CAMPAIGN_02,56.000000000,58.000000000,2.000000000,0.205829342,0.000000000,0.000000000
CR-C02-002-A0030,CR-C02-002,DS04,cerro_rojo,CAMPAIGN_02,58.000000000,60.000000000,2.000000000,0.218730627,0.000000000,0.000000000
CR-C02-002-A0031,CR-C02-002,DS04,cerro_rojo,CAMPAIGN_02,60.000000000,62.000000000,2.000000000,0.213917214,0.000000000,0.000000000
CR-C02-002-A0032,CR-C02-002,DS04,cerro_rojo,CAMPAIGN_02,62.000000000,64.000000000,2.000000000,0.225519183,0.000000000,0.000000000
CR-C02-002-A0033,CR-C02-002,DS04,cerro_rojo,CAMPAIGN_02,64.000000000,66.000000000,2.000000000,0.232231855,0.000000000,0.000000000
CR-C02-002-A0034,CR-C02-002,DS04,cerro_rojo,CAMPAIGN_02,66.000000000,68.000000000,2.000000000,0.217588469,0.000000000,0.000000000
CR-C02-002-A0035,CR-C02-002,DS04,cerro_rojo,CAMPAIGN_02,68.000000000,70.000000000,2.000000000,0.234701163,0.000000000,0.000000000
CR-C02-002-A0036,CR-C02-002,DS04,cerro_rojo,CAMPAIGN_02,70.000000000,72.000000000,2.000000000,0.246675490,0.000000000,0.000000000
CR-C02-002-A0037,CR-C02-002,DS04,cerro_rojo,CAMPAIGN_02,72.000000000,74.000000000,2.000000000,0.249794252,0.000000000,0.000000000
CR-C02-002-A0038,CR-C02-002,DS04,cerro_rojo,CAMPAIGN_02,74.000000000,76.000000000,2.000000000,0.242841183,0.000000000,0.000000000
CR-C02-002-A0039,CR-C02-002,DS04,cerro_rojo,CAMPAIGN_02,76.000000000,78.000000000,2.000000000,0.270400864,0.000000000,0.000000000
CR-C02-002-A0040,CR-C02-002,DS04,cerro_rojo,CAMPAIGN_02,78.000000000,80.000000000,2.000000000,0.246114094,0.000000000,0.000000000
CR-C02-002-A0041,CR-C02-002,DS04,cerro_rojo,CAMPAIGN_02,80.000000000,82.000000000,2.000000000,0.247298255,0.000000000,0.000000000
CR-C02-002-A0042,CR-C02-002,DS04,cerro_rojo,CAMPAIGN_02,82.000000000,84.000000000,2.000000000,0.261329357,0.000000000,0.000000000
CR-C02-002-A0043,CR-C02-002,DS04,cerro_rojo,CAMPAIGN_02,84.000000000,86.000000000,2.000000000,0.283523449,0.000000000,0.000000000
CR-C02-002-A0044,CR-C02-002,DS04,cerro_rojo,CAMPAIGN_02,86.000000000,88.000000000,2.000000000,0.270861653,0.000000000,0.000000000
CR-C02-002-A0045,CR-C02-002,DS04,cerro_rojo,CAMPAIGN_02,88.000000000,90.000000000,2.000000000,0.289606399,0.000000000,0.000000000
CR-C02-002-A0046,CR-C02-002,DS04,cerro_rojo,CAMPAIGN_02,90.000000000,92.000000000,2.000000000,0.279252935,0.000000000,0.000000000
CR-C02-002-A0047,CR-C02-002,DS04,cerro_rojo,CAMPAIGN_02,92.000000000,94.000000000,2.000000000,0.299748057,0.000000000,0.000000000
CR-C02-002-A0048,CR-C02-002,DS04,cerro_rojo,CAMPAIGN_02,94.000000000,96.000000000,2.000000000,0.329641770,0.000000000,0.000000000
CR-C02-002-A0049,CR-C02-002,DS04,cerro_rojo,CAMPAIGN_02,96.000000000,98.000000000,2.000000000,0.330671967,0.000000000,0.000000000
CR-C02-002-A0050,CR-C02-002,DS04,cerro_rojo,CAMPAIGN_02,98.000000000,100.000000000,2.000000000,0.314367346,0.000000000,0.000000000
CR-C02-002-A0051,CR-C02-002,DS04,cerro_rojo,CAMPAIGN_02,100.000000000,102.000000000,2.000000000,0.319780673,0.000000000,0.000000000
CR-C02-002-A0052,CR-C02-002,DS04,cerro_rojo,CAMPAIGN_02,102.000000000,104.000000000,2.000000000,0.319314770,0.000000000,0.000000000
CR-C02-002-A0053,CR-C02-002,DS04,cerro_rojo,CAMPAIGN_02,104.000000000,106.000000000,2.000000000,0.350196469,0.000000000,0.000000000
CR-C02-002-A0054,CR-C02-002,DS04,cerro_rojo,CAMPAIGN_02,106.000000000,108.000000000,2.000000000,0.335000253,0.000000000,0.000000000
CR-C02-002-A0055,CR-C02-002,DS04,cerro_rojo,CAMPAIGN_02,108.000000000,110.000000000,2.000000000,0.361612800,0.000000000,0.000000000
CR-C02-002-A0056,CR-C02-002,DS04,cerro_rojo,CAMPAIGN_02,110.000000000,112.000000000,2.000000000,0.346577026,0.000000000,0.000000000
CR-C02-002-A0057,CR-C02-002,DS04,cerro_rojo,CAMPAIGN_02,112.000000000,114.000000000,2.000000000,0.380019753,0.000000000,0.000000000
CR-C02-002-A0058,CR-C02-002,DS04,cerro_rojo,CAMPAIGN_02,114.000000000,116.000000000,2.000000000,0.360890027,0.000000000,0.000000000
CR-C02-002-A0059,CR-C02-002,DS04,cerro_rojo,CAMPAIGN_02,116.000000000,118.000000000,2.000000000,0.383841333,0.000000000,0.000000000
CR-C02-002-A0060,CR-C02-002,DS04,cerro_rojo,CAMPAIGN_02,118.000000000,120.000000000,2.000000000,0.367844124,0.000000000,0.000000000
CR-C02-002-A0061,CR-C02-002,DS04,cerro_rojo,CAMPAIGN_02,120.000000000,122.000000000,2.000000000,0.385391732,0.000000000,0.000000000
CR-C02-002-A0062,CR-C02-002,DS04,cerro_rojo,CAMPAIGN_02,122.000000000,124.000000000,2.000000000,0.401974958,0.000000000,0.000000000
CR-C02-002-A0063,CR-C02-002,DS04,cerro_rojo,CAMPAIGN_02,124.000000000,126.000000000,2.000000000,0.390759266,0.000000000,0.000000000
CR-C02-002-A0064,CR-C02-002,DS04,cerro_rojo,CAMPAIGN_02,126.000000000,128.000000000,2.000000000,0.406044800,0.000000000,0.000000000
CR-C02-002-A0065,CR-C02-002,DS04,cerro_rojo,CAMPAIGN_02,128.000000000,130.000000000,2.000000000,0.385756637,0.000000000,0.000000000
CR-C02-002-A0066,CR-C02-002,DS04,cerro_rojo,CAMPAIGN_02,130.000000000,132.000000000,2.000000000,0.414775698,0.000000000,0.000000000
CR-C02-002-A0067,CR-C02-002,DS04,cerro_rojo,CAMPAIGN_02,132.000000000,134.000000000,2.000000000,0.419374318,0.000000000,0.000000000
CR-C02-002-A0068,CR-C02-002,DS04,cerro_rojo,CAMPAIGN_02,134.000000000,136.000000000,2.000000000,0.454955854,0.000000000,0.000000000
CR-C02-002-A0069,CR-C02-002,DS04,cerro_rojo,CAMPAIGN_02,136.000000000,138.000000000,2.000000000,0.408632297,0.000000000,0.000000000
CR-C02-002-A0070,CR-C02-002,DS04,cerro_rojo,CAMPAIGN_02,138.000000000,140.000000000,2.000000000,0.454059135,0.000000000,0.000000000
CR-C02-002-A0071,CR-C02-002,DS04,cerro_rojo,CAMPAIGN_02,140.000000000,142.000000000,2.000000000,0.441204939,0.000000000,0.000000000
CR-C02-002-A0072,CR-C02-002,DS04,cerro_rojo,CAMPAIGN_02,142.000000000,144.000000000,2.000000000,0.454380260,0.000000000,0.000000000
CR-C02-002-A0073,CR-C02-002,DS04,cerro_rojo,CAMPAIGN_02,144.000000000,146.000000000,2.000000000,0.474760745,0.000000000,0.000000000
CR-C02-002-A0074,CR-C02-002,DS04,cerro_rojo,CAMPAIGN_02,146.000000000,148.000000000,2.000000000,0.479351186,0.000000000,0.000000000
CR-C02-002-A0075,CR-C02-002,DS04,cerro_rojo,CAMPAIGN_02,148.000000000,150.000000000,2.000000000,0.473072706,0.000000000,0.000000000
CR-C02-002-A0076,CR-C02-002,DS04,cerro_rojo,CAMPAIGN_02,150.000000000,152.000000000,2.000000000,0.459726588,0.000000000,0.000000000
CR-C02-002-A0077,CR-C02-002,DS04,cerro_rojo,CAMPAIGN_02,152.000000000,154.000000000,2.000000000,0.480264548,0.000000000,0.000000000
CR-C02-002-A0078,CR-C02-002,DS04,cerro_rojo,CAMPAIGN_02,154.000000000,156.000000000,2.000000000,0.518775135,0.000000000,0.000000000
CR-C02-002-A0079,CR-C02-002,DS04,cerro_rojo,CAMPAIGN_02,156.000000000,158.000000000,2.000000000,0.477402642,0.000000000,0.000000000
CR-C02-002-A0080,CR-C02-002,DS04,cerro_rojo,CAMPAIGN_02,158.000000000,160.000000000,2.000000000,0.478892013,0.000000000,0.000000000
CR-C02-002-A0081,CR-C02-002,DS04,cerro_rojo,CAMPAIGN_02,160.000000000,162.000000000,2.000000000,0.496914587,0.000000000,0.000000000
CR-C02-002-A0082,CR-C02-002,DS04,cerro_rojo,CAMPAIGN_02,162.000000000,164.000000000,2.000000000,0.505031538,0.000000000,0.000000000
CR-C02-002-A0083,CR-C02-002,DS04,cerro_rojo,CAMPAIGN_02,164.000000000,166.000000000,2.000000000,0.529245136,0.000000000,0.000000000
CR-C02-002-A0084,CR-C02-002,DS04,cerro_rojo,CAMPAIGN_02,166.000000000,168.000000000,2.000000000,0.484216318,0.000000000,0.000000000
CR-C02-002-A0085,CR-C02-002,DS04,cerro_rojo,CAMPAIGN_02,168.000000000,170.000000000,2.000000000,0.472652204,0.000000000,0.000000000
CR-C02-002-A0086,CR-C02-002,DS04,cerro_rojo,CAMPAIGN_02,170.000000000,172.000000000,2.000000000,0.519587090,0.000000000,0.000000000
CR-C02-002-A0087,CR-C02-002,DS04,cerro_rojo,CAMPAIGN_02,172.000000000,174.000000000,2.000000000,0.530617476,0.000000000,0.000000000
CR-C02-002-A0088,CR-C02-002,DS04,cerro_rojo,CAMPAIGN_02,174.000000000,176.000000000,2.000000000,0.525755454,0.000000000,0.000000000
CR-C02-002-A0089,CR-C02-002,DS04,cerro_rojo,CAMPAIGN_02,176.000000000,178.000000000,2.000000000,0.503785488,0.000000000,0.000000000
CR-C02-002-A0090,CR-C02-002,DS04,cerro_rojo,CAMPAIGN_02,178.000000000,180.000000000,2.000000000,0.553639292,0.000000000,0.000000000
CR-C02-002-A0091,CR-C02-002,DS04,cerro_rojo,CAMPAIGN_02,180.000000000,182.000000000,2.000000000,0.538767720,0.000000000,0.000000000
CR-C02-002-A0092,CR-C02-002,DS04,cerro_rojo,CAMPAIGN_02,182.000000000,184.000000000,2.000000000,0.532273608,0.000000000,0.000000000
CR-C02-002-A0093,CR-C02-002,DS04,cerro_rojo,CAMPAIGN_02,184.000000000,186.000000000,2.000000000,0.551423001,0.000000000,0.000000000
CR-C02-002-A0094,CR-C02-002,DS04,cerro_rojo,CAMPAIGN_02,186.000000000,188.000000000,2.000000000,0.578248201,0.000000000,0.000000000
CR-C02-002-A0095,CR-C02-002,DS04,cerro_rojo,CAMPAIGN_02,188.000000000,190.000000000,2.000000000,0.538400376,0.000000000,0.000000000
CR-C02-002-A0096,CR-C02-002,DS04,cerro_rojo,CAMPAIGN_02,190.000000000,192.000000000,2.000000000,0.555874810,0.000000000,0.000000000
CR-C02-002-A0097,CR-C02-002,DS04,cerro_rojo,CAMPAIGN_02,192.000000000,194.000000000,2.000000000,0.556706998,0.000000000,0.000000000
CR-C02-002-A0098,CR-C02-002,DS04,cerro_rojo,CAMPAIGN_02,194.000000000,196.000000000,2.000000000,0.565288508,0.000000000,0.000000000
CR-C02-002-A0099,CR-C02-002,DS04,cerro_rojo,CAMPAIGN_02,196.000000000,198.000000000,2.000000000,0.558424834,0.000000000,0.000000000
CR-C02-002-A0100,CR-C02-002,DS04,cerro_rojo,CAMPAIGN_02,198.000000000,200.000000000,2.000000000,0.584059954,0.000000000,0.000000000
CR-C02-002-A0101,CR-C02-002,DS04,cerro_rojo,CAMPAIGN_02,200.000000000,202.000000000,2.000000000,0.506498123,0.000000000,0.000000000
CR-C02-002-A0102,CR-C02-002,DS04,cerro_rojo,CAMPAIGN_02,202.000000000,204.000000000,2.000000000,0.555424550,0.000000000,0.000000000
CR-C02-002-A0103,CR-C02-002,DS04,cerro_rojo,CAMPAIGN_02,204.000000000,206.000000000,2.000000000,0.563902022,0.000000000,0.000000000
CR-C02-002-A0104,CR-C02-002,DS04,cerro_rojo,CAMPAIGN_02,206.000000000,208.000000000,2.000000000,0.623780196,0.000000000,0.000000000
CR-C02-002-A0105,CR-C02-002,DS04,cerro_rojo,CAMPAIGN_02,208.000000000,210.000000000,2.000000000,0.541814430,0.000000000,0.000000000
CR-C02-002-A0106,CR-C02-002,DS04,cerro_rojo,CAMPAIGN_02,210.000000000,212.000000000,2.000000000,0.548442437,0.000000000,0.000000000
CR-C02-002-A0107,CR-C02-002,DS04,cerro_rojo,CAMPAIGN_02,212.000000000,214.000000000,2.000000000,0.550721792,0.000000000,0.000000000
CR-C02-002-A0108,CR-C02-002,DS04,cerro_rojo,CAMPAIGN_02,214.000000000,216.000000000,2.000000000,0.583857031,0.000000000,0.000000000
CR-C02-002-A0109,CR-C02-002,DS04,cerro_rojo,CAMPAIGN_02,216.000000000,218.000000000,2.000000000,0.605972658,0.000000000,0.000000000
CR-C02-002-A0110,CR-C02-002,DS04,cerro_rojo,CAMPAIGN_02,218.000000000,220.000000000,2.000000000,0.625784162,0.000000000,0.000000000
CR-C02-002-A0111,CR-C02-002,DS04,cerro_rojo,CAMPAIGN_02,220.000000000,222.000000000,2.000000000,0.579640784,0.000000000,0.000000000
CR-C02-002-A0112,CR-C02-002,DS04,cerro_rojo,CAMPAIGN_02,222.000000000,224.000000000,2.000000000,0.574403909,0.000000000,0.000000000
CR-C02-002-A0113,CR-C02-002,DS04,cerro_rojo,CAMPAIGN_02,224.000000000,226.000000000,2.000000000,0.620369547,0.000000000,0.000000000
CR-C02-002-A0114,CR-C02-002,DS04,cerro_rojo,CAMPAIGN_02,226.000000000,228.000000000,2.000000000,0.625431020,0.000000000,0.000000000
CR-C02-002-A0115,CR-C02-002,DS04,cerro_rojo,CAMPAIGN_02,228.000000000,230.000000000,2.000000000,0.648909985,0.000000000,0.000000000
CR-C02-002-A0116,CR-C02-002,DS04,cerro_rojo,CAMPAIGN_02,230.000000000,232.000000000,2.000000000,0.629660218,0.000000000,0.000000000
CR-C02-002-A0117,CR-C02-002,DS04,cerro_rojo,CAMPAIGN_02,232.000000000,234.000000000,2.000000000,0.695037722,0.000000000,0.000000000
CR-C02-002-A0118,CR-C02-002,DS04,cerro_rojo,CAMPAIGN_02,234.000000000,236.000000000,2.000000000,0.640565442,0.000000000,0.000000000
CR-C02-002-A0119,CR-C02-002,DS04,cerro_rojo,CAMPAIGN_02,236.000000000,238.000000000,2.000000000,0.674630286,0.000000000,0.000000000
CR-C02-002-A0120,CR-C02-002,DS04,cerro_rojo,CAMPAIGN_02,238.000000000,240.000000000,2.000000000,0.671716748,0.000000000,0.000000000
CR-C02-002-A0121,CR-C02-002,DS04,cerro_rojo,CAMPAIGN_02,240.000000000,242.000000000,2.000000000,0.651197987,0.000000000,0.000000000
CR-C02-002-A0122,CR-C02-002,DS04,cerro_rojo,CAMPAIGN_02,242.000000000,244.000000000,2.000000000,0.673694569,0.000000000,0.000000000
CR-C02-002-A0123,CR-C02-002,DS04,cerro_rojo,CAMPAIGN_02,244.000000000,246.000000000,2.000000000,0.658758819,0.000000000,0.000000000
CR-C02-002-A0124,CR-C02-002,DS04,cerro_rojo,CAMPAIGN_02,246.000000000,248.000000000,2.000000000,0.691894012,0.000000000,0.000000000
CR-C02-002-A0125,CR-C02-002,DS04,cerro_rojo,CAMPAIGN_02,248.000000000,250.000000000,2.000000000,0.713461846,0.000000000,0.000000000
CR-C02-002-A0126,CR-C02-002,DS04,cerro_rojo,CAMPAIGN_02,250.000000000,252.000000000,2.000000000,0.736135307,0.000000000,0.000000000
CR-C02-002-A0127,CR-C02-002,DS04,cerro_rojo,CAMPAIGN_02,252.000000000,254.000000000,2.000000000,0.709136616,0.000000000,0.000000000
CR-C02-002-A0128,CR-C02-002,DS04,cerro_rojo,CAMPAIGN_02,254.000000000,256.000000000,2.000000000,0.688756811,0.000000000,0.000000000
CR-C02-002-A0129,CR-C02-002,DS04,cerro_rojo,CAMPAIGN_02,256.000000000,258.000000000,2.000000000,0.700284088,0.000000000,0.000000000
CR-C02-002-A0130,CR-C02-002,DS04,cerro_rojo,CAMPAIGN_02,258.000000000,260.000000000,2.000000000,0.733947308,0.000000000,0.000000000
CR-C02-002-A0131,CR-C02-002,DS04,cerro_rojo,CAMPAIGN_02,260.000000000,262.000000000,2.000000000,0.651321202,0.000000000,0.000000000
CR-C02-002-A0132,CR-C02-002,DS04,cerro_rojo,CAMPAIGN_02,262.000000000,264.000000000,2.000000000,0.664252529,0.000000000,0.000000000
CR-C02-002-A0133,CR-C02-002,DS04,cerro_rojo,CAMPAIGN_02,264.000000000,266.000000000,2.000000000,0.694895988,0.000000000,0.000000000
CR-C02-002-A0134,CR-C02-002,DS04,cerro_rojo,CAMPAIGN_02,266.000000000,268.000000000,2.000000000,0.656540122,0.000000000,0.000000000
CR-C02-002-A0135,CR-C02-002,DS04,cerro_rojo,CAMPAIGN_02,268.000000000,270.000000000,2.000000000,0.718764738,0.000000000,0.000000000
CR-C02-002-A0136,CR-C02-002,DS04,cerro_rojo,CAMPAIGN_02,270.000000000,272.000000000,2.000000000,0.671747102,0.000000000,0.000000000
CR-C02-002-A0137,CR-C02-002,DS04,cerro_rojo,CAMPAIGN_02,272.000000000,274.000000000,2.000000000,0.723613412,0.000000000,0.000000000
CR-C02-002-A0138,CR-C02-002,DS04,cerro_rojo,CAMPAIGN_02,274.000000000,276.000000000,2.000000000,0.670800626,0.000000000,0.000000000
CR-C02-002-A0139,CR-C02-002,DS04,cerro_rojo,CAMPAIGN_02,276.000000000,278.000000000,2.000000000,0.658625398,0.000000000,0.000000000
CR-C02-002-A0140,CR-C02-002,DS04,cerro_rojo,CAMPAIGN_02,278.000000000,280.000000000,2.000000000,0.700474774,0.000000000,0.000000000
CR-C02-002-A0141,CR-C02-002,DS04,cerro_rojo,CAMPAIGN_02,280.000000000,282.000000000,2.000000000,0.636922651,0.000000000,0.000000000
CR-C02-002-A0142,CR-C02-002,DS04,cerro_rojo,CAMPAIGN_02,282.000000000,284.000000000,2.000000000,0.578303191,0.000000000,0.000000000
CR-C02-002-A0143,CR-C02-002,DS04,cerro_rojo,CAMPAIGN_02,284.000000000,284.124780561,0.124780561,0.667454360,0.000000000,0.000000000
CR-C02-003-A0001,CR-C02-003,DS04,cerro_rojo,CAMPAIGN_02,0.000000000,2.000000000,2.000000000,0.025034393,0.000000000,0.000000000
CR-C02-003-A0002,CR-C02-003,DS04,cerro_rojo,CAMPAIGN_02,2.000000000,4.000000000,2.000000000,0.024225521,0.000000000,0.000000000
CR-C02-003-A0003,CR-C02-003,DS04,cerro_rojo,CAMPAIGN_02,4.000000000,6.000000000,2.000000000,0.027296873,0.000000000,0.000000000
CR-C02-003-A0004,CR-C02-003,DS04,cerro_rojo,CAMPAIGN_02,6.000000000,8.000000000,2.000000000,0.026781256,0.000000000,0.000000000
CR-C02-003-A0005,CR-C02-003,DS04,cerro_rojo,CAMPAIGN_02,8.000000000,10.000000000,2.000000000,0.025831362,0.000000000,0.000000000
CR-C02-003-A0006,CR-C02-003,DS04,cerro_rojo,CAMPAIGN_02,10.000000000,12.000000000,2.000000000,0.028205708,0.000000000,0.000000000
CR-C02-003-A0007,CR-C02-003,DS04,cerro_rojo,CAMPAIGN_02,12.000000000,14.000000000,2.000000000,0.024567223,0.000000000,0.000000000
CR-C02-003-A0008,CR-C02-003,DS04,cerro_rojo,CAMPAIGN_02,14.000000000,16.000000000,2.000000000,0.031701214,0.000000000,0.000000000
CR-C02-003-A0009,CR-C02-003,DS04,cerro_rojo,CAMPAIGN_02,16.000000000,18.000000000,2.000000000,0.026685818,0.000000000,0.000000000
CR-C02-003-A0010,CR-C02-003,DS04,cerro_rojo,CAMPAIGN_02,18.000000000,20.000000000,2.000000000,0.030015863,0.000000000,0.000000000
CR-C02-003-A0011,CR-C02-003,DS04,cerro_rojo,CAMPAIGN_02,20.000000000,22.000000000,2.000000000,0.030738658,0.000000000,0.000000000
CR-C02-003-A0012,CR-C02-003,DS04,cerro_rojo,CAMPAIGN_02,22.000000000,24.000000000,2.000000000,0.027552846,0.000000000,0.000000000
CR-C02-003-A0013,CR-C02-003,DS04,cerro_rojo,CAMPAIGN_02,24.000000000,26.000000000,2.000000000,0.027306814,0.000000000,0.000000000
CR-C02-003-A0014,CR-C02-003,DS04,cerro_rojo,CAMPAIGN_02,26.000000000,28.000000000,2.000000000,0.028537190,0.000000000,0.000000000
CR-C02-003-A0015,CR-C02-003,DS04,cerro_rojo,CAMPAIGN_02,28.000000000,30.000000000,2.000000000,0.030373000,0.000000000,0.000000000
CR-C02-003-A0016,CR-C02-003,DS04,cerro_rojo,CAMPAIGN_02,30.000000000,32.000000000,2.000000000,0.029533303,0.000000000,0.000000000
CR-C02-003-A0017,CR-C02-003,DS04,cerro_rojo,CAMPAIGN_02,32.000000000,34.000000000,2.000000000,0.028517663,0.000000000,0.000000000
CR-C02-003-A0018,CR-C02-003,DS04,cerro_rojo,CAMPAIGN_02,34.000000000,36.000000000,2.000000000,0.031178117,0.000000000,0.000000000
CR-C02-003-A0019,CR-C02-003,DS04,cerro_rojo,CAMPAIGN_02,36.000000000,38.000000000,2.000000000,0.030419483,0.000000000,0.000000000
CR-C02-003-A0020,CR-C02-003,DS04,cerro_rojo,CAMPAIGN_02,38.000000000,40.000000000,2.000000000,0.028505126,0.000000000,0.000000000
CR-C02-003-A0021,CR-C02-003,DS04,cerro_rojo,CAMPAIGN_02,40.000000000,42.000000000,2.000000000,0.029065748,0.000000000,0.000000000
CR-C02-003-A0022,CR-C02-003,DS04,cerro_rojo,CAMPAIGN_02,42.000000000,44.000000000,2.000000000,0.029112591,0.000000000,0.000000000
CR-C02-003-A0023,CR-C02-003,DS04,cerro_rojo,CAMPAIGN_02,44.000000000,46.000000000,2.000000000,0.030868318,0.000000000,0.000000000
CR-C02-003-A0024,CR-C02-003,DS04,cerro_rojo,CAMPAIGN_02,46.000000000,48.000000000,2.000000000,0.032908774,0.000000000,0.000000000
CR-C02-003-A0025,CR-C02-003,DS04,cerro_rojo,CAMPAIGN_02,48.000000000,50.000000000,2.000000000,0.029435840,0.000000000,0.000000000
CR-C02-003-A0026,CR-C02-003,DS04,cerro_rojo,CAMPAIGN_02,50.000000000,52.000000000,2.000000000,0.031953927,0.000000000,0.000000000
CR-C02-003-A0027,CR-C02-003,DS04,cerro_rojo,CAMPAIGN_02,52.000000000,54.000000000,2.000000000,0.034675878,0.000000000,0.000000000
CR-C02-003-A0028,CR-C02-003,DS04,cerro_rojo,CAMPAIGN_02,54.000000000,56.000000000,2.000000000,0.033942182,0.000000000,0.000000000
CR-C02-003-A0029,CR-C02-003,DS04,cerro_rojo,CAMPAIGN_02,56.000000000,58.000000000,2.000000000,0.033231757,0.000000000,0.000000000
CR-C02-003-A0030,CR-C02-003,DS04,cerro_rojo,CAMPAIGN_02,58.000000000,60.000000000,2.000000000,0.030944953,0.000000000,0.000000000
CR-C02-003-A0031,CR-C02-003,DS04,cerro_rojo,CAMPAIGN_02,60.000000000,62.000000000,2.000000000,0.040997301,0.000000000,0.000000000
CR-C02-003-A0032,CR-C02-003,DS04,cerro_rojo,CAMPAIGN_02,62.000000000,64.000000000,2.000000000,0.033590132,0.000000000,0.000000000
CR-C02-003-A0033,CR-C02-003,DS04,cerro_rojo,CAMPAIGN_02,64.000000000,66.000000000,2.000000000,0.034570390,0.000000000,0.000000000
CR-C02-003-A0034,CR-C02-003,DS04,cerro_rojo,CAMPAIGN_02,66.000000000,68.000000000,2.000000000,0.036439697,0.000000000,0.000000000
CR-C02-003-A0035,CR-C02-003,DS04,cerro_rojo,CAMPAIGN_02,68.000000000,70.000000000,2.000000000,0.040193700,0.000000000,0.000000000
CR-C02-003-A0036,CR-C02-003,DS04,cerro_rojo,CAMPAIGN_02,70.000000000,72.000000000,2.000000000,0.038313673,0.000000000,0.000000000
CR-C02-003-A0037,CR-C02-003,DS04,cerro_rojo,CAMPAIGN_02,72.000000000,74.000000000,2.000000000,0.036663163,0.000000000,0.000000000
CR-C02-003-A0038,CR-C02-003,DS04,cerro_rojo,CAMPAIGN_02,74.000000000,76.000000000,2.000000000,0.044013418,0.000000000,0.000000000
CR-C02-003-A0039,CR-C02-003,DS04,cerro_rojo,CAMPAIGN_02,76.000000000,78.000000000,2.000000000,0.044733941,0.000000000,0.000000000
CR-C02-003-A0040,CR-C02-003,DS04,cerro_rojo,CAMPAIGN_02,78.000000000,80.000000000,2.000000000,0.041388744,0.000000000,0.000000000
CR-C02-003-A0041,CR-C02-003,DS04,cerro_rojo,CAMPAIGN_02,80.000000000,82.000000000,2.000000000,0.041119537,0.000000000,0.000000000
CR-C02-003-A0042,CR-C02-003,DS04,cerro_rojo,CAMPAIGN_02,82.000000000,84.000000000,2.000000000,0.045044053,0.000000000,0.000000000
CR-C02-003-A0043,CR-C02-003,DS04,cerro_rojo,CAMPAIGN_02,84.000000000,86.000000000,2.000000000,0.048652212,0.000000000,0.000000000
CR-C02-003-A0044,CR-C02-003,DS04,cerro_rojo,CAMPAIGN_02,86.000000000,88.000000000,2.000000000,0.044718040,0.000000000,0.000000000
CR-C02-003-A0045,CR-C02-003,DS04,cerro_rojo,CAMPAIGN_02,88.000000000,90.000000000,2.000000000,0.045923605,0.000000000,0.000000000
CR-C02-003-A0046,CR-C02-003,DS04,cerro_rojo,CAMPAIGN_02,90.000000000,92.000000000,2.000000000,0.045425598,0.000000000,0.000000000
CR-C02-003-A0047,CR-C02-003,DS04,cerro_rojo,CAMPAIGN_02,92.000000000,94.000000000,2.000000000,0.053288281,0.000000000,0.000000000
CR-C02-003-A0048,CR-C02-003,DS04,cerro_rojo,CAMPAIGN_02,94.000000000,96.000000000,2.000000000,0.053858085,0.000000000,0.000000000
CR-C02-003-A0049,CR-C02-003,DS04,cerro_rojo,CAMPAIGN_02,96.000000000,98.000000000,2.000000000,0.051179420,0.000000000,0.000000000
CR-C02-003-A0050,CR-C02-003,DS04,cerro_rojo,CAMPAIGN_02,98.000000000,100.000000000,2.000000000,0.050729471,0.000000000,0.000000000
CR-C02-003-A0051,CR-C02-003,DS04,cerro_rojo,CAMPAIGN_02,100.000000000,102.000000000,2.000000000,0.052629583,0.000000000,0.000000000
CR-C02-003-A0052,CR-C02-003,DS04,cerro_rojo,CAMPAIGN_02,102.000000000,104.000000000,2.000000000,0.057533245,0.000000000,0.000000000
CR-C02-003-A0053,CR-C02-003,DS04,cerro_rojo,CAMPAIGN_02,104.000000000,106.000000000,2.000000000,0.056460905,0.000000000,0.000000000
CR-C02-003-A0054,CR-C02-003,DS04,cerro_rojo,CAMPAIGN_02,106.000000000,108.000000000,2.000000000,0.059516811,0.000000000,0.000000000
CR-C02-003-A0055,CR-C02-003,DS04,cerro_rojo,CAMPAIGN_02,108.000000000,110.000000000,2.000000000,0.061414485,0.000000000,0.000000000
CR-C02-003-A0056,CR-C02-003,DS04,cerro_rojo,CAMPAIGN_02,110.000000000,112.000000000,2.000000000,0.057746257,0.000000000,0.000000000
CR-C02-003-A0057,CR-C02-003,DS04,cerro_rojo,CAMPAIGN_02,112.000000000,114.000000000,2.000000000,0.063929783,0.000000000,0.000000000
CR-C02-003-A0058,CR-C02-003,DS04,cerro_rojo,CAMPAIGN_02,114.000000000,116.000000000,2.000000000,0.067189435,0.000000000,0.000000000
CR-C02-003-A0059,CR-C02-003,DS04,cerro_rojo,CAMPAIGN_02,116.000000000,118.000000000,2.000000000,0.062714799,0.000000000,0.000000000
CR-C02-003-A0060,CR-C02-003,DS04,cerro_rojo,CAMPAIGN_02,118.000000000,120.000000000,2.000000000,0.066350717,0.000000000,0.000000000
CR-C02-003-A0061,CR-C02-003,DS04,cerro_rojo,CAMPAIGN_02,120.000000000,122.000000000,2.000000000,0.067707699,0.000000000,0.000000000
CR-C02-003-A0062,CR-C02-003,DS04,cerro_rojo,CAMPAIGN_02,122.000000000,124.000000000,2.000000000,0.074306823,0.000000000,0.000000000
CR-C02-003-A0063,CR-C02-003,DS04,cerro_rojo,CAMPAIGN_02,124.000000000,126.000000000,2.000000000,0.075094750,0.000000000,0.000000000
CR-C02-003-A0064,CR-C02-003,DS04,cerro_rojo,CAMPAIGN_02,126.000000000,128.000000000,2.000000000,0.075032392,0.000000000,0.000000000
CR-C02-003-A0065,CR-C02-003,DS04,cerro_rojo,CAMPAIGN_02,128.000000000,130.000000000,2.000000000,0.077594524,0.000000000,0.000000000
CR-C02-003-A0066,CR-C02-003,DS04,cerro_rojo,CAMPAIGN_02,130.000000000,132.000000000,2.000000000,0.083415095,0.000000000,0.000000000
CR-C02-003-A0067,CR-C02-003,DS04,cerro_rojo,CAMPAIGN_02,132.000000000,134.000000000,2.000000000,0.076370199,0.000000000,0.000000000
CR-C02-003-A0068,CR-C02-003,DS04,cerro_rojo,CAMPAIGN_02,134.000000000,136.000000000,2.000000000,0.078707341,0.000000000,0.000000000
CR-C02-003-A0069,CR-C02-003,DS04,cerro_rojo,CAMPAIGN_02,136.000000000,138.000000000,2.000000000,0.085747486,0.000000000,0.000000000
CR-C02-003-A0070,CR-C02-003,DS04,cerro_rojo,CAMPAIGN_02,138.000000000,140.000000000,2.000000000,0.093819021,0.000000000,0.000000000
CR-C02-003-A0071,CR-C02-003,DS04,cerro_rojo,CAMPAIGN_02,140.000000000,142.000000000,2.000000000,0.087914346,0.000000000,0.000000000
CR-C02-003-A0072,CR-C02-003,DS04,cerro_rojo,CAMPAIGN_02,142.000000000,144.000000000,2.000000000,0.098328238,0.000000000,0.000000000
CR-C02-003-A0073,CR-C02-003,DS04,cerro_rojo,CAMPAIGN_02,144.000000000,146.000000000,2.000000000,0.101815034,0.000000000,0.000000000
CR-C02-003-A0074,CR-C02-003,DS04,cerro_rojo,CAMPAIGN_02,146.000000000,148.000000000,2.000000000,0.100228360,0.000000000,0.000000000
CR-C02-003-A0075,CR-C02-003,DS04,cerro_rojo,CAMPAIGN_02,148.000000000,150.000000000,2.000000000,0.109271530,0.000000000,0.000000000
CR-C02-003-A0076,CR-C02-003,DS04,cerro_rojo,CAMPAIGN_02,150.000000000,152.000000000,2.000000000,0.105419131,0.000000000,0.000000000
CR-C02-003-A0077,CR-C02-003,DS04,cerro_rojo,CAMPAIGN_02,152.000000000,154.000000000,2.000000000,0.109491747,0.000000000,0.000000000
CR-C02-003-A0078,CR-C02-003,DS04,cerro_rojo,CAMPAIGN_02,154.000000000,156.000000000,2.000000000,0.113883813,0.000000000,0.000000000
CR-C02-003-A0079,CR-C02-003,DS04,cerro_rojo,CAMPAIGN_02,156.000000000,158.000000000,2.000000000,0.112046576,0.000000000,0.000000000
CR-C02-003-A0080,CR-C02-003,DS04,cerro_rojo,CAMPAIGN_02,158.000000000,160.000000000,2.000000000,0.104542273,0.000000000,0.000000000
CR-C02-003-A0081,CR-C02-003,DS04,cerro_rojo,CAMPAIGN_02,160.000000000,162.000000000,2.000000000,0.119807755,0.000000000,0.000000000
CR-C02-003-A0082,CR-C02-003,DS04,cerro_rojo,CAMPAIGN_02,162.000000000,164.000000000,2.000000000,0.119367907,0.000000000,0.000000000
CR-C02-003-A0083,CR-C02-003,DS04,cerro_rojo,CAMPAIGN_02,164.000000000,166.000000000,2.000000000,0.129078228,0.000000000,0.000000000
CR-C02-003-A0084,CR-C02-003,DS04,cerro_rojo,CAMPAIGN_02,166.000000000,168.000000000,2.000000000,0.131685537,0.000000000,0.000000000
CR-C02-003-A0085,CR-C02-003,DS04,cerro_rojo,CAMPAIGN_02,168.000000000,170.000000000,2.000000000,0.134291108,0.000000000,0.000000000
CR-C02-003-A0086,CR-C02-003,DS04,cerro_rojo,CAMPAIGN_02,170.000000000,172.000000000,2.000000000,0.136180676,0.000000000,0.000000000
CR-C02-003-A0087,CR-C02-003,DS04,cerro_rojo,CAMPAIGN_02,172.000000000,174.000000000,2.000000000,0.142099608,0.000000000,0.000000000
CR-C02-003-A0088,CR-C02-003,DS04,cerro_rojo,CAMPAIGN_02,174.000000000,176.000000000,2.000000000,0.140687113,0.000000000,0.000000000
CR-C02-003-A0089,CR-C02-003,DS04,cerro_rojo,CAMPAIGN_02,176.000000000,178.000000000,2.000000000,0.157821874,0.000000000,0.000000000
CR-C02-003-A0090,CR-C02-003,DS04,cerro_rojo,CAMPAIGN_02,178.000000000,180.000000000,2.000000000,0.147363505,0.000000000,0.000000000
CR-C02-003-A0091,CR-C02-003,DS04,cerro_rojo,CAMPAIGN_02,180.000000000,182.000000000,2.000000000,0.150669538,0.000000000,0.000000000
CR-C02-003-A0092,CR-C02-003,DS04,cerro_rojo,CAMPAIGN_02,182.000000000,184.000000000,2.000000000,0.160876272,0.000000000,0.000000000
CR-C02-003-A0093,CR-C02-003,DS04,cerro_rojo,CAMPAIGN_02,184.000000000,186.000000000,2.000000000,0.156638806,0.000000000,0.000000000
CR-C02-003-A0094,CR-C02-003,DS04,cerro_rojo,CAMPAIGN_02,186.000000000,188.000000000,2.000000000,0.175471192,0.000000000,0.000000000
CR-C02-003-A0095,CR-C02-003,DS04,cerro_rojo,CAMPAIGN_02,188.000000000,190.000000000,2.000000000,0.172267502,0.000000000,0.000000000
CR-C02-003-A0096,CR-C02-003,DS04,cerro_rojo,CAMPAIGN_02,190.000000000,192.000000000,2.000000000,0.188004311,0.000000000,0.000000000
CR-C02-003-A0097,CR-C02-003,DS04,cerro_rojo,CAMPAIGN_02,192.000000000,194.000000000,2.000000000,0.181641359,0.000000000,0.000000000
CR-C02-003-A0098,CR-C02-003,DS04,cerro_rojo,CAMPAIGN_02,194.000000000,196.000000000,2.000000000,0.190426414,0.000000000,0.000000000
CR-C02-003-A0099,CR-C02-003,DS04,cerro_rojo,CAMPAIGN_02,196.000000000,198.000000000,2.000000000,0.196911950,0.000000000,0.000000000
CR-C02-003-A0100,CR-C02-003,DS04,cerro_rojo,CAMPAIGN_02,198.000000000,200.000000000,2.000000000,0.186690882,0.000000000,0.000000000
CR-C02-003-A0101,CR-C02-003,DS04,cerro_rojo,CAMPAIGN_02,200.000000000,202.000000000,2.000000000,0.197063215,0.000000000,0.000000000
CR-C02-003-A0102,CR-C02-003,DS04,cerro_rojo,CAMPAIGN_02,202.000000000,204.000000000,2.000000000,0.195496776,0.000000000,0.000000000
CR-C02-003-A0103,CR-C02-003,DS04,cerro_rojo,CAMPAIGN_02,204.000000000,206.000000000,2.000000000,0.216592521,0.000000000,0.000000000
CR-C02-003-A0104,CR-C02-003,DS04,cerro_rojo,CAMPAIGN_02,206.000000000,208.000000000,2.000000000,0.215621147,0.000000000,0.000000000
CR-C02-003-A0105,CR-C02-003,DS04,cerro_rojo,CAMPAIGN_02,208.000000000,210.000000000,2.000000000,0.198178750,0.000000000,0.000000000
CR-C02-003-A0106,CR-C02-003,DS04,cerro_rojo,CAMPAIGN_02,210.000000000,212.000000000,2.000000000,0.219598632,0.000000000,0.000000000
CR-C02-003-A0107,CR-C02-003,DS04,cerro_rojo,CAMPAIGN_02,212.000000000,214.000000000,2.000000000,0.210843208,0.000000000,0.000000000
CR-C02-003-A0108,CR-C02-003,DS04,cerro_rojo,CAMPAIGN_02,214.000000000,216.000000000,2.000000000,0.222856960,0.000000000,0.000000000
CR-C02-003-A0109,CR-C02-003,DS04,cerro_rojo,CAMPAIGN_02,216.000000000,218.000000000,2.000000000,0.238227966,0.000000000,0.000000000
CR-C02-003-A0110,CR-C02-003,DS04,cerro_rojo,CAMPAIGN_02,218.000000000,220.000000000,2.000000000,0.252794279,0.000000000,0.000000000
CR-C02-003-A0111,CR-C02-003,DS04,cerro_rojo,CAMPAIGN_02,220.000000000,222.000000000,2.000000000,0.242354776,0.000000000,0.000000000
CR-C02-003-A0112,CR-C02-003,DS04,cerro_rojo,CAMPAIGN_02,222.000000000,224.000000000,2.000000000,0.234437682,0.000000000,0.000000000
CR-C02-003-A0113,CR-C02-003,DS04,cerro_rojo,CAMPAIGN_02,224.000000000,226.000000000,2.000000000,0.249961566,0.000000000,0.000000000
CR-C02-003-A0114,CR-C02-003,DS04,cerro_rojo,CAMPAIGN_02,226.000000000,228.000000000,2.000000000,0.241665737,0.000000000,0.000000000
CR-C02-003-A0115,CR-C02-003,DS04,cerro_rojo,CAMPAIGN_02,228.000000000,230.000000000,2.000000000,0.244729286,0.000000000,0.000000000
CR-C02-003-A0116,CR-C02-003,DS04,cerro_rojo,CAMPAIGN_02,230.000000000,232.000000000,2.000000000,0.268078530,0.000000000,0.000000000
CR-C02-003-A0117,CR-C02-003,DS04,cerro_rojo,CAMPAIGN_02,232.000000000,234.000000000,2.000000000,0.266363100,0.000000000,0.000000000
CR-C02-003-A0118,CR-C02-003,DS04,cerro_rojo,CAMPAIGN_02,234.000000000,236.000000000,2.000000000,0.255879068,0.000000000,0.000000000
CR-C02-003-A0119,CR-C02-003,DS04,cerro_rojo,CAMPAIGN_02,236.000000000,238.000000000,2.000000000,0.267389634,0.000000000,0.000000000
CR-C02-003-A0120,CR-C02-003,DS04,cerro_rojo,CAMPAIGN_02,238.000000000,240.000000000,2.000000000,0.283737487,0.000000000,0.000000000
CR-C02-003-A0121,CR-C02-003,DS04,cerro_rojo,CAMPAIGN_02,240.000000000,242.000000000,2.000000000,0.304958653,0.000000000,0.000000000
CR-C02-003-A0122,CR-C02-003,DS04,cerro_rojo,CAMPAIGN_02,242.000000000,244.000000000,2.000000000,0.286655845,0.000000000,0.000000000
CR-C02-003-A0123,CR-C02-003,DS04,cerro_rojo,CAMPAIGN_02,244.000000000,246.000000000,2.000000000,0.284689054,0.000000000,0.000000000
CR-C02-003-A0124,CR-C02-003,DS04,cerro_rojo,CAMPAIGN_02,246.000000000,248.000000000,2.000000000,0.299524334,0.000000000,0.000000000
CR-C02-003-A0125,CR-C02-003,DS04,cerro_rojo,CAMPAIGN_02,248.000000000,250.000000000,2.000000000,0.311318689,0.000000000,0.000000000
CR-C02-003-A0126,CR-C02-003,DS04,cerro_rojo,CAMPAIGN_02,250.000000000,252.000000000,2.000000000,0.304882330,0.000000000,0.000000000
CR-C02-003-A0127,CR-C02-003,DS04,cerro_rojo,CAMPAIGN_02,252.000000000,254.000000000,2.000000000,0.304708934,0.000000000,0.000000000
CR-C02-003-A0128,CR-C02-003,DS04,cerro_rojo,CAMPAIGN_02,254.000000000,256.000000000,2.000000000,0.315494268,0.000000000,0.000000000
CR-C02-003-A0129,CR-C02-003,DS04,cerro_rojo,CAMPAIGN_02,256.000000000,258.000000000,2.000000000,0.338687785,0.000000000,0.000000000
CR-C02-003-A0130,CR-C02-003,DS04,cerro_rojo,CAMPAIGN_02,258.000000000,260.000000000,2.000000000,0.328160525,0.000000000,0.000000000
CR-C02-003-A0131,CR-C02-003,DS04,cerro_rojo,CAMPAIGN_02,260.000000000,262.000000000,2.000000000,0.311481196,0.000000000,0.000000000
CR-C02-003-A0132,CR-C02-003,DS04,cerro_rojo,CAMPAIGN_02,262.000000000,264.000000000,2.000000000,0.326722042,0.000000000,0.000000000
CR-C02-003-A0133,CR-C02-003,DS04,cerro_rojo,CAMPAIGN_02,264.000000000,266.000000000,2.000000000,0.318330765,0.000000000,0.000000000
CR-C02-003-A0134,CR-C02-003,DS04,cerro_rojo,CAMPAIGN_02,266.000000000,268.000000000,2.000000000,0.338106062,0.000000000,0.000000000
CR-C02-003-A0135,CR-C02-003,DS04,cerro_rojo,CAMPAIGN_02,268.000000000,270.000000000,2.000000000,0.349083489,0.000000000,0.000000000
CR-C02-003-A0136,CR-C02-003,DS04,cerro_rojo,CAMPAIGN_02,270.000000000,272.000000000,2.000000000,0.355199108,0.000000000,0.000000000
CR-C02-003-A0137,CR-C02-003,DS04,cerro_rojo,CAMPAIGN_02,272.000000000,274.000000000,2.000000000,0.360989504,0.000000000,0.000000000
CR-C02-003-A0138,CR-C02-003,DS04,cerro_rojo,CAMPAIGN_02,274.000000000,276.000000000,2.000000000,0.349894722,0.000000000,0.000000000
CR-C02-003-A0139,CR-C02-003,DS04,cerro_rojo,CAMPAIGN_02,276.000000000,278.000000000,2.000000000,0.342355160,0.000000000,0.000000000
CR-C02-003-A0140,CR-C02-003,DS04,cerro_rojo,CAMPAIGN_02,278.000000000,280.000000000,2.000000000,0.351474809,0.000000000,0.000000000
CR-C02-003-A0141,CR-C02-003,DS04,cerro_rojo,CAMPAIGN_02,280.000000000,282.000000000,2.000000000,0.360854510,0.000000000,0.000000000
CR-C02-003-A0142,CR-C02-003,DS04,cerro_rojo,CAMPAIGN_02,282.000000000,284.000000000,2.000000000,0.350659212,0.000000000,0.000000000
CR-C02-003-A0143,CR-C02-003,DS04,cerro_rojo,CAMPAIGN_02,284.000000000,286.000000000,2.000000000,0.375957653,0.000000000,0.000000000
CR-C02-003-A0144,CR-C02-003,DS04,cerro_rojo,CAMPAIGN_02,286.000000000,288.000000000,2.000000000,0.380390585,0.000000000,0.000000000
CR-C02-003-A0145,CR-C02-003,DS04,cerro_rojo,CAMPAIGN_02,288.000000000,290.000000000,2.000000000,0.382566321,0.000000000,0.000000000
CR-C02-003-A0146,CR-C02-003,DS04,cerro_rojo,CAMPAIGN_02,290.000000000,292.000000000,2.000000000,0.397980866,0.000000000,0.000000000
CR-C02-003-A0147,CR-C02-003,DS04,cerro_rojo,CAMPAIGN_02,292.000000000,294.000000000,2.000000000,0.358985505,0.000000000,0.000000000
CR-C02-003-A0148,CR-C02-003,DS04,cerro_rojo,CAMPAIGN_02,294.000000000,296.000000000,2.000000000,0.384923910,0.000000000,0.000000000
CR-C02-003-A0149,CR-C02-003,DS04,cerro_rojo,CAMPAIGN_02,296.000000000,298.000000000,2.000000000,0.408281330,0.000000000,0.000000000
CR-C02-003-A0150,CR-C02-003,DS04,cerro_rojo,CAMPAIGN_02,298.000000000,300.000000000,2.000000000,0.402036127,0.000000000,0.000000000
CR-C02-003-A0151,CR-C02-003,DS04,cerro_rojo,CAMPAIGN_02,300.000000000,302.000000000,2.000000000,0.396963180,0.000000000,0.000000000
CR-C02-003-A0152,CR-C02-003,DS04,cerro_rojo,CAMPAIGN_02,302.000000000,304.000000000,2.000000000,0.390652644,0.000000000,0.000000000
CR-C02-003-A0153,CR-C02-003,DS04,cerro_rojo,CAMPAIGN_02,304.000000000,306.000000000,2.000000000,0.380554315,0.000000000,0.000000000
CR-C02-003-A0154,CR-C02-003,DS04,cerro_rojo,CAMPAIGN_02,306.000000000,308.000000000,2.000000000,0.380307400,0.000000000,0.000000000
CR-C02-003-A0155,CR-C02-003,DS04,cerro_rojo,CAMPAIGN_02,308.000000000,310.000000000,2.000000000,0.394284059,0.000000000,0.000000000
CR-C02-003-A0156,CR-C02-003,DS04,cerro_rojo,CAMPAIGN_02,310.000000000,312.000000000,2.000000000,0.391121263,0.000000000,0.000000000
CR-C02-003-A0157,CR-C02-003,DS04,cerro_rojo,CAMPAIGN_02,312.000000000,314.000000000,2.000000000,0.369973301,0.000000000,0.000000000
CR-C02-003-A0158,CR-C02-003,DS04,cerro_rojo,CAMPAIGN_02,314.000000000,316.000000000,2.000000000,0.398374582,0.000000000,0.000000000
CR-C02-003-A0159,CR-C02-003,DS04,cerro_rojo,CAMPAIGN_02,316.000000000,318.000000000,2.000000000,0.394026688,0.000000000,0.000000000
CR-C02-003-A0160,CR-C02-003,DS04,cerro_rojo,CAMPAIGN_02,318.000000000,320.000000000,2.000000000,0.397006588,0.000000000,0.000000000
CR-C02-003-A0161,CR-C02-003,DS04,cerro_rojo,CAMPAIGN_02,320.000000000,322.000000000,2.000000000,0.422475462,0.000000000,0.000000000
CR-C02-003-A0162,CR-C02-003,DS04,cerro_rojo,CAMPAIGN_02,322.000000000,324.000000000,2.000000000,0.399026481,0.000000000,0.000000000
CR-C02-003-A0163,CR-C02-003,DS04,cerro_rojo,CAMPAIGN_02,324.000000000,326.000000000,2.000000000,0.422573088,0.000000000,0.000000000
CR-C02-003-A0164,CR-C02-003,DS04,cerro_rojo,CAMPAIGN_02,326.000000000,328.000000000,2.000000000,0.410035523,0.000000000,0.000000000
CR-C02-003-A0165,CR-C02-003,DS04,cerro_rojo,CAMPAIGN_02,328.000000000,330.000000000,2.000000000,0.426557595,0.000000000,0.000000000
CR-C02-003-A0166,CR-C02-003,DS04,cerro_rojo,CAMPAIGN_02,330.000000000,332.000000000,2.000000000,0.436078183,0.000000000,0.000000000
CR-C02-003-A0167,CR-C02-003,DS04,cerro_rojo,CAMPAIGN_02,332.000000000,334.000000000,2.000000000,0.410610464,0.000000000,0.000000000
CR-C02-003-A0168,CR-C02-003,DS04,cerro_rojo,CAMPAIGN_02,334.000000000,336.000000000,2.000000000,0.439936435,0.000000000,0.000000000
CR-C02-003-A0169,CR-C02-003,DS04,cerro_rojo,CAMPAIGN_02,336.000000000,338.000000000,2.000000000,0.442198100,0.000000000,0.000000000
CR-C02-003-A0170,CR-C02-003,DS04,cerro_rojo,CAMPAIGN_02,338.000000000,340.000000000,2.000000000,0.449686232,0.000000000,0.000000000
CR-C02-003-A0171,CR-C02-003,DS04,cerro_rojo,CAMPAIGN_02,340.000000000,342.000000000,2.000000000,0.470310812,0.000000000,0.000000000
CR-C02-003-A0172,CR-C02-003,DS04,cerro_rojo,CAMPAIGN_02,342.000000000,344.000000000,2.000000000,0.450987264,0.000000000,0.000000000
CR-C02-003-A0173,CR-C02-003,DS04,cerro_rojo,CAMPAIGN_02,344.000000000,346.000000000,2.000000000,0.436923029,0.000000000,0.000000000
CR-C02-003-A0174,CR-C02-003,DS04,cerro_rojo,CAMPAIGN_02,346.000000000,348.000000000,2.000000000,0.471764266,0.000000000,0.000000000
CR-C02-003-A0175,CR-C02-003,DS04,cerro_rojo,CAMPAIGN_02,348.000000000,350.000000000,2.000000000,0.462842130,0.000000000,0.000000000
CR-C02-003-A0176,CR-C02-003,DS04,cerro_rojo,CAMPAIGN_02,350.000000000,352.000000000,2.000000000,0.476480609,0.000000000,0.000000000
CR-C02-003-A0177,CR-C02-003,DS04,cerro_rojo,CAMPAIGN_02,352.000000000,354.000000000,2.000000000,0.451988501,0.000000000,0.000000000
CR-C02-003-A0178,CR-C02-003,DS04,cerro_rojo,CAMPAIGN_02,354.000000000,356.000000000,2.000000000,0.459566246,0.000000000,0.000000000
CR-C02-003-A0179,CR-C02-003,DS04,cerro_rojo,CAMPAIGN_02,356.000000000,358.000000000,2.000000000,0.489030030,0.000000000,0.000000000
CR-C02-003-A0180,CR-C02-003,DS04,cerro_rojo,CAMPAIGN_02,358.000000000,360.000000000,2.000000000,0.487715655,0.000000000,0.000000000
CR-C02-003-A0181,CR-C02-003,DS04,cerro_rojo,CAMPAIGN_02,360.000000000,362.000000000,2.000000000,0.511347055,0.000000000,0.000000000
CR-C02-003-A0182,CR-C02-003,DS04,cerro_rojo,CAMPAIGN_02,362.000000000,364.000000000,2.000000000,0.530581152,0.000000000,0.000000000
CR-C02-003-A0183,CR-C02-003,DS04,cerro_rojo,CAMPAIGN_02,364.000000000,366.000000000,2.000000000,0.517128019,0.000000000,0.000000000
CR-C02-003-A0184,CR-C02-003,DS04,cerro_rojo,CAMPAIGN_02,366.000000000,368.000000000,2.000000000,0.479835441,0.000000000,0.000000000
CR-C02-003-A0185,CR-C02-003,DS04,cerro_rojo,CAMPAIGN_02,368.000000000,370.000000000,2.000000000,0.476036556,0.000000000,0.000000000
CR-C02-003-A0186,CR-C02-003,DS04,cerro_rojo,CAMPAIGN_02,370.000000000,372.000000000,2.000000000,0.502281379,0.000000000,0.000000000
CR-C02-003-A0187,CR-C02-003,DS04,cerro_rojo,CAMPAIGN_02,372.000000000,374.000000000,2.000000000,0.459734347,0.000000000,0.000000000
CR-C02-003-A0188,CR-C02-003,DS04,cerro_rojo,CAMPAIGN_02,374.000000000,376.000000000,2.000000000,0.490875919,0.000000000,0.000000000
CR-C02-003-A0189,CR-C02-003,DS04,cerro_rojo,CAMPAIGN_02,376.000000000,378.000000000,2.000000000,0.496144487,0.000000000,0.000000000
CR-C02-003-A0190,CR-C02-003,DS04,cerro_rojo,CAMPAIGN_02,378.000000000,380.000000000,2.000000000,0.501448478,0.000000000,0.000000000
CR-C02-003-A0191,CR-C02-003,DS04,cerro_rojo,CAMPAIGN_02,380.000000000,382.000000000,2.000000000,0.490473992,0.000000000,0.000000000
CR-C02-003-A0192,CR-C02-003,DS04,cerro_rojo,CAMPAIGN_02,382.000000000,382.981706807,0.981706807,0.506135614,0.000000000,0.000000000
CR-C02-004-A0001,CR-C02-004,DS04,cerro_rojo,CAMPAIGN_02,0.000000000,2.000000000,2.000000000,0.022919241,0.000000000,0.000000000
CR-C02-004-A0002,CR-C02-004,DS04,cerro_rojo,CAMPAIGN_02,2.000000000,4.000000000,2.000000000,0.024610650,0.000000000,0.000000000
CR-C02-004-A0003,CR-C02-004,DS04,cerro_rojo,CAMPAIGN_02,4.000000000,6.000000000,2.000000000,0.020039178,0.000000000,0.000000000
CR-C02-004-A0004,CR-C02-004,DS04,cerro_rojo,CAMPAIGN_02,6.000000000,8.000000000,2.000000000,0.021088331,0.000000000,0.000000000
CR-C02-004-A0005,CR-C02-004,DS04,cerro_rojo,CAMPAIGN_02,8.000000000,10.000000000,2.000000000,0.022384978,0.000000000,0.000000000
CR-C02-004-A0006,CR-C02-004,DS04,cerro_rojo,CAMPAIGN_02,10.000000000,12.000000000,2.000000000,0.021824941,0.000000000,0.000000000
CR-C02-004-A0007,CR-C02-004,DS04,cerro_rojo,CAMPAIGN_02,12.000000000,14.000000000,2.000000000,0.023462093,0.000000000,0.000000000
CR-C02-004-A0008,CR-C02-004,DS04,cerro_rojo,CAMPAIGN_02,14.000000000,16.000000000,2.000000000,0.022221300,0.000000000,0.000000000
CR-C02-004-A0009,CR-C02-004,DS04,cerro_rojo,CAMPAIGN_02,16.000000000,18.000000000,2.000000000,0.023986106,0.000000000,0.000000000
CR-C02-004-A0010,CR-C02-004,DS04,cerro_rojo,CAMPAIGN_02,18.000000000,20.000000000,2.000000000,0.022492630,0.000000000,0.000000000
CR-C02-004-A0011,CR-C02-004,DS04,cerro_rojo,CAMPAIGN_02,20.000000000,22.000000000,2.000000000,0.020005019,0.000000000,0.000000000
CR-C02-004-A0012,CR-C02-004,DS04,cerro_rojo,CAMPAIGN_02,22.000000000,24.000000000,2.000000000,0.022537523,0.000000000,0.000000000
CR-C02-004-A0013,CR-C02-004,DS04,cerro_rojo,CAMPAIGN_02,24.000000000,26.000000000,2.000000000,0.019732342,0.000000000,0.000000000
CR-C02-004-A0014,CR-C02-004,DS04,cerro_rojo,CAMPAIGN_02,26.000000000,28.000000000,2.000000000,0.023756756,0.000000000,0.000000000
CR-C02-004-A0015,CR-C02-004,DS04,cerro_rojo,CAMPAIGN_02,28.000000000,30.000000000,2.000000000,0.022535546,0.000000000,0.000000000
CR-C02-004-A0016,CR-C02-004,DS04,cerro_rojo,CAMPAIGN_02,30.000000000,32.000000000,2.000000000,0.020505771,0.000000000,0.000000000
CR-C02-004-A0017,CR-C02-004,DS04,cerro_rojo,CAMPAIGN_02,32.000000000,34.000000000,2.000000000,0.020762799,0.000000000,0.000000000
CR-C02-004-A0018,CR-C02-004,DS04,cerro_rojo,CAMPAIGN_02,34.000000000,36.000000000,2.000000000,0.022811054,0.000000000,0.000000000
CR-C02-004-A0019,CR-C02-004,DS04,cerro_rojo,CAMPAIGN_02,36.000000000,38.000000000,2.000000000,0.023836547,0.000000000,0.000000000
CR-C02-004-A0020,CR-C02-004,DS04,cerro_rojo,CAMPAIGN_02,38.000000000,40.000000000,2.000000000,0.022108337,0.000000000,0.000000000
CR-C02-004-A0021,CR-C02-004,DS04,cerro_rojo,CAMPAIGN_02,40.000000000,42.000000000,2.000000000,0.019379336,0.000000000,0.000000000
CR-C02-004-A0022,CR-C02-004,DS04,cerro_rojo,CAMPAIGN_02,42.000000000,44.000000000,2.000000000,0.021784298,0.000000000,0.000000000
CR-C02-004-A0023,CR-C02-004,DS04,cerro_rojo,CAMPAIGN_02,44.000000000,46.000000000,2.000000000,0.019872933,0.000000000,0.000000000
CR-C02-004-A0024,CR-C02-004,DS04,cerro_rojo,CAMPAIGN_02,46.000000000,48.000000000,2.000000000,0.019193922,0.000000000,0.000000000
CR-C02-004-A0025,CR-C02-004,DS04,cerro_rojo,CAMPAIGN_02,48.000000000,50.000000000,2.000000000,0.023293445,0.000000000,0.000000000
CR-C02-004-A0026,CR-C02-004,DS04,cerro_rojo,CAMPAIGN_02,50.000000000,52.000000000,2.000000000,0.023799546,0.000000000,0.000000000
CR-C02-004-A0027,CR-C02-004,DS04,cerro_rojo,CAMPAIGN_02,52.000000000,54.000000000,2.000000000,0.019512940,0.000000000,0.000000000
CR-C02-004-A0028,CR-C02-004,DS04,cerro_rojo,CAMPAIGN_02,54.000000000,56.000000000,2.000000000,0.019734332,0.000000000,0.000000000
CR-C02-004-A0029,CR-C02-004,DS04,cerro_rojo,CAMPAIGN_02,56.000000000,58.000000000,2.000000000,0.021434031,0.000000000,0.000000000
CR-C02-004-A0030,CR-C02-004,DS04,cerro_rojo,CAMPAIGN_02,58.000000000,60.000000000,2.000000000,0.024174445,0.000000000,0.000000000
CR-C02-004-A0031,CR-C02-004,DS04,cerro_rojo,CAMPAIGN_02,60.000000000,62.000000000,2.000000000,0.018372904,0.000000000,0.000000000
CR-C02-004-A0032,CR-C02-004,DS04,cerro_rojo,CAMPAIGN_02,62.000000000,64.000000000,2.000000000,0.022175505,0.000000000,0.000000000
CR-C02-004-A0033,CR-C02-004,DS04,cerro_rojo,CAMPAIGN_02,64.000000000,66.000000000,2.000000000,0.019534599,0.000000000,0.000000000
CR-C02-004-A0034,CR-C02-004,DS04,cerro_rojo,CAMPAIGN_02,66.000000000,68.000000000,2.000000000,0.022440916,0.000000000,0.000000000
CR-C02-004-A0035,CR-C02-004,DS04,cerro_rojo,CAMPAIGN_02,68.000000000,70.000000000,2.000000000,0.023611537,0.000000000,0.000000000
CR-C02-004-A0036,CR-C02-004,DS04,cerro_rojo,CAMPAIGN_02,70.000000000,72.000000000,2.000000000,0.024135881,0.000000000,0.000000000
CR-C02-004-A0037,CR-C02-004,DS04,cerro_rojo,CAMPAIGN_02,72.000000000,74.000000000,2.000000000,0.020548101,0.000000000,0.000000000
CR-C02-004-A0038,CR-C02-004,DS04,cerro_rojo,CAMPAIGN_02,74.000000000,76.000000000,2.000000000,0.020192852,0.000000000,0.000000000
CR-C02-004-A0039,CR-C02-004,DS04,cerro_rojo,CAMPAIGN_02,76.000000000,78.000000000,2.000000000,0.022449115,0.000000000,0.000000000
CR-C02-004-A0040,CR-C02-004,DS04,cerro_rojo,CAMPAIGN_02,78.000000000,80.000000000,2.000000000,0.022422010,0.000000000,0.000000000
CR-C02-004-A0041,CR-C02-004,DS04,cerro_rojo,CAMPAIGN_02,80.000000000,82.000000000,2.000000000,0.018580295,0.000000000,0.000000000
CR-C02-004-A0042,CR-C02-004,DS04,cerro_rojo,CAMPAIGN_02,82.000000000,84.000000000,2.000000000,0.021869452,0.000000000,0.000000000
CR-C02-004-A0043,CR-C02-004,DS04,cerro_rojo,CAMPAIGN_02,84.000000000,86.000000000,2.000000000,0.025631045,0.000000000,0.000000000
CR-C02-004-A0044,CR-C02-004,DS04,cerro_rojo,CAMPAIGN_02,86.000000000,88.000000000,2.000000000,0.020748027,0.000000000,0.000000000
CR-C02-004-A0045,CR-C02-004,DS04,cerro_rojo,CAMPAIGN_02,88.000000000,90.000000000,2.000000000,0.022175971,0.000000000,0.000000000
CR-C02-004-A0046,CR-C02-004,DS04,cerro_rojo,CAMPAIGN_02,90.000000000,92.000000000,2.000000000,0.022509498,0.000000000,0.000000000
CR-C02-004-A0047,CR-C02-004,DS04,cerro_rojo,CAMPAIGN_02,92.000000000,94.000000000,2.000000000,0.022018337,0.000000000,0.000000000
CR-C02-004-A0048,CR-C02-004,DS04,cerro_rojo,CAMPAIGN_02,94.000000000,96.000000000,2.000000000,0.024874246,0.000000000,0.000000000
CR-C02-004-A0049,CR-C02-004,DS04,cerro_rojo,CAMPAIGN_02,96.000000000,98.000000000,2.000000000,0.023905936,0.000000000,0.000000000
CR-C02-004-A0050,CR-C02-004,DS04,cerro_rojo,CAMPAIGN_02,98.000000000,100.000000000,2.000000000,0.021144763,0.000000000,0.000000000
CR-C02-004-A0051,CR-C02-004,DS04,cerro_rojo,CAMPAIGN_02,100.000000000,102.000000000,2.000000000,0.021081204,0.000000000,0.000000000
CR-C02-004-A0052,CR-C02-004,DS04,cerro_rojo,CAMPAIGN_02,102.000000000,104.000000000,2.000000000,0.022015469,0.000000000,0.000000000
CR-C02-004-A0053,CR-C02-004,DS04,cerro_rojo,CAMPAIGN_02,104.000000000,106.000000000,2.000000000,0.020584707,0.000000000,0.000000000
CR-C02-004-A0054,CR-C02-004,DS04,cerro_rojo,CAMPAIGN_02,106.000000000,108.000000000,2.000000000,0.021929518,0.000000000,0.000000000
CR-C02-004-A0055,CR-C02-004,DS04,cerro_rojo,CAMPAIGN_02,108.000000000,110.000000000,2.000000000,0.023505626,0.000000000,0.000000000
CR-C02-004-A0056,CR-C02-004,DS04,cerro_rojo,CAMPAIGN_02,110.000000000,112.000000000,2.000000000,0.022831197,0.000000000,0.000000000
CR-C02-004-A0057,CR-C02-004,DS04,cerro_rojo,CAMPAIGN_02,112.000000000,114.000000000,2.000000000,0.020139733,0.000000000,0.000000000
CR-C02-004-A0058,CR-C02-004,DS04,cerro_rojo,CAMPAIGN_02,114.000000000,116.000000000,2.000000000,0.022352512,0.000000000,0.000000000
CR-C02-004-A0059,CR-C02-004,DS04,cerro_rojo,CAMPAIGN_02,116.000000000,118.000000000,2.000000000,0.025743165,0.000000000,0.000000000
CR-C02-004-A0060,CR-C02-004,DS04,cerro_rojo,CAMPAIGN_02,118.000000000,120.000000000,2.000000000,0.026136654,0.000000000,0.000000000
CR-C02-004-A0061,CR-C02-004,DS04,cerro_rojo,CAMPAIGN_02,120.000000000,122.000000000,2.000000000,0.023579824,0.000000000,0.000000000
CR-C02-004-A0062,CR-C02-004,DS04,cerro_rojo,CAMPAIGN_02,122.000000000,124.000000000,2.000000000,0.023969512,0.000000000,0.000000000
CR-C02-004-A0063,CR-C02-004,DS04,cerro_rojo,CAMPAIGN_02,124.000000000,126.000000000,2.000000000,0.019748652,0.000000000,0.000000000
CR-C02-004-A0064,CR-C02-004,DS04,cerro_rojo,CAMPAIGN_02,126.000000000,128.000000000,2.000000000,0.021967203,0.000000000,0.000000000
CR-C02-004-A0065,CR-C02-004,DS04,cerro_rojo,CAMPAIGN_02,128.000000000,130.000000000,2.000000000,0.021172872,0.000000000,0.000000000
CR-C02-004-A0066,CR-C02-004,DS04,cerro_rojo,CAMPAIGN_02,130.000000000,132.000000000,2.000000000,0.020177110,0.000000000,0.000000000
CR-C02-004-A0067,CR-C02-004,DS04,cerro_rojo,CAMPAIGN_02,132.000000000,134.000000000,2.000000000,0.023097565,0.000000000,0.000000000
CR-C02-004-A0068,CR-C02-004,DS04,cerro_rojo,CAMPAIGN_02,134.000000000,136.000000000,2.000000000,0.023607490,0.000000000,0.000000000
CR-C02-004-A0069,CR-C02-004,DS04,cerro_rojo,CAMPAIGN_02,136.000000000,138.000000000,2.000000000,0.022753854,0.000000000,0.000000000
CR-C02-004-A0070,CR-C02-004,DS04,cerro_rojo,CAMPAIGN_02,138.000000000,140.000000000,2.000000000,0.023203759,0.000000000,0.000000000
CR-C02-004-A0071,CR-C02-004,DS04,cerro_rojo,CAMPAIGN_02,140.000000000,142.000000000,2.000000000,0.025643621,0.000000000,0.000000000
CR-C02-004-A0072,CR-C02-004,DS04,cerro_rojo,CAMPAIGN_02,142.000000000,144.000000000,2.000000000,0.024386859,0.000000000,0.000000000
CR-C02-004-A0073,CR-C02-004,DS04,cerro_rojo,CAMPAIGN_02,144.000000000,146.000000000,2.000000000,0.023252433,0.000000000,0.000000000
CR-C02-004-A0074,CR-C02-004,DS04,cerro_rojo,CAMPAIGN_02,146.000000000,148.000000000,2.000000000,0.025055092,0.000000000,0.000000000
CR-C02-004-A0075,CR-C02-004,DS04,cerro_rojo,CAMPAIGN_02,148.000000000,150.000000000,2.000000000,0.027334928,0.000000000,0.000000000
CR-C02-004-A0076,CR-C02-004,DS04,cerro_rojo,CAMPAIGN_02,150.000000000,152.000000000,2.000000000,0.025105808,0.000000000,0.000000000
CR-C02-004-A0077,CR-C02-004,DS04,cerro_rojo,CAMPAIGN_02,152.000000000,154.000000000,2.000000000,0.027303866,0.000000000,0.000000000
CR-C02-004-A0078,CR-C02-004,DS04,cerro_rojo,CAMPAIGN_02,154.000000000,156.000000000,2.000000000,0.024544063,0.000000000,0.000000000
CR-C02-004-A0079,CR-C02-004,DS04,cerro_rojo,CAMPAIGN_02,156.000000000,158.000000000,2.000000000,0.026043487,0.000000000,0.000000000
CR-C02-004-A0080,CR-C02-004,DS04,cerro_rojo,CAMPAIGN_02,158.000000000,160.000000000,2.000000000,0.024057993,0.000000000,0.000000000
CR-C02-004-A0081,CR-C02-004,DS04,cerro_rojo,CAMPAIGN_02,160.000000000,162.000000000,2.000000000,0.026367051,0.000000000,0.000000000
CR-C02-004-A0082,CR-C02-004,DS04,cerro_rojo,CAMPAIGN_02,162.000000000,164.000000000,2.000000000,0.020786942,0.000000000,0.000000000
CR-C02-004-A0083,CR-C02-004,DS04,cerro_rojo,CAMPAIGN_02,164.000000000,166.000000000,2.000000000,0.026328673,0.000000000,0.000000000
CR-C02-004-A0084,CR-C02-004,DS04,cerro_rojo,CAMPAIGN_02,166.000000000,168.000000000,2.000000000,0.026346344,0.000000000,0.000000000
CR-C02-004-A0085,CR-C02-004,DS04,cerro_rojo,CAMPAIGN_02,168.000000000,170.000000000,2.000000000,0.029501045,0.000000000,0.000000000
CR-C02-004-A0086,CR-C02-004,DS04,cerro_rojo,CAMPAIGN_02,170.000000000,172.000000000,2.000000000,0.027178579,0.000000000,0.000000000
CR-C02-004-A0087,CR-C02-004,DS04,cerro_rojo,CAMPAIGN_02,172.000000000,174.000000000,2.000000000,0.029443497,0.000000000,0.000000000
CR-C02-004-A0088,CR-C02-004,DS04,cerro_rojo,CAMPAIGN_02,174.000000000,176.000000000,2.000000000,0.026458421,0.000000000,0.000000000
CR-C02-004-A0089,CR-C02-004,DS04,cerro_rojo,CAMPAIGN_02,176.000000000,178.000000000,2.000000000,0.031452989,0.000000000,0.000000000
CR-C02-004-A0090,CR-C02-004,DS04,cerro_rojo,CAMPAIGN_02,178.000000000,180.000000000,2.000000000,0.029043613,0.000000000,0.000000000
CR-C02-004-A0091,CR-C02-004,DS04,cerro_rojo,CAMPAIGN_02,180.000000000,182.000000000,2.000000000,0.028932031,0.000000000,0.000000000
CR-C02-004-A0092,CR-C02-004,DS04,cerro_rojo,CAMPAIGN_02,182.000000000,184.000000000,2.000000000,0.027897253,0.000000000,0.000000000
CR-C02-004-A0093,CR-C02-004,DS04,cerro_rojo,CAMPAIGN_02,184.000000000,186.000000000,2.000000000,0.026092710,0.000000000,0.000000000
CR-C02-004-A0094,CR-C02-004,DS04,cerro_rojo,CAMPAIGN_02,186.000000000,188.000000000,2.000000000,0.029801843,0.000000000,0.000000000
CR-C02-004-A0095,CR-C02-004,DS04,cerro_rojo,CAMPAIGN_02,188.000000000,190.000000000,2.000000000,0.025867018,0.000000000,0.000000000
CR-C02-004-A0096,CR-C02-004,DS04,cerro_rojo,CAMPAIGN_02,190.000000000,192.000000000,2.000000000,0.030834735,0.000000000,0.000000000
CR-C02-004-A0097,CR-C02-004,DS04,cerro_rojo,CAMPAIGN_02,192.000000000,194.000000000,2.000000000,0.029971075,0.000000000,0.000000000
CR-C02-004-A0098,CR-C02-004,DS04,cerro_rojo,CAMPAIGN_02,194.000000000,196.000000000,2.000000000,0.030464769,0.000000000,0.000000000
CR-C02-004-A0099,CR-C02-004,DS04,cerro_rojo,CAMPAIGN_02,196.000000000,198.000000000,2.000000000,0.028609197,0.000000000,0.000000000
CR-C02-004-A0100,CR-C02-004,DS04,cerro_rojo,CAMPAIGN_02,198.000000000,200.000000000,2.000000000,0.029857151,0.000000000,0.000000000
CR-C02-004-A0101,CR-C02-004,DS04,cerro_rojo,CAMPAIGN_02,200.000000000,202.000000000,2.000000000,0.029759477,0.000000000,0.000000000
CR-C02-004-A0102,CR-C02-004,DS04,cerro_rojo,CAMPAIGN_02,202.000000000,204.000000000,2.000000000,0.035706166,0.000000000,0.000000000
CR-C02-004-A0103,CR-C02-004,DS04,cerro_rojo,CAMPAIGN_02,204.000000000,206.000000000,2.000000000,0.033493967,0.000000000,0.000000000
CR-C02-004-A0104,CR-C02-004,DS04,cerro_rojo,CAMPAIGN_02,206.000000000,208.000000000,2.000000000,0.031609286,0.000000000,0.000000000
CR-C02-004-A0105,CR-C02-004,DS04,cerro_rojo,CAMPAIGN_02,208.000000000,210.000000000,2.000000000,0.034171438,0.000000000,0.000000000
CR-C02-004-A0106,CR-C02-004,DS04,cerro_rojo,CAMPAIGN_02,210.000000000,212.000000000,2.000000000,0.034133721,0.000000000,0.000000000
CR-C02-004-A0107,CR-C02-004,DS04,cerro_rojo,CAMPAIGN_02,212.000000000,214.000000000,2.000000000,0.031089739,0.000000000,0.000000000
CR-C02-004-A0108,CR-C02-004,DS04,cerro_rojo,CAMPAIGN_02,214.000000000,216.000000000,2.000000000,0.034671086,0.000000000,0.000000000
CR-C02-004-A0109,CR-C02-004,DS04,cerro_rojo,CAMPAIGN_02,216.000000000,218.000000000,2.000000000,0.038429520,0.000000000,0.000000000
CR-C02-004-A0110,CR-C02-004,DS04,cerro_rojo,CAMPAIGN_02,218.000000000,220.000000000,2.000000000,0.039024675,0.000000000,0.000000000
CR-C02-004-A0111,CR-C02-004,DS04,cerro_rojo,CAMPAIGN_02,220.000000000,222.000000000,2.000000000,0.035776706,0.000000000,0.000000000
CR-C02-004-A0112,CR-C02-004,DS04,cerro_rojo,CAMPAIGN_02,222.000000000,224.000000000,2.000000000,0.043030219,0.000000000,0.000000000
CR-C02-004-A0113,CR-C02-004,DS04,cerro_rojo,CAMPAIGN_02,224.000000000,226.000000000,2.000000000,0.038933863,0.000000000,0.000000000
CR-C02-004-A0114,CR-C02-004,DS04,cerro_rojo,CAMPAIGN_02,226.000000000,228.000000000,2.000000000,0.040137732,0.000000000,0.000000000
CR-C02-004-A0115,CR-C02-004,DS04,cerro_rojo,CAMPAIGN_02,228.000000000,230.000000000,2.000000000,0.037184295,0.000000000,0.000000000
CR-C02-004-A0116,CR-C02-004,DS04,cerro_rojo,CAMPAIGN_02,230.000000000,232.000000000,2.000000000,0.043000129,0.000000000,0.000000000
CR-C02-004-A0117,CR-C02-004,DS04,cerro_rojo,CAMPAIGN_02,232.000000000,234.000000000,2.000000000,0.043659697,0.000000000,0.000000000
CR-C02-004-A0118,CR-C02-004,DS04,cerro_rojo,CAMPAIGN_02,234.000000000,236.000000000,2.000000000,0.037638695,0.000000000,0.000000000
CR-C02-004-A0119,CR-C02-004,DS04,cerro_rojo,CAMPAIGN_02,236.000000000,238.000000000,2.000000000,0.043893925,0.000000000,0.000000000
CR-C02-004-A0120,CR-C02-004,DS04,cerro_rojo,CAMPAIGN_02,238.000000000,240.000000000,2.000000000,0.048055936,0.000000000,0.000000000
CR-C02-004-A0121,CR-C02-004,DS04,cerro_rojo,CAMPAIGN_02,240.000000000,242.000000000,2.000000000,0.043297714,0.000000000,0.000000000
CR-C02-004-A0122,CR-C02-004,DS04,cerro_rojo,CAMPAIGN_02,242.000000000,244.000000000,2.000000000,0.045956594,0.000000000,0.000000000
CR-C02-004-A0123,CR-C02-004,DS04,cerro_rojo,CAMPAIGN_02,244.000000000,246.000000000,2.000000000,0.046536881,0.000000000,0.000000000
CR-C02-004-A0124,CR-C02-004,DS04,cerro_rojo,CAMPAIGN_02,246.000000000,248.000000000,2.000000000,0.051304822,0.000000000,0.000000000
CR-C02-004-A0125,CR-C02-004,DS04,cerro_rojo,CAMPAIGN_02,248.000000000,250.000000000,2.000000000,0.048140832,0.000000000,0.000000000
CR-C02-004-A0126,CR-C02-004,DS04,cerro_rojo,CAMPAIGN_02,250.000000000,252.000000000,2.000000000,0.054992790,0.000000000,0.000000000
CR-C02-004-A0127,CR-C02-004,DS04,cerro_rojo,CAMPAIGN_02,252.000000000,254.000000000,2.000000000,0.053420628,0.000000000,0.000000000
CR-C02-004-A0128,CR-C02-004,DS04,cerro_rojo,CAMPAIGN_02,254.000000000,256.000000000,2.000000000,0.053383818,0.000000000,0.000000000
CR-C02-004-A0129,CR-C02-004,DS04,cerro_rojo,CAMPAIGN_02,256.000000000,258.000000000,2.000000000,0.051183277,0.000000000,0.000000000
CR-C02-004-A0130,CR-C02-004,DS04,cerro_rojo,CAMPAIGN_02,258.000000000,260.000000000,2.000000000,0.051574035,0.000000000,0.000000000
CR-C02-004-A0131,CR-C02-004,DS04,cerro_rojo,CAMPAIGN_02,260.000000000,262.000000000,2.000000000,0.056072863,0.000000000,0.000000000
CR-C02-004-A0132,CR-C02-004,DS04,cerro_rojo,CAMPAIGN_02,262.000000000,264.000000000,2.000000000,0.057424538,0.000000000,0.000000000
CR-C02-004-A0133,CR-C02-004,DS04,cerro_rojo,CAMPAIGN_02,264.000000000,266.000000000,2.000000000,0.059553598,0.000000000,0.000000000
CR-C02-004-A0134,CR-C02-004,DS04,cerro_rojo,CAMPAIGN_02,266.000000000,268.000000000,2.000000000,0.058979993,0.000000000,0.000000000
CR-C02-004-A0135,CR-C02-004,DS04,cerro_rojo,CAMPAIGN_02,268.000000000,270.000000000,2.000000000,0.058151106,0.000000000,0.000000000
CR-C02-004-A0136,CR-C02-004,DS04,cerro_rojo,CAMPAIGN_02,270.000000000,272.000000000,2.000000000,0.064710182,0.000000000,0.000000000
CR-C02-004-A0137,CR-C02-004,DS04,cerro_rojo,CAMPAIGN_02,272.000000000,274.000000000,2.000000000,0.064110079,0.000000000,0.000000000
CR-C02-004-A0138,CR-C02-004,DS04,cerro_rojo,CAMPAIGN_02,274.000000000,276.000000000,2.000000000,0.064332331,0.000000000,0.000000000
CR-C02-004-A0139,CR-C02-004,DS04,cerro_rojo,CAMPAIGN_02,276.000000000,278.000000000,2.000000000,0.068284742,0.000000000,0.000000000
CR-C02-004-A0140,CR-C02-004,DS04,cerro_rojo,CAMPAIGN_02,278.000000000,280.000000000,2.000000000,0.062043194,0.000000000,0.000000000
CR-C02-004-A0141,CR-C02-004,DS04,cerro_rojo,CAMPAIGN_02,280.000000000,282.000000000,2.000000000,0.064785637,0.000000000,0.000000000
CR-C02-004-A0142,CR-C02-004,DS04,cerro_rojo,CAMPAIGN_02,282.000000000,284.000000000,2.000000000,0.069018003,0.000000000,0.000000000
CR-C02-004-A0143,CR-C02-004,DS04,cerro_rojo,CAMPAIGN_02,284.000000000,286.000000000,2.000000000,0.072630679,0.000000000,0.000000000
CR-C02-004-A0144,CR-C02-004,DS04,cerro_rojo,CAMPAIGN_02,286.000000000,288.000000000,2.000000000,0.068284012,0.000000000,0.000000000
CR-C02-004-A0145,CR-C02-004,DS04,cerro_rojo,CAMPAIGN_02,288.000000000,290.000000000,2.000000000,0.071180257,0.000000000,0.000000000
CR-C02-004-A0146,CR-C02-004,DS04,cerro_rojo,CAMPAIGN_02,290.000000000,292.000000000,2.000000000,0.070404612,0.000000000,0.000000000
CR-C02-004-A0147,CR-C02-004,DS04,cerro_rojo,CAMPAIGN_02,292.000000000,294.000000000,2.000000000,0.071901794,0.000000000,0.000000000
CR-C02-004-A0148,CR-C02-004,DS04,cerro_rojo,CAMPAIGN_02,294.000000000,296.000000000,2.000000000,0.076868392,0.000000000,0.000000000
CR-C02-004-A0149,CR-C02-004,DS04,cerro_rojo,CAMPAIGN_02,296.000000000,298.000000000,2.000000000,0.084417014,0.000000000,0.000000000
CR-C02-004-A0150,CR-C02-004,DS04,cerro_rojo,CAMPAIGN_02,298.000000000,300.000000000,2.000000000,0.086540090,0.000000000,0.000000000
CR-C02-004-A0151,CR-C02-004,DS04,cerro_rojo,CAMPAIGN_02,300.000000000,302.000000000,2.000000000,0.077474294,0.000000000,0.000000000
CR-C02-004-A0152,CR-C02-004,DS04,cerro_rojo,CAMPAIGN_02,302.000000000,304.000000000,2.000000000,0.082053462,0.000000000,0.000000000
CR-C02-004-A0153,CR-C02-004,DS04,cerro_rojo,CAMPAIGN_02,304.000000000,306.000000000,2.000000000,0.086768048,0.000000000,0.000000000
CR-C02-004-A0154,CR-C02-004,DS04,cerro_rojo,CAMPAIGN_02,306.000000000,308.000000000,2.000000000,0.078478180,0.000000000,0.000000000
CR-C02-004-A0155,CR-C02-004,DS04,cerro_rojo,CAMPAIGN_02,308.000000000,310.000000000,2.000000000,0.084439041,0.000000000,0.000000000
CR-C02-004-A0156,CR-C02-004,DS04,cerro_rojo,CAMPAIGN_02,310.000000000,312.000000000,2.000000000,0.086499438,0.000000000,0.000000000
CR-C02-004-A0157,CR-C02-004,DS04,cerro_rojo,CAMPAIGN_02,312.000000000,314.000000000,2.000000000,0.089165196,0.000000000,0.000000000
CR-C02-004-A0158,CR-C02-004,DS04,cerro_rojo,CAMPAIGN_02,314.000000000,316.000000000,2.000000000,0.090549900,0.000000000,0.000000000
CR-C02-004-A0159,CR-C02-004,DS04,cerro_rojo,CAMPAIGN_02,316.000000000,318.000000000,2.000000000,0.087381799,0.000000000,0.000000000
CR-C02-004-A0160,CR-C02-004,DS04,cerro_rojo,CAMPAIGN_02,318.000000000,320.000000000,2.000000000,0.094385822,0.000000000,0.000000000
CR-C02-004-A0161,CR-C02-004,DS04,cerro_rojo,CAMPAIGN_02,320.000000000,322.000000000,2.000000000,0.096101869,0.000000000,0.000000000
CR-C02-004-A0162,CR-C02-004,DS04,cerro_rojo,CAMPAIGN_02,322.000000000,324.000000000,2.000000000,0.092724614,0.000000000,0.000000000
CR-C02-004-A0163,CR-C02-004,DS04,cerro_rojo,CAMPAIGN_02,324.000000000,326.000000000,2.000000000,0.098987056,0.000000000,0.000000000
CR-C02-004-A0164,CR-C02-004,DS04,cerro_rojo,CAMPAIGN_02,326.000000000,328.000000000,2.000000000,0.096394320,0.000000000,0.000000000
CR-C02-004-A0165,CR-C02-004,DS04,cerro_rojo,CAMPAIGN_02,328.000000000,330.000000000,2.000000000,0.106367648,0.000000000,0.000000000
CR-C02-004-A0166,CR-C02-004,DS04,cerro_rojo,CAMPAIGN_02,330.000000000,332.000000000,2.000000000,0.108613683,0.000000000,0.000000000
CR-C02-004-A0167,CR-C02-004,DS04,cerro_rojo,CAMPAIGN_02,332.000000000,334.000000000,2.000000000,0.104795106,0.000000000,0.000000000
CR-C02-004-A0168,CR-C02-004,DS04,cerro_rojo,CAMPAIGN_02,334.000000000,336.000000000,2.000000000,0.104969839,0.000000000,0.000000000
CR-C02-004-A0169,CR-C02-004,DS04,cerro_rojo,CAMPAIGN_02,336.000000000,338.000000000,2.000000000,0.109477396,0.000000000,0.000000000
CR-C02-004-A0170,CR-C02-004,DS04,cerro_rojo,CAMPAIGN_02,338.000000000,340.000000000,2.000000000,0.107462268,0.000000000,0.000000000
CR-C02-004-A0171,CR-C02-004,DS04,cerro_rojo,CAMPAIGN_02,340.000000000,342.000000000,2.000000000,0.111234962,0.000000000,0.000000000
CR-C02-004-A0172,CR-C02-004,DS04,cerro_rojo,CAMPAIGN_02,342.000000000,344.000000000,2.000000000,0.111034004,0.000000000,0.000000000
CR-C02-004-A0173,CR-C02-004,DS04,cerro_rojo,CAMPAIGN_02,344.000000000,346.000000000,2.000000000,0.117666978,0.000000000,0.000000000
CR-C02-004-A0174,CR-C02-004,DS04,cerro_rojo,CAMPAIGN_02,346.000000000,348.000000000,2.000000000,0.115194717,0.000000000,0.000000000
CR-C02-004-A0175,CR-C02-004,DS04,cerro_rojo,CAMPAIGN_02,348.000000000,350.000000000,2.000000000,0.118567280,0.000000000,0.000000000
CR-C02-004-A0176,CR-C02-004,DS04,cerro_rojo,CAMPAIGN_02,350.000000000,352.000000000,2.000000000,0.109282001,0.000000000,0.000000000
CR-C02-004-A0177,CR-C02-004,DS04,cerro_rojo,CAMPAIGN_02,352.000000000,354.000000000,2.000000000,0.117925273,0.000000000,0.000000000
CR-C02-004-A0178,CR-C02-004,DS04,cerro_rojo,CAMPAIGN_02,354.000000000,356.000000000,2.000000000,0.118995549,0.000000000,0.000000000
CR-C02-004-A0179,CR-C02-004,DS04,cerro_rojo,CAMPAIGN_02,356.000000000,358.000000000,2.000000000,0.121436453,0.000000000,0.000000000
CR-C02-004-A0180,CR-C02-004,DS04,cerro_rojo,CAMPAIGN_02,358.000000000,360.000000000,2.000000000,0.123599749,0.000000000,0.000000000
CR-C02-004-A0181,CR-C02-004,DS04,cerro_rojo,CAMPAIGN_02,360.000000000,362.000000000,2.000000000,0.110524339,0.000000000,0.000000000
CR-C02-004-A0182,CR-C02-004,DS04,cerro_rojo,CAMPAIGN_02,362.000000000,364.000000000,2.000000000,0.129438822,0.000000000,0.000000000
CR-C02-004-A0183,CR-C02-004,DS04,cerro_rojo,CAMPAIGN_02,364.000000000,366.000000000,2.000000000,0.118764038,0.000000000,0.000000000
CR-C02-004-A0184,CR-C02-004,DS04,cerro_rojo,CAMPAIGN_02,366.000000000,368.000000000,2.000000000,0.133564427,0.000000000,0.000000000
CR-C02-004-A0185,CR-C02-004,DS04,cerro_rojo,CAMPAIGN_02,368.000000000,370.000000000,2.000000000,0.129197169,0.000000000,0.000000000
CR-C02-004-A0186,CR-C02-004,DS04,cerro_rojo,CAMPAIGN_02,370.000000000,372.000000000,2.000000000,0.135269123,0.000000000,0.000000000
CR-C02-004-A0187,CR-C02-004,DS04,cerro_rojo,CAMPAIGN_02,372.000000000,374.000000000,2.000000000,0.132404847,0.000000000,0.000000000
CR-C02-004-A0188,CR-C02-004,DS04,cerro_rojo,CAMPAIGN_02,374.000000000,376.000000000,2.000000000,0.128398230,0.000000000,0.000000000
CR-C02-004-A0189,CR-C02-004,DS04,cerro_rojo,CAMPAIGN_02,376.000000000,378.000000000,2.000000000,0.142213597,0.000000000,0.000000000
CR-C02-004-A0190,CR-C02-004,DS04,cerro_rojo,CAMPAIGN_02,378.000000000,380.000000000,2.000000000,0.139671779,0.000000000,0.000000000
CR-C02-004-A0191,CR-C02-004,DS04,cerro_rojo,CAMPAIGN_02,380.000000000,382.000000000,2.000000000,0.134996687,0.000000000,0.000000000
CR-C02-004-A0192,CR-C02-004,DS04,cerro_rojo,CAMPAIGN_02,382.000000000,384.000000000,2.000000000,0.133922243,0.000000000,0.000000000
CR-C02-004-A0193,CR-C02-004,DS04,cerro_rojo,CAMPAIGN_02,384.000000000,386.000000000,2.000000000,0.135108438,0.000000000,0.000000000
CR-C02-004-A0194,CR-C02-004,DS04,cerro_rojo,CAMPAIGN_02,386.000000000,388.000000000,2.000000000,0.129782041,0.000000000,0.000000000
CR-C02-004-A0195,CR-C02-004,DS04,cerro_rojo,CAMPAIGN_02,388.000000000,390.000000000,2.000000000,0.138243791,0.000000000,0.000000000
CR-C02-004-A0196,CR-C02-004,DS04,cerro_rojo,CAMPAIGN_02,390.000000000,392.000000000,2.000000000,0.144127005,0.000000000,0.000000000
CR-C02-004-A0197,CR-C02-004,DS04,cerro_rojo,CAMPAIGN_02,392.000000000,394.000000000,2.000000000,0.144665731,0.000000000,0.000000000
CR-C02-004-A0198,CR-C02-004,DS04,cerro_rojo,CAMPAIGN_02,394.000000000,396.000000000,2.000000000,0.158704726,0.000000000,0.000000000
CR-C02-004-A0199,CR-C02-004,DS04,cerro_rojo,CAMPAIGN_02,396.000000000,398.000000000,2.000000000,0.144157241,0.000000000,0.000000000
CR-C02-004-A0200,CR-C02-004,DS04,cerro_rojo,CAMPAIGN_02,398.000000000,400.000000000,2.000000000,0.141601723,0.000000000,0.000000000
CR-C02-004-A0201,CR-C02-004,DS04,cerro_rojo,CAMPAIGN_02,400.000000000,402.000000000,2.000000000,0.150565555,0.000000000,0.000000000
CR-C02-004-A0202,CR-C02-004,DS04,cerro_rojo,CAMPAIGN_02,402.000000000,404.000000000,2.000000000,0.153166652,0.000000000,0.000000000
CR-C02-004-A0203,CR-C02-004,DS04,cerro_rojo,CAMPAIGN_02,404.000000000,406.000000000,2.000000000,0.155443176,0.000000000,0.000000000
CR-C02-004-A0204,CR-C02-004,DS04,cerro_rojo,CAMPAIGN_02,406.000000000,408.000000000,2.000000000,0.160501395,0.000000000,0.000000000
CR-C02-004-A0205,CR-C02-004,DS04,cerro_rojo,CAMPAIGN_02,408.000000000,410.000000000,2.000000000,0.142636469,0.000000000,0.000000000
CR-C02-004-A0206,CR-C02-004,DS04,cerro_rojo,CAMPAIGN_02,410.000000000,412.000000000,2.000000000,0.155610066,0.000000000,0.000000000
CR-C02-004-A0207,CR-C02-004,DS04,cerro_rojo,CAMPAIGN_02,412.000000000,414.000000000,2.000000000,0.156864971,0.000000000,0.000000000
CR-C02-004-A0208,CR-C02-004,DS04,cerro_rojo,CAMPAIGN_02,414.000000000,416.000000000,2.000000000,0.146184477,0.000000000,0.000000000
CR-C02-004-A0209,CR-C02-004,DS04,cerro_rojo,CAMPAIGN_02,416.000000000,418.000000000,2.000000000,0.151917165,0.000000000,0.000000000
CR-C02-004-A0210,CR-C02-004,DS04,cerro_rojo,CAMPAIGN_02,418.000000000,420.000000000,2.000000000,0.161165989,0.000000000,0.000000000
CR-C02-004-A0211,CR-C02-004,DS04,cerro_rojo,CAMPAIGN_02,420.000000000,422.000000000,2.000000000,0.160469191,0.000000000,0.000000000
CR-C02-004-A0212,CR-C02-004,DS04,cerro_rojo,CAMPAIGN_02,422.000000000,424.000000000,2.000000000,0.155599678,0.000000000,0.000000000
CR-C02-004-A0213,CR-C02-004,DS04,cerro_rojo,CAMPAIGN_02,424.000000000,426.000000000,2.000000000,0.155112469,0.000000000,0.000000000
CR-C02-004-A0214,CR-C02-004,DS04,cerro_rojo,CAMPAIGN_02,426.000000000,428.000000000,2.000000000,0.154251285,0.000000000,0.000000000
CR-C02-004-A0215,CR-C02-004,DS04,cerro_rojo,CAMPAIGN_02,428.000000000,430.000000000,2.000000000,0.166675146,0.000000000,0.000000000
CR-C02-004-A0216,CR-C02-004,DS04,cerro_rojo,CAMPAIGN_02,430.000000000,432.000000000,2.000000000,0.163875072,0.000000000,0.000000000
CR-C02-004-A0217,CR-C02-004,DS04,cerro_rojo,CAMPAIGN_02,432.000000000,434.000000000,2.000000000,0.161442069,0.000000000,0.000000000
CR-C02-004-A0218,CR-C02-004,DS04,cerro_rojo,CAMPAIGN_02,434.000000000,435.867431005,1.867431005,0.150841224,0.000000000,0.000000000
CR-C02-005-A0001,CR-C02-005,DS04,cerro_rojo,CAMPAIGN_02,0.000000000,2.000000000,2.000000000,0.083734687,0.000000000,0.000000000
CR-C02-005-A0002,CR-C02-005,DS04,cerro_rojo,CAMPAIGN_02,2.000000000,4.000000000,2.000000000,0.097450860,0.000000000,0.000000000
CR-C02-005-A0003,CR-C02-005,DS04,cerro_rojo,CAMPAIGN_02,4.000000000,6.000000000,2.000000000,0.097001449,0.000000000,0.000000000
CR-C02-005-A0004,CR-C02-005,DS04,cerro_rojo,CAMPAIGN_02,6.000000000,8.000000000,2.000000000,0.100513400,0.000000000,0.000000000
CR-C02-005-A0005,CR-C02-005,DS04,cerro_rojo,CAMPAIGN_02,8.000000000,10.000000000,2.000000000,0.107521862,0.000000000,0.000000000
CR-C02-005-A0006,CR-C02-005,DS04,cerro_rojo,CAMPAIGN_02,10.000000000,12.000000000,2.000000000,0.105789104,0.000000000,0.000000000
CR-C02-005-A0007,CR-C02-005,DS04,cerro_rojo,CAMPAIGN_02,12.000000000,14.000000000,2.000000000,0.106044625,0.000000000,0.000000000
CR-C02-005-A0008,CR-C02-005,DS04,cerro_rojo,CAMPAIGN_02,14.000000000,16.000000000,2.000000000,0.107439723,0.000000000,0.000000000
CR-C02-005-A0009,CR-C02-005,DS04,cerro_rojo,CAMPAIGN_02,16.000000000,18.000000000,2.000000000,0.107598284,0.000000000,0.000000000
CR-C02-005-A0010,CR-C02-005,DS04,cerro_rojo,CAMPAIGN_02,18.000000000,20.000000000,2.000000000,0.125968161,0.000000000,0.000000000
CR-C02-005-A0011,CR-C02-005,DS04,cerro_rojo,CAMPAIGN_02,20.000000000,22.000000000,2.000000000,0.124907643,0.000000000,0.000000000
CR-C02-005-A0012,CR-C02-005,DS04,cerro_rojo,CAMPAIGN_02,22.000000000,24.000000000,2.000000000,0.121203226,0.000000000,0.000000000
CR-C02-005-A0013,CR-C02-005,DS04,cerro_rojo,CAMPAIGN_02,24.000000000,26.000000000,2.000000000,0.134281528,0.000000000,0.000000000
CR-C02-005-A0014,CR-C02-005,DS04,cerro_rojo,CAMPAIGN_02,26.000000000,28.000000000,2.000000000,0.141260457,0.000000000,0.000000000
CR-C02-005-A0015,CR-C02-005,DS04,cerro_rojo,CAMPAIGN_02,28.000000000,30.000000000,2.000000000,0.134776010,0.000000000,0.000000000
CR-C02-005-A0016,CR-C02-005,DS04,cerro_rojo,CAMPAIGN_02,30.000000000,32.000000000,2.000000000,0.131928336,0.000000000,0.000000000
CR-C02-005-A0017,CR-C02-005,DS04,cerro_rojo,CAMPAIGN_02,32.000000000,34.000000000,2.000000000,0.143547094,0.000000000,0.000000000
CR-C02-005-A0018,CR-C02-005,DS04,cerro_rojo,CAMPAIGN_02,34.000000000,36.000000000,2.000000000,0.151620390,0.000000000,0.000000000
CR-C02-005-A0019,CR-C02-005,DS04,cerro_rojo,CAMPAIGN_02,36.000000000,38.000000000,2.000000000,0.156024679,0.000000000,0.000000000
CR-C02-005-A0020,CR-C02-005,DS04,cerro_rojo,CAMPAIGN_02,38.000000000,40.000000000,2.000000000,0.168381085,0.000000000,0.000000000
CR-C02-005-A0021,CR-C02-005,DS04,cerro_rojo,CAMPAIGN_02,40.000000000,42.000000000,2.000000000,0.166457544,0.000000000,0.000000000
CR-C02-005-A0022,CR-C02-005,DS04,cerro_rojo,CAMPAIGN_02,42.000000000,44.000000000,2.000000000,0.167574564,0.000000000,0.000000000
CR-C02-005-A0023,CR-C02-005,DS04,cerro_rojo,CAMPAIGN_02,44.000000000,46.000000000,2.000000000,0.175948143,0.000000000,0.000000000
CR-C02-005-A0024,CR-C02-005,DS04,cerro_rojo,CAMPAIGN_02,46.000000000,48.000000000,2.000000000,0.176481010,0.000000000,0.000000000
CR-C02-005-A0025,CR-C02-005,DS04,cerro_rojo,CAMPAIGN_02,48.000000000,50.000000000,2.000000000,0.199714843,0.000000000,0.000000000
CR-C02-005-A0026,CR-C02-005,DS04,cerro_rojo,CAMPAIGN_02,50.000000000,52.000000000,2.000000000,0.172392492,0.000000000,0.000000000
CR-C02-005-A0027,CR-C02-005,DS04,cerro_rojo,CAMPAIGN_02,52.000000000,54.000000000,2.000000000,0.194381091,0.000000000,0.000000000
CR-C02-005-A0028,CR-C02-005,DS04,cerro_rojo,CAMPAIGN_02,54.000000000,56.000000000,2.000000000,0.202818261,0.000000000,0.000000000
CR-C02-005-A0029,CR-C02-005,DS04,cerro_rojo,CAMPAIGN_02,56.000000000,58.000000000,2.000000000,0.201743091,0.000000000,0.000000000
CR-C02-005-A0030,CR-C02-005,DS04,cerro_rojo,CAMPAIGN_02,58.000000000,60.000000000,2.000000000,0.213788996,0.000000000,0.000000000
CR-C02-005-A0031,CR-C02-005,DS04,cerro_rojo,CAMPAIGN_02,60.000000000,62.000000000,2.000000000,0.221610605,0.000000000,0.000000000
CR-C02-005-A0032,CR-C02-005,DS04,cerro_rojo,CAMPAIGN_02,62.000000000,64.000000000,2.000000000,0.215382836,0.000000000,0.000000000
CR-C02-005-A0033,CR-C02-005,DS04,cerro_rojo,CAMPAIGN_02,64.000000000,66.000000000,2.000000000,0.228517988,0.000000000,0.000000000
CR-C02-005-A0034,CR-C02-005,DS04,cerro_rojo,CAMPAIGN_02,66.000000000,68.000000000,2.000000000,0.230938260,0.000000000,0.000000000
CR-C02-005-A0035,CR-C02-005,DS04,cerro_rojo,CAMPAIGN_02,68.000000000,70.000000000,2.000000000,0.244976695,0.000000000,0.000000000
CR-C02-005-A0036,CR-C02-005,DS04,cerro_rojo,CAMPAIGN_02,70.000000000,72.000000000,2.000000000,0.235788159,0.000000000,0.000000000
CR-C02-005-A0037,CR-C02-005,DS04,cerro_rojo,CAMPAIGN_02,72.000000000,74.000000000,2.000000000,0.243333189,0.000000000,0.000000000
CR-C02-005-A0038,CR-C02-005,DS04,cerro_rojo,CAMPAIGN_02,74.000000000,76.000000000,2.000000000,0.268594612,0.000000000,0.000000000
CR-C02-005-A0039,CR-C02-005,DS04,cerro_rojo,CAMPAIGN_02,76.000000000,78.000000000,2.000000000,0.277892761,0.000000000,0.000000000
CR-C02-005-A0040,CR-C02-005,DS04,cerro_rojo,CAMPAIGN_02,78.000000000,80.000000000,2.000000000,0.273689967,0.000000000,0.000000000
CR-C02-005-A0041,CR-C02-005,DS04,cerro_rojo,CAMPAIGN_02,80.000000000,82.000000000,2.000000000,0.269946120,0.000000000,0.000000000
CR-C02-005-A0042,CR-C02-005,DS04,cerro_rojo,CAMPAIGN_02,82.000000000,84.000000000,2.000000000,0.278546065,0.000000000,0.000000000
CR-C02-005-A0043,CR-C02-005,DS04,cerro_rojo,CAMPAIGN_02,84.000000000,86.000000000,2.000000000,0.295463979,0.000000000,0.000000000
CR-C02-005-A0044,CR-C02-005,DS04,cerro_rojo,CAMPAIGN_02,86.000000000,88.000000000,2.000000000,0.287985552,0.000000000,0.000000000
CR-C02-005-A0045,CR-C02-005,DS04,cerro_rojo,CAMPAIGN_02,88.000000000,90.000000000,2.000000000,0.310101269,0.000000000,0.000000000
CR-C02-005-A0046,CR-C02-005,DS04,cerro_rojo,CAMPAIGN_02,90.000000000,92.000000000,2.000000000,0.325817020,0.000000000,0.000000000
CR-C02-005-A0047,CR-C02-005,DS04,cerro_rojo,CAMPAIGN_02,92.000000000,94.000000000,2.000000000,0.320326969,0.000000000,0.000000000
CR-C02-005-A0048,CR-C02-005,DS04,cerro_rojo,CAMPAIGN_02,94.000000000,96.000000000,2.000000000,0.330309451,0.000000000,0.000000000
CR-C02-005-A0049,CR-C02-005,DS04,cerro_rojo,CAMPAIGN_02,96.000000000,98.000000000,2.000000000,0.330048201,0.000000000,0.000000000
CR-C02-005-A0050,CR-C02-005,DS04,cerro_rojo,CAMPAIGN_02,98.000000000,100.000000000,2.000000000,0.326318701,0.000000000,0.000000000
CR-C02-005-A0051,CR-C02-005,DS04,cerro_rojo,CAMPAIGN_02,100.000000000,102.000000000,2.000000000,0.328681791,0.000000000,0.000000000
CR-C02-005-A0052,CR-C02-005,DS04,cerro_rojo,CAMPAIGN_02,102.000000000,104.000000000,2.000000000,0.332621871,0.000000000,0.000000000
CR-C02-005-A0053,CR-C02-005,DS04,cerro_rojo,CAMPAIGN_02,104.000000000,106.000000000,2.000000000,0.348416992,0.000000000,0.000000000
CR-C02-005-A0054,CR-C02-005,DS04,cerro_rojo,CAMPAIGN_02,106.000000000,108.000000000,2.000000000,0.381038722,0.000000000,0.000000000
CR-C02-005-A0055,CR-C02-005,DS04,cerro_rojo,CAMPAIGN_02,108.000000000,110.000000000,2.000000000,0.366263604,0.000000000,0.000000000
CR-C02-005-A0056,CR-C02-005,DS04,cerro_rojo,CAMPAIGN_02,110.000000000,112.000000000,2.000000000,0.377235506,0.000000000,0.000000000
CR-C02-005-A0057,CR-C02-005,DS04,cerro_rojo,CAMPAIGN_02,112.000000000,114.000000000,2.000000000,0.379706819,0.000000000,0.000000000
CR-C02-005-A0058,CR-C02-005,DS04,cerro_rojo,CAMPAIGN_02,114.000000000,116.000000000,2.000000000,0.376938586,0.000000000,0.000000000
CR-C02-005-A0059,CR-C02-005,DS04,cerro_rojo,CAMPAIGN_02,116.000000000,118.000000000,2.000000000,0.378693259,0.000000000,0.000000000
CR-C02-005-A0060,CR-C02-005,DS04,cerro_rojo,CAMPAIGN_02,118.000000000,120.000000000,2.000000000,0.409023310,0.000000000,0.000000000
CR-C02-005-A0061,CR-C02-005,DS04,cerro_rojo,CAMPAIGN_02,120.000000000,122.000000000,2.000000000,0.442536880,0.000000000,0.000000000
CR-C02-005-A0062,CR-C02-005,DS04,cerro_rojo,CAMPAIGN_02,122.000000000,124.000000000,2.000000000,0.400631442,0.000000000,0.000000000
CR-C02-005-A0063,CR-C02-005,DS04,cerro_rojo,CAMPAIGN_02,124.000000000,126.000000000,2.000000000,0.438276609,0.000000000,0.000000000
CR-C02-005-A0064,CR-C02-005,DS04,cerro_rojo,CAMPAIGN_02,126.000000000,128.000000000,2.000000000,0.445384576,0.000000000,0.000000000
CR-C02-005-A0065,CR-C02-005,DS04,cerro_rojo,CAMPAIGN_02,128.000000000,130.000000000,2.000000000,0.456672081,0.000000000,0.000000000
CR-C02-005-A0066,CR-C02-005,DS04,cerro_rojo,CAMPAIGN_02,130.000000000,132.000000000,2.000000000,0.430730326,0.000000000,0.000000000
CR-C02-005-A0067,CR-C02-005,DS04,cerro_rojo,CAMPAIGN_02,132.000000000,134.000000000,2.000000000,0.449336796,0.000000000,0.000000000
CR-C02-005-A0068,CR-C02-005,DS04,cerro_rojo,CAMPAIGN_02,134.000000000,136.000000000,2.000000000,0.460092261,0.000000000,0.000000000
CR-C02-005-A0069,CR-C02-005,DS04,cerro_rojo,CAMPAIGN_02,136.000000000,138.000000000,2.000000000,0.472900504,0.000000000,0.000000000
CR-C02-005-A0070,CR-C02-005,DS04,cerro_rojo,CAMPAIGN_02,138.000000000,140.000000000,2.000000000,0.470927283,0.000000000,0.000000000
CR-C02-005-A0071,CR-C02-005,DS04,cerro_rojo,CAMPAIGN_02,140.000000000,142.000000000,2.000000000,0.469262230,0.000000000,0.000000000
CR-C02-005-A0072,CR-C02-005,DS04,cerro_rojo,CAMPAIGN_02,142.000000000,144.000000000,2.000000000,0.514832523,0.000000000,0.000000000
CR-C02-005-A0073,CR-C02-005,DS04,cerro_rojo,CAMPAIGN_02,144.000000000,146.000000000,2.000000000,0.494354297,0.000000000,0.000000000
CR-C02-005-A0074,CR-C02-005,DS04,cerro_rojo,CAMPAIGN_02,146.000000000,148.000000000,2.000000000,0.471776534,0.000000000,0.000000000
CR-C02-005-A0075,CR-C02-005,DS04,cerro_rojo,CAMPAIGN_02,148.000000000,150.000000000,2.000000000,0.493227895,0.000000000,0.000000000
CR-C02-005-A0076,CR-C02-005,DS04,cerro_rojo,CAMPAIGN_02,150.000000000,152.000000000,2.000000000,0.519853151,0.000000000,0.000000000
CR-C02-005-A0077,CR-C02-005,DS04,cerro_rojo,CAMPAIGN_02,152.000000000,154.000000000,2.000000000,0.516969322,0.000000000,0.000000000
CR-C02-005-A0078,CR-C02-005,DS04,cerro_rojo,CAMPAIGN_02,154.000000000,156.000000000,2.000000000,0.513929341,0.000000000,0.000000000
CR-C02-005-A0079,CR-C02-005,DS04,cerro_rojo,CAMPAIGN_02,156.000000000,158.000000000,2.000000000,0.504473667,0.000000000,0.000000000
CR-C02-005-A0080,CR-C02-005,DS04,cerro_rojo,CAMPAIGN_02,158.000000000,160.000000000,2.000000000,0.541042791,0.000000000,0.000000000
CR-C02-005-A0081,CR-C02-005,DS04,cerro_rojo,CAMPAIGN_02,160.000000000,162.000000000,2.000000000,0.506636520,0.000000000,0.000000000
CR-C02-005-A0082,CR-C02-005,DS04,cerro_rojo,CAMPAIGN_02,162.000000000,164.000000000,2.000000000,0.505766927,0.000000000,0.000000000
CR-C02-005-A0083,CR-C02-005,DS04,cerro_rojo,CAMPAIGN_02,164.000000000,166.000000000,2.000000000,0.543491063,0.000000000,0.000000000
CR-C02-005-A0084,CR-C02-005,DS04,cerro_rojo,CAMPAIGN_02,166.000000000,168.000000000,2.000000000,0.549232057,0.000000000,0.000000000
CR-C02-005-A0085,CR-C02-005,DS04,cerro_rojo,CAMPAIGN_02,168.000000000,170.000000000,2.000000000,0.563982282,0.000000000,0.000000000
CR-C02-005-A0086,CR-C02-005,DS04,cerro_rojo,CAMPAIGN_02,170.000000000,172.000000000,2.000000000,0.566268227,0.000000000,0.000000000
CR-C02-005-A0087,CR-C02-005,DS04,cerro_rojo,CAMPAIGN_02,172.000000000,174.000000000,2.000000000,0.511361712,0.000000000,0.000000000
CR-C02-005-A0088,CR-C02-005,DS04,cerro_rojo,CAMPAIGN_02,174.000000000,176.000000000,2.000000000,0.554713050,0.000000000,0.000000000
CR-C02-005-A0089,CR-C02-005,DS04,cerro_rojo,CAMPAIGN_02,176.000000000,178.000000000,2.000000000,0.547776141,0.000000000,0.000000000
CR-C02-005-A0090,CR-C02-005,DS04,cerro_rojo,CAMPAIGN_02,178.000000000,180.000000000,2.000000000,0.557344345,0.000000000,0.000000000
CR-C02-005-A0091,CR-C02-005,DS04,cerro_rojo,CAMPAIGN_02,180.000000000,182.000000000,2.000000000,0.615933447,0.000000000,0.000000000
CR-C02-005-A0092,CR-C02-005,DS04,cerro_rojo,CAMPAIGN_02,182.000000000,184.000000000,2.000000000,0.560983380,0.000000000,0.000000000
CR-C02-005-A0093,CR-C02-005,DS04,cerro_rojo,CAMPAIGN_02,184.000000000,186.000000000,2.000000000,0.563894433,0.000000000,0.000000000
CR-C02-005-A0094,CR-C02-005,DS04,cerro_rojo,CAMPAIGN_02,186.000000000,188.000000000,2.000000000,0.565883788,0.000000000,0.000000000
CR-C02-005-A0095,CR-C02-005,DS04,cerro_rojo,CAMPAIGN_02,188.000000000,190.000000000,2.000000000,0.579487043,0.000000000,0.000000000
CR-C02-005-A0096,CR-C02-005,DS04,cerro_rojo,CAMPAIGN_02,190.000000000,192.000000000,2.000000000,0.565395739,0.000000000,0.000000000
CR-C02-005-A0097,CR-C02-005,DS04,cerro_rojo,CAMPAIGN_02,192.000000000,194.000000000,2.000000000,0.574134810,0.000000000,0.000000000
CR-C02-005-A0098,CR-C02-005,DS04,cerro_rojo,CAMPAIGN_02,194.000000000,196.000000000,2.000000000,0.652134272,0.000000000,0.000000000
CR-C02-005-A0099,CR-C02-005,DS04,cerro_rojo,CAMPAIGN_02,196.000000000,198.000000000,2.000000000,0.621559257,0.000000000,0.000000000
CR-C02-005-A0100,CR-C02-005,DS04,cerro_rojo,CAMPAIGN_02,198.000000000,200.000000000,2.000000000,0.597422772,0.000000000,0.000000000
CR-C02-005-A0101,CR-C02-005,DS04,cerro_rojo,CAMPAIGN_02,200.000000000,202.000000000,2.000000000,0.605749388,0.000000000,0.000000000
CR-C02-005-A0102,CR-C02-005,DS04,cerro_rojo,CAMPAIGN_02,202.000000000,204.000000000,2.000000000,0.593023341,0.000000000,0.000000000
CR-C02-005-A0103,CR-C02-005,DS04,cerro_rojo,CAMPAIGN_02,204.000000000,206.000000000,2.000000000,0.606753601,0.000000000,0.000000000
CR-C02-005-A0104,CR-C02-005,DS04,cerro_rojo,CAMPAIGN_02,206.000000000,208.000000000,2.000000000,0.594147548,0.000000000,0.000000000
CR-C02-005-A0105,CR-C02-005,DS04,cerro_rojo,CAMPAIGN_02,208.000000000,210.000000000,2.000000000,0.587164901,0.000000000,0.000000000
CR-C02-005-A0106,CR-C02-005,DS04,cerro_rojo,CAMPAIGN_02,210.000000000,212.000000000,2.000000000,0.609041114,0.000000000,0.000000000
CR-C02-005-A0107,CR-C02-005,DS04,cerro_rojo,CAMPAIGN_02,212.000000000,214.000000000,2.000000000,0.622825779,0.000000000,0.000000000
CR-C02-005-A0108,CR-C02-005,DS04,cerro_rojo,CAMPAIGN_02,214.000000000,216.000000000,2.000000000,0.633029394,0.000000000,0.000000000
CR-C02-005-A0109,CR-C02-005,DS04,cerro_rojo,CAMPAIGN_02,216.000000000,218.000000000,2.000000000,0.639284140,0.000000000,0.000000000
CR-C02-005-A0110,CR-C02-005,DS04,cerro_rojo,CAMPAIGN_02,218.000000000,220.000000000,2.000000000,0.623612179,0.000000000,0.000000000
CR-C02-005-A0111,CR-C02-005,DS04,cerro_rojo,CAMPAIGN_02,220.000000000,222.000000000,2.000000000,0.655418256,0.000000000,0.000000000
CR-C02-005-A0112,CR-C02-005,DS04,cerro_rojo,CAMPAIGN_02,222.000000000,224.000000000,2.000000000,0.635885627,0.000000000,0.000000000
CR-C02-005-A0113,CR-C02-005,DS04,cerro_rojo,CAMPAIGN_02,224.000000000,226.000000000,2.000000000,0.597918655,0.000000000,0.000000000
CR-C02-005-A0114,CR-C02-005,DS04,cerro_rojo,CAMPAIGN_02,226.000000000,228.000000000,2.000000000,0.620364996,0.000000000,0.000000000
CR-C02-005-A0115,CR-C02-005,DS04,cerro_rojo,CAMPAIGN_02,228.000000000,230.000000000,2.000000000,0.636426399,0.000000000,0.000000000
CR-C02-005-A0116,CR-C02-005,DS04,cerro_rojo,CAMPAIGN_02,230.000000000,232.000000000,2.000000000,0.604086238,0.000000000,0.000000000
CR-C02-005-A0117,CR-C02-005,DS04,cerro_rojo,CAMPAIGN_02,232.000000000,234.000000000,2.000000000,0.650508547,0.000000000,0.000000000
CR-C02-005-A0118,CR-C02-005,DS04,cerro_rojo,CAMPAIGN_02,234.000000000,236.000000000,2.000000000,0.651617654,0.000000000,0.000000000
CR-C02-005-A0119,CR-C02-005,DS04,cerro_rojo,CAMPAIGN_02,236.000000000,238.000000000,2.000000000,0.630514457,0.000000000,0.000000000
CR-C02-005-A0120,CR-C02-005,DS04,cerro_rojo,CAMPAIGN_02,238.000000000,240.000000000,2.000000000,0.594219553,0.000000000,0.000000000
CR-C02-005-A0121,CR-C02-005,DS04,cerro_rojo,CAMPAIGN_02,240.000000000,242.000000000,2.000000000,0.610075917,0.000000000,0.000000000
CR-C02-005-A0122,CR-C02-005,DS04,cerro_rojo,CAMPAIGN_02,242.000000000,244.000000000,2.000000000,0.670398740,0.000000000,0.000000000
CR-C02-005-A0123,CR-C02-005,DS04,cerro_rojo,CAMPAIGN_02,244.000000000,246.000000000,2.000000000,0.647674321,0.000000000,0.000000000
CR-C02-005-A0124,CR-C02-005,DS04,cerro_rojo,CAMPAIGN_02,246.000000000,246.415777824,0.415777824,0.619513929,0.000000000,0.000000000
CR-C02-006-A0001,CR-C02-006,DS04,cerro_rojo,CAMPAIGN_02,0.000000000,2.000000000,2.000000000,0.136572818,0.000000000,0.000000000
CR-C02-006-A0002,CR-C02-006,DS04,cerro_rojo,CAMPAIGN_02,2.000000000,4.000000000,2.000000000,0.142617553,0.000000000,0.000000000
CR-C02-006-A0003,CR-C02-006,DS04,cerro_rojo,CAMPAIGN_02,4.000000000,6.000000000,2.000000000,0.135675341,0.000000000,0.000000000
CR-C02-006-A0004,CR-C02-006,DS04,cerro_rojo,CAMPAIGN_02,6.000000000,8.000000000,2.000000000,0.150006844,0.000000000,0.000000000
CR-C02-006-A0005,CR-C02-006,DS04,cerro_rojo,CAMPAIGN_02,8.000000000,10.000000000,2.000000000,0.157114604,0.000000000,0.000000000
CR-C02-006-A0006,CR-C02-006,DS04,cerro_rojo,CAMPAIGN_02,10.000000000,12.000000000,2.000000000,0.154259433,0.000000000,0.000000000
CR-C02-006-A0007,CR-C02-006,DS04,cerro_rojo,CAMPAIGN_02,12.000000000,14.000000000,2.000000000,0.170067410,0.000000000,0.000000000
CR-C02-006-A0008,CR-C02-006,DS04,cerro_rojo,CAMPAIGN_02,14.000000000,16.000000000,2.000000000,0.163683709,0.000000000,0.000000000
CR-C02-006-A0009,CR-C02-006,DS04,cerro_rojo,CAMPAIGN_02,16.000000000,18.000000000,2.000000000,0.170156581,0.000000000,0.000000000
CR-C02-006-A0010,CR-C02-006,DS04,cerro_rojo,CAMPAIGN_02,18.000000000,20.000000000,2.000000000,0.187356617,0.000000000,0.000000000
CR-C02-006-A0011,CR-C02-006,DS04,cerro_rojo,CAMPAIGN_02,20.000000000,22.000000000,2.000000000,0.172587527,0.000000000,0.000000000
CR-C02-006-A0012,CR-C02-006,DS04,cerro_rojo,CAMPAIGN_02,22.000000000,24.000000000,2.000000000,0.180964492,0.000000000,0.000000000
CR-C02-006-A0013,CR-C02-006,DS04,cerro_rojo,CAMPAIGN_02,24.000000000,26.000000000,2.000000000,0.203123728,0.000000000,0.000000000
CR-C02-006-A0014,CR-C02-006,DS04,cerro_rojo,CAMPAIGN_02,26.000000000,28.000000000,2.000000000,0.191359710,0.000000000,0.000000000
CR-C02-006-A0015,CR-C02-006,DS04,cerro_rojo,CAMPAIGN_02,28.000000000,30.000000000,2.000000000,0.210792732,0.000000000,0.000000000
CR-C02-006-A0016,CR-C02-006,DS04,cerro_rojo,CAMPAIGN_02,30.000000000,32.000000000,2.000000000,0.216754410,0.000000000,0.000000000
CR-C02-006-A0017,CR-C02-006,DS04,cerro_rojo,CAMPAIGN_02,32.000000000,34.000000000,2.000000000,0.228580082,0.000000000,0.000000000
CR-C02-006-A0018,CR-C02-006,DS04,cerro_rojo,CAMPAIGN_02,34.000000000,36.000000000,2.000000000,0.235666538,0.000000000,0.000000000
CR-C02-006-A0019,CR-C02-006,DS04,cerro_rojo,CAMPAIGN_02,36.000000000,38.000000000,2.000000000,0.249889060,0.000000000,0.000000000
CR-C02-006-A0020,CR-C02-006,DS04,cerro_rojo,CAMPAIGN_02,38.000000000,40.000000000,2.000000000,0.244407365,0.000000000,0.000000000
CR-C02-006-A0021,CR-C02-006,DS04,cerro_rojo,CAMPAIGN_02,40.000000000,42.000000000,2.000000000,0.244425166,0.000000000,0.000000000
CR-C02-006-A0022,CR-C02-006,DS04,cerro_rojo,CAMPAIGN_02,42.000000000,44.000000000,2.000000000,0.239807261,0.000000000,0.000000000
CR-C02-006-A0023,CR-C02-006,DS04,cerro_rojo,CAMPAIGN_02,44.000000000,46.000000000,2.000000000,0.258750805,0.000000000,0.000000000
CR-C02-006-A0024,CR-C02-006,DS04,cerro_rojo,CAMPAIGN_02,46.000000000,48.000000000,2.000000000,0.263633821,0.000000000,0.000000000
CR-C02-006-A0025,CR-C02-006,DS04,cerro_rojo,CAMPAIGN_02,48.000000000,50.000000000,2.000000000,0.277344709,0.000000000,0.000000000
CR-C02-006-A0026,CR-C02-006,DS04,cerro_rojo,CAMPAIGN_02,50.000000000,52.000000000,2.000000000,0.293929705,0.000000000,0.000000000
CR-C02-006-A0027,CR-C02-006,DS04,cerro_rojo,CAMPAIGN_02,52.000000000,54.000000000,2.000000000,0.284364865,0.000000000,0.000000000
CR-C02-006-A0028,CR-C02-006,DS04,cerro_rojo,CAMPAIGN_02,54.000000000,56.000000000,2.000000000,0.317812571,0.000000000,0.000000000
CR-C02-006-A0029,CR-C02-006,DS04,cerro_rojo,CAMPAIGN_02,56.000000000,58.000000000,2.000000000,0.301776749,0.000000000,0.000000000
CR-C02-006-A0030,CR-C02-006,DS04,cerro_rojo,CAMPAIGN_02,58.000000000,60.000000000,2.000000000,0.309492305,0.000000000,0.000000000
CR-C02-006-A0031,CR-C02-006,DS04,cerro_rojo,CAMPAIGN_02,60.000000000,62.000000000,2.000000000,0.317605560,0.000000000,0.000000000
CR-C02-006-A0032,CR-C02-006,DS04,cerro_rojo,CAMPAIGN_02,62.000000000,64.000000000,2.000000000,0.315287127,0.000000000,0.000000000
CR-C02-006-A0033,CR-C02-006,DS04,cerro_rojo,CAMPAIGN_02,64.000000000,66.000000000,2.000000000,0.345441448,0.000000000,0.000000000
CR-C02-006-A0034,CR-C02-006,DS04,cerro_rojo,CAMPAIGN_02,66.000000000,68.000000000,2.000000000,0.321184895,0.000000000,0.000000000
CR-C02-006-A0035,CR-C02-006,DS04,cerro_rojo,CAMPAIGN_02,68.000000000,70.000000000,2.000000000,0.360269633,0.000000000,0.000000000
CR-C02-006-A0036,CR-C02-006,DS04,cerro_rojo,CAMPAIGN_02,70.000000000,72.000000000,2.000000000,0.357563788,0.000000000,0.000000000
CR-C02-006-A0037,CR-C02-006,DS04,cerro_rojo,CAMPAIGN_02,72.000000000,74.000000000,2.000000000,0.380388911,0.000000000,0.000000000
CR-C02-006-A0038,CR-C02-006,DS04,cerro_rojo,CAMPAIGN_02,74.000000000,76.000000000,2.000000000,0.405593033,0.000000000,0.000000000
CR-C02-006-A0039,CR-C02-006,DS04,cerro_rojo,CAMPAIGN_02,76.000000000,78.000000000,2.000000000,0.398656620,0.000000000,0.000000000
CR-C02-006-A0040,CR-C02-006,DS04,cerro_rojo,CAMPAIGN_02,78.000000000,80.000000000,2.000000000,0.404744478,0.000000000,0.000000000
CR-C02-006-A0041,CR-C02-006,DS04,cerro_rojo,CAMPAIGN_02,80.000000000,82.000000000,2.000000000,0.388910607,0.000000000,0.000000000
CR-C02-006-A0042,CR-C02-006,DS04,cerro_rojo,CAMPAIGN_02,82.000000000,84.000000000,2.000000000,0.385990977,0.000000000,0.000000000
CR-C02-006-A0043,CR-C02-006,DS04,cerro_rojo,CAMPAIGN_02,84.000000000,86.000000000,2.000000000,0.442181223,0.000000000,0.000000000
CR-C02-006-A0044,CR-C02-006,DS04,cerro_rojo,CAMPAIGN_02,86.000000000,88.000000000,2.000000000,0.419517547,0.000000000,0.000000000
CR-C02-006-A0045,CR-C02-006,DS04,cerro_rojo,CAMPAIGN_02,88.000000000,90.000000000,2.000000000,0.435225813,0.000000000,0.000000000
CR-C02-006-A0046,CR-C02-006,DS04,cerro_rojo,CAMPAIGN_02,90.000000000,92.000000000,2.000000000,0.458279783,0.000000000,0.000000000
CR-C02-006-A0047,CR-C02-006,DS04,cerro_rojo,CAMPAIGN_02,92.000000000,94.000000000,2.000000000,0.440135615,0.000000000,0.000000000
CR-C02-006-A0048,CR-C02-006,DS04,cerro_rojo,CAMPAIGN_02,94.000000000,96.000000000,2.000000000,0.441376186,0.000000000,0.000000000
CR-C02-006-A0049,CR-C02-006,DS04,cerro_rojo,CAMPAIGN_02,96.000000000,98.000000000,2.000000000,0.464148198,0.000000000,0.000000000
CR-C02-006-A0050,CR-C02-006,DS04,cerro_rojo,CAMPAIGN_02,98.000000000,100.000000000,2.000000000,0.483814566,0.000000000,0.000000000
CR-C02-006-A0051,CR-C02-006,DS04,cerro_rojo,CAMPAIGN_02,100.000000000,102.000000000,2.000000000,0.482287624,0.000000000,0.000000000
CR-C02-006-A0052,CR-C02-006,DS04,cerro_rojo,CAMPAIGN_02,102.000000000,104.000000000,2.000000000,0.507845212,0.000000000,0.000000000
CR-C02-006-A0053,CR-C02-006,DS04,cerro_rojo,CAMPAIGN_02,104.000000000,106.000000000,2.000000000,0.468424093,0.000000000,0.000000000
CR-C02-006-A0054,CR-C02-006,DS04,cerro_rojo,CAMPAIGN_02,106.000000000,108.000000000,2.000000000,0.486834816,0.000000000,0.000000000
CR-C02-006-A0055,CR-C02-006,DS04,cerro_rojo,CAMPAIGN_02,108.000000000,110.000000000,2.000000000,0.576945176,0.000000000,0.000000000
CR-C02-006-A0056,CR-C02-006,DS04,cerro_rojo,CAMPAIGN_02,110.000000000,112.000000000,2.000000000,0.526855570,0.000000000,0.000000000
CR-C02-006-A0057,CR-C02-006,DS04,cerro_rojo,CAMPAIGN_02,112.000000000,114.000000000,2.000000000,0.592897011,0.000000000,0.000000000
CR-C02-006-A0058,CR-C02-006,DS04,cerro_rojo,CAMPAIGN_02,114.000000000,116.000000000,2.000000000,0.590671887,0.000000000,0.000000000
CR-C02-006-A0059,CR-C02-006,DS04,cerro_rojo,CAMPAIGN_02,116.000000000,118.000000000,2.000000000,0.586501382,0.000000000,0.000000000
CR-C02-006-A0060,CR-C02-006,DS04,cerro_rojo,CAMPAIGN_02,118.000000000,120.000000000,2.000000000,0.594767858,0.000000000,0.000000000
CR-C02-006-A0061,CR-C02-006,DS04,cerro_rojo,CAMPAIGN_02,120.000000000,122.000000000,2.000000000,0.598969690,0.000000000,0.000000000
CR-C02-006-A0062,CR-C02-006,DS04,cerro_rojo,CAMPAIGN_02,122.000000000,124.000000000,2.000000000,0.626697661,0.000000000,0.000000000
CR-C02-006-A0063,CR-C02-006,DS04,cerro_rojo,CAMPAIGN_02,124.000000000,126.000000000,2.000000000,0.624126237,0.000000000,0.000000000
CR-C02-006-A0064,CR-C02-006,DS04,cerro_rojo,CAMPAIGN_02,126.000000000,128.000000000,2.000000000,0.575823611,0.000000000,0.000000000
CR-C02-006-A0065,CR-C02-006,DS04,cerro_rojo,CAMPAIGN_02,128.000000000,130.000000000,2.000000000,0.667888788,0.000000000,0.000000000
CR-C02-006-A0066,CR-C02-006,DS04,cerro_rojo,CAMPAIGN_02,130.000000000,132.000000000,2.000000000,0.623294665,0.000000000,0.000000000
CR-C02-006-A0067,CR-C02-006,DS04,cerro_rojo,CAMPAIGN_02,132.000000000,134.000000000,2.000000000,0.710069374,0.000000000,0.000000000
CR-C02-006-A0068,CR-C02-006,DS04,cerro_rojo,CAMPAIGN_02,134.000000000,136.000000000,2.000000000,0.697571404,0.000000000,0.000000000
CR-C02-006-A0069,CR-C02-006,DS04,cerro_rojo,CAMPAIGN_02,136.000000000,138.000000000,2.000000000,0.685775118,0.000000000,0.000000000
CR-C02-006-A0070,CR-C02-006,DS04,cerro_rojo,CAMPAIGN_02,138.000000000,140.000000000,2.000000000,0.671184031,0.000000000,0.000000000
CR-C02-006-A0071,CR-C02-006,DS04,cerro_rojo,CAMPAIGN_02,140.000000000,142.000000000,2.000000000,0.700161010,0.000000000,0.000000000
CR-C02-006-A0072,CR-C02-006,DS04,cerro_rojo,CAMPAIGN_02,142.000000000,144.000000000,2.000000000,0.724991962,0.000000000,0.000000000
CR-C02-006-A0073,CR-C02-006,DS04,cerro_rojo,CAMPAIGN_02,144.000000000,146.000000000,2.000000000,0.697046417,0.000000000,0.000000000
CR-C02-006-A0074,CR-C02-006,DS04,cerro_rojo,CAMPAIGN_02,146.000000000,148.000000000,2.000000000,0.708567617,0.000000000,0.000000000
CR-C02-006-A0075,CR-C02-006,DS04,cerro_rojo,CAMPAIGN_02,148.000000000,150.000000000,2.000000000,0.688609023,0.000000000,0.000000000
CR-C02-006-A0076,CR-C02-006,DS04,cerro_rojo,CAMPAIGN_02,150.000000000,152.000000000,2.000000000,0.745642472,0.000000000,0.000000000
CR-C02-006-A0077,CR-C02-006,DS04,cerro_rojo,CAMPAIGN_02,152.000000000,154.000000000,2.000000000,0.732378727,0.000000000,0.000000000
CR-C02-006-A0078,CR-C02-006,DS04,cerro_rojo,CAMPAIGN_02,154.000000000,156.000000000,2.000000000,0.723259136,0.000000000,0.000000000
CR-C02-006-A0079,CR-C02-006,DS04,cerro_rojo,CAMPAIGN_02,156.000000000,158.000000000,2.000000000,0.745522055,0.000000000,0.000000000
CR-C02-006-A0080,CR-C02-006,DS04,cerro_rojo,CAMPAIGN_02,158.000000000,160.000000000,2.000000000,0.729548085,0.000000000,0.000000000
CR-C02-006-A0081,CR-C02-006,DS04,cerro_rojo,CAMPAIGN_02,160.000000000,162.000000000,2.000000000,0.699629292,0.000000000,0.000000000
CR-C02-006-A0082,CR-C02-006,DS04,cerro_rojo,CAMPAIGN_02,162.000000000,164.000000000,2.000000000,0.713047420,0.000000000,0.000000000
CR-C02-006-A0083,CR-C02-006,DS04,cerro_rojo,CAMPAIGN_02,164.000000000,166.000000000,2.000000000,0.756746467,0.000000000,0.000000000
CR-C02-006-A0084,CR-C02-006,DS04,cerro_rojo,CAMPAIGN_02,166.000000000,168.000000000,2.000000000,0.780269903,0.000000000,0.000000000
CR-C02-006-A0085,CR-C02-006,DS04,cerro_rojo,CAMPAIGN_02,168.000000000,170.000000000,2.000000000,0.758702850,0.000000000,0.000000000
CR-C02-006-A0086,CR-C02-006,DS04,cerro_rojo,CAMPAIGN_02,170.000000000,172.000000000,2.000000000,0.755254931,0.000000000,0.000000000
CR-C02-006-A0087,CR-C02-006,DS04,cerro_rojo,CAMPAIGN_02,172.000000000,174.000000000,2.000000000,0.811451231,0.000000000,0.000000000
CR-C02-006-A0088,CR-C02-006,DS04,cerro_rojo,CAMPAIGN_02,174.000000000,176.000000000,2.000000000,0.809042575,0.000000000,0.000000000
CR-C02-006-A0089,CR-C02-006,DS04,cerro_rojo,CAMPAIGN_02,176.000000000,178.000000000,2.000000000,0.796955079,0.000000000,0.000000000
CR-C02-006-A0090,CR-C02-006,DS04,cerro_rojo,CAMPAIGN_02,178.000000000,180.000000000,2.000000000,0.864814343,0.000000000,0.000000000
CR-C02-006-A0091,CR-C02-006,DS04,cerro_rojo,CAMPAIGN_02,180.000000000,182.000000000,2.000000000,0.769327858,0.000000000,0.000000000
CR-C02-006-A0092,CR-C02-006,DS04,cerro_rojo,CAMPAIGN_02,182.000000000,184.000000000,2.000000000,0.792416572,0.000000000,0.000000000
CR-C02-006-A0093,CR-C02-006,DS04,cerro_rojo,CAMPAIGN_02,184.000000000,186.000000000,2.000000000,0.826154406,0.000000000,0.000000000
CR-C02-006-A0094,CR-C02-006,DS04,cerro_rojo,CAMPAIGN_02,186.000000000,188.000000000,2.000000000,0.831247561,0.000000000,0.000000000
CR-C02-006-A0095,CR-C02-006,DS04,cerro_rojo,CAMPAIGN_02,188.000000000,190.000000000,2.000000000,0.831176066,0.000000000,0.000000000
CR-C02-006-A0096,CR-C02-006,DS04,cerro_rojo,CAMPAIGN_02,190.000000000,192.000000000,2.000000000,0.758908146,0.000000000,0.000000000
CR-C02-006-A0097,CR-C02-006,DS04,cerro_rojo,CAMPAIGN_02,192.000000000,194.000000000,2.000000000,0.830554386,0.000000000,0.000000000
CR-C02-006-A0098,CR-C02-006,DS04,cerro_rojo,CAMPAIGN_02,194.000000000,196.000000000,2.000000000,0.826819121,0.000000000,0.000000000
CR-C02-006-A0099,CR-C02-006,DS04,cerro_rojo,CAMPAIGN_02,196.000000000,198.000000000,2.000000000,0.823471169,0.000000000,0.000000000
CR-C02-006-A0100,CR-C02-006,DS04,cerro_rojo,CAMPAIGN_02,198.000000000,200.000000000,2.000000000,0.840080837,0.000000000,0.000000000
CR-C02-006-A0101,CR-C02-006,DS04,cerro_rojo,CAMPAIGN_02,200.000000000,202.000000000,2.000000000,0.869807733,0.000000000,0.000000000
CR-C02-006-A0102,CR-C02-006,DS04,cerro_rojo,CAMPAIGN_02,202.000000000,204.000000000,2.000000000,0.808282000,0.000000000,0.000000000
CR-C02-006-A0103,CR-C02-006,DS04,cerro_rojo,CAMPAIGN_02,204.000000000,206.000000000,2.000000000,0.852501631,0.000000000,0.000000000
CR-C02-006-A0104,CR-C02-006,DS04,cerro_rojo,CAMPAIGN_02,206.000000000,208.000000000,2.000000000,0.908384584,0.000000000,0.000000000
CR-C02-006-A0105,CR-C02-006,DS04,cerro_rojo,CAMPAIGN_02,208.000000000,210.000000000,2.000000000,0.881543741,0.000000000,0.000000000
CR-C02-006-A0106,CR-C02-006,DS04,cerro_rojo,CAMPAIGN_02,210.000000000,212.000000000,2.000000000,0.815605854,0.000000000,0.000000000
CR-C02-006-A0107,CR-C02-006,DS04,cerro_rojo,CAMPAIGN_02,212.000000000,214.000000000,2.000000000,0.824233841,0.000000000,0.000000000
CR-C02-006-A0108,CR-C02-006,DS04,cerro_rojo,CAMPAIGN_02,214.000000000,216.000000000,2.000000000,0.899699757,0.000000000,0.000000000
CR-C02-006-A0109,CR-C02-006,DS04,cerro_rojo,CAMPAIGN_02,216.000000000,218.000000000,2.000000000,0.865511336,0.000000000,0.000000000
CR-C02-006-A0110,CR-C02-006,DS04,cerro_rojo,CAMPAIGN_02,218.000000000,220.000000000,2.000000000,0.860429207,0.000000000,0.000000000
CR-C02-006-A0111,CR-C02-006,DS04,cerro_rojo,CAMPAIGN_02,220.000000000,222.000000000,2.000000000,0.832427653,0.000000000,0.000000000
CR-C02-006-A0112,CR-C02-006,DS04,cerro_rojo,CAMPAIGN_02,222.000000000,224.000000000,2.000000000,0.881634650,0.000000000,0.000000000
CR-C02-006-A0113,CR-C02-006,DS04,cerro_rojo,CAMPAIGN_02,224.000000000,226.000000000,2.000000000,0.860797476,0.000000000,0.000000000
CR-C02-006-A0114,CR-C02-006,DS04,cerro_rojo,CAMPAIGN_02,226.000000000,228.000000000,2.000000000,0.860946145,0.000000000,0.000000000
CR-C02-006-A0115,CR-C02-006,DS04,cerro_rojo,CAMPAIGN_02,228.000000000,230.000000000,2.000000000,0.854505958,0.000000000,0.000000000
CR-C02-006-A0116,CR-C02-006,DS04,cerro_rojo,CAMPAIGN_02,230.000000000,232.000000000,2.000000000,0.873714567,0.000000000,0.000000000
CR-C02-006-A0117,CR-C02-006,DS04,cerro_rojo,CAMPAIGN_02,232.000000000,234.000000000,2.000000000,0.815274076,0.000000000,0.000000000
CR-C02-006-A0118,CR-C02-006,DS04,cerro_rojo,CAMPAIGN_02,234.000000000,236.000000000,2.000000000,0.876772929,0.000000000,0.000000000
CR-C02-006-A0119,CR-C02-006,DS04,cerro_rojo,CAMPAIGN_02,236.000000000,238.000000000,2.000000000,0.840058027,0.000000000,0.000000000
CR-C02-006-A0120,CR-C02-006,DS04,cerro_rojo,CAMPAIGN_02,238.000000000,240.000000000,2.000000000,0.899119498,0.000000000,0.000000000
CR-C02-006-A0121,CR-C02-006,DS04,cerro_rojo,CAMPAIGN_02,240.000000000,242.000000000,2.000000000,0.833157340,0.000000000,0.000000000
CR-C02-006-A0122,CR-C02-006,DS04,cerro_rojo,CAMPAIGN_02,242.000000000,244.000000000,2.000000000,0.854365567,0.000000000,0.000000000
CR-C02-006-A0123,CR-C02-006,DS04,cerro_rojo,CAMPAIGN_02,244.000000000,246.000000000,2.000000000,0.916539051,0.000000000,0.000000000
CR-C02-006-A0124,CR-C02-006,DS04,cerro_rojo,CAMPAIGN_02,246.000000000,248.000000000,2.000000000,0.801553514,0.000000000,0.000000000
CR-C02-006-A0125,CR-C02-006,DS04,cerro_rojo,CAMPAIGN_02,248.000000000,250.000000000,2.000000000,0.825766981,0.000000000,0.000000000
CR-C02-006-A0126,CR-C02-006,DS04,cerro_rojo,CAMPAIGN_02,250.000000000,252.000000000,2.000000000,0.847825966,0.000000000,0.000000000
CR-C02-006-A0127,CR-C02-006,DS04,cerro_rojo,CAMPAIGN_02,252.000000000,254.000000000,2.000000000,0.882443840,0.000000000,0.000000000
CR-C02-006-A0128,CR-C02-006,DS04,cerro_rojo,CAMPAIGN_02,254.000000000,256.000000000,2.000000000,0.870231139,0.000000000,0.000000000
CR-C02-006-A0129,CR-C02-006,DS04,cerro_rojo,CAMPAIGN_02,256.000000000,258.000000000,2.000000000,0.829050512,0.000000000,0.000000000
CR-C02-006-A0130,CR-C02-006,DS04,cerro_rojo,CAMPAIGN_02,258.000000000,260.000000000,2.000000000,0.824669439,0.000000000,0.000000000
CR-C02-006-A0131,CR-C02-006,DS04,cerro_rojo,CAMPAIGN_02,260.000000000,262.000000000,2.000000000,0.784044363,0.000000000,0.000000000
CR-C02-006-A0132,CR-C02-006,DS04,cerro_rojo,CAMPAIGN_02,262.000000000,264.000000000,2.000000000,0.798968210,0.000000000,0.000000000
CR-C02-006-A0133,CR-C02-006,DS04,cerro_rojo,CAMPAIGN_02,264.000000000,266.000000000,2.000000000,0.827500291,0.000000000,0.000000000
CR-C02-006-A0134,CR-C02-006,DS04,cerro_rojo,CAMPAIGN_02,266.000000000,268.000000000,2.000000000,0.802364762,0.000000000,0.000000000
CR-C02-006-A0135,CR-C02-006,DS04,cerro_rojo,CAMPAIGN_02,268.000000000,270.000000000,2.000000000,0.741384455,0.000000000,0.000000000
CR-C02-006-A0136,CR-C02-006,DS04,cerro_rojo,CAMPAIGN_02,270.000000000,272.000000000,2.000000000,0.792492432,0.000000000,0.000000000
CR-C02-006-A0137,CR-C02-006,DS04,cerro_rojo,CAMPAIGN_02,272.000000000,274.000000000,2.000000000,0.788207384,0.000000000,0.000000000
CR-C02-006-A0138,CR-C02-006,DS04,cerro_rojo,CAMPAIGN_02,274.000000000,276.000000000,2.000000000,0.777351631,0.000000000,0.000000000
CR-C02-006-A0139,CR-C02-006,DS04,cerro_rojo,CAMPAIGN_02,276.000000000,278.000000000,2.000000000,0.782218218,0.000000000,0.000000000
CR-C02-006-A0140,CR-C02-006,DS04,cerro_rojo,CAMPAIGN_02,278.000000000,280.000000000,2.000000000,0.758442247,0.000000000,0.000000000
CR-C02-006-A0141,CR-C02-006,DS04,cerro_rojo,CAMPAIGN_02,280.000000000,282.000000000,2.000000000,0.786697104,0.000000000,0.000000000
CR-C02-006-A0142,CR-C02-006,DS04,cerro_rojo,CAMPAIGN_02,282.000000000,284.000000000,2.000000000,0.740578077,0.000000000,0.000000000
CR-C02-006-A0143,CR-C02-006,DS04,cerro_rojo,CAMPAIGN_02,284.000000000,284.124780561,0.124780561,0.744849162,0.000000000,0.000000000
CR-C02-007-A0001,CR-C02-007,DS04,cerro_rojo,CAMPAIGN_02,0.000000000,2.000000000,2.000000000,0.037133459,0.000000000,0.000000000
CR-C02-007-A0002,CR-C02-007,DS04,cerro_rojo,CAMPAIGN_02,2.000000000,4.000000000,2.000000000,0.038291596,0.000000000,0.000000000
CR-C02-007-A0003,CR-C02-007,DS04,cerro_rojo,CAMPAIGN_02,4.000000000,6.000000000,2.000000000,0.040737154,0.000000000,0.000000000
CR-C02-007-A0004,CR-C02-007,DS04,cerro_rojo,CAMPAIGN_02,6.000000000,8.000000000,2.000000000,0.039398710,0.000000000,0.000000000
CR-C02-007-A0005,CR-C02-007,DS04,cerro_rojo,CAMPAIGN_02,8.000000000,10.000000000,2.000000000,0.041803045,0.000000000,0.000000000
CR-C02-007-A0006,CR-C02-007,DS04,cerro_rojo,CAMPAIGN_02,10.000000000,12.000000000,2.000000000,0.043586005,0.000000000,0.000000000
CR-C02-007-A0007,CR-C02-007,DS04,cerro_rojo,CAMPAIGN_02,12.000000000,14.000000000,2.000000000,0.044504572,0.000000000,0.000000000
CR-C02-007-A0008,CR-C02-007,DS04,cerro_rojo,CAMPAIGN_02,14.000000000,16.000000000,2.000000000,0.040313782,0.000000000,0.000000000
CR-C02-007-A0009,CR-C02-007,DS04,cerro_rojo,CAMPAIGN_02,16.000000000,18.000000000,2.000000000,0.044373595,0.000000000,0.000000000
CR-C02-007-A0010,CR-C02-007,DS04,cerro_rojo,CAMPAIGN_02,18.000000000,20.000000000,2.000000000,0.042002856,0.000000000,0.000000000
CR-C02-007-A0011,CR-C02-007,DS04,cerro_rojo,CAMPAIGN_02,20.000000000,22.000000000,2.000000000,0.045695666,0.000000000,0.000000000
CR-C02-007-A0012,CR-C02-007,DS04,cerro_rojo,CAMPAIGN_02,22.000000000,24.000000000,2.000000000,0.046360107,0.000000000,0.000000000
CR-C02-007-A0013,CR-C02-007,DS04,cerro_rojo,CAMPAIGN_02,24.000000000,26.000000000,2.000000000,0.048862320,0.000000000,0.000000000
CR-C02-007-A0014,CR-C02-007,DS04,cerro_rojo,CAMPAIGN_02,26.000000000,28.000000000,2.000000000,0.045424062,0.000000000,0.000000000
CR-C02-007-A0015,CR-C02-007,DS04,cerro_rojo,CAMPAIGN_02,28.000000000,30.000000000,2.000000000,0.052443509,0.000000000,0.000000000
CR-C02-007-A0016,CR-C02-007,DS04,cerro_rojo,CAMPAIGN_02,30.000000000,32.000000000,2.000000000,0.048329129,0.000000000,0.000000000
CR-C02-007-A0017,CR-C02-007,DS04,cerro_rojo,CAMPAIGN_02,32.000000000,34.000000000,2.000000000,0.049866192,0.000000000,0.000000000
CR-C02-007-A0018,CR-C02-007,DS04,cerro_rojo,CAMPAIGN_02,34.000000000,36.000000000,2.000000000,0.057083969,0.000000000,0.000000000
CR-C02-007-A0019,CR-C02-007,DS04,cerro_rojo,CAMPAIGN_02,36.000000000,38.000000000,2.000000000,0.052228415,0.000000000,0.000000000
CR-C02-007-A0020,CR-C02-007,DS04,cerro_rojo,CAMPAIGN_02,38.000000000,40.000000000,2.000000000,0.055070722,0.000000000,0.000000000
CR-C02-007-A0021,CR-C02-007,DS04,cerro_rojo,CAMPAIGN_02,40.000000000,42.000000000,2.000000000,0.057167193,0.000000000,0.000000000
CR-C02-007-A0022,CR-C02-007,DS04,cerro_rojo,CAMPAIGN_02,42.000000000,44.000000000,2.000000000,0.057312185,0.000000000,0.000000000
CR-C02-007-A0023,CR-C02-007,DS04,cerro_rojo,CAMPAIGN_02,44.000000000,46.000000000,2.000000000,0.064239194,0.000000000,0.000000000
CR-C02-007-A0024,CR-C02-007,DS04,cerro_rojo,CAMPAIGN_02,46.000000000,48.000000000,2.000000000,0.062791186,0.000000000,0.000000000
CR-C02-007-A0025,CR-C02-007,DS04,cerro_rojo,CAMPAIGN_02,48.000000000,50.000000000,2.000000000,0.062519223,0.000000000,0.000000000
CR-C02-007-A0026,CR-C02-007,DS04,cerro_rojo,CAMPAIGN_02,50.000000000,52.000000000,2.000000000,0.064161153,0.000000000,0.000000000
CR-C02-007-A0027,CR-C02-007,DS04,cerro_rojo,CAMPAIGN_02,52.000000000,54.000000000,2.000000000,0.070681822,0.000000000,0.000000000
CR-C02-007-A0028,CR-C02-007,DS04,cerro_rojo,CAMPAIGN_02,54.000000000,56.000000000,2.000000000,0.069135949,0.000000000,0.000000000
CR-C02-007-A0029,CR-C02-007,DS04,cerro_rojo,CAMPAIGN_02,56.000000000,58.000000000,2.000000000,0.074725966,0.000000000,0.000000000
CR-C02-007-A0030,CR-C02-007,DS04,cerro_rojo,CAMPAIGN_02,58.000000000,60.000000000,2.000000000,0.070801848,0.000000000,0.000000000
CR-C02-007-A0031,CR-C02-007,DS04,cerro_rojo,CAMPAIGN_02,60.000000000,62.000000000,2.000000000,0.074137061,0.000000000,0.000000000
CR-C02-007-A0032,CR-C02-007,DS04,cerro_rojo,CAMPAIGN_02,62.000000000,64.000000000,2.000000000,0.074856977,0.000000000,0.000000000
CR-C02-007-A0033,CR-C02-007,DS04,cerro_rojo,CAMPAIGN_02,64.000000000,66.000000000,2.000000000,0.079711211,0.000000000,0.000000000
CR-C02-007-A0034,CR-C02-007,DS04,cerro_rojo,CAMPAIGN_02,66.000000000,68.000000000,2.000000000,0.089342460,0.000000000,0.000000000
CR-C02-007-A0035,CR-C02-007,DS04,cerro_rojo,CAMPAIGN_02,68.000000000,70.000000000,2.000000000,0.083006355,0.000000000,0.000000000
CR-C02-007-A0036,CR-C02-007,DS04,cerro_rojo,CAMPAIGN_02,70.000000000,72.000000000,2.000000000,0.089838731,0.000000000,0.000000000
CR-C02-007-A0037,CR-C02-007,DS04,cerro_rojo,CAMPAIGN_02,72.000000000,74.000000000,2.000000000,0.102031921,0.000000000,0.000000000
CR-C02-007-A0038,CR-C02-007,DS04,cerro_rojo,CAMPAIGN_02,74.000000000,76.000000000,2.000000000,0.096865716,0.000000000,0.000000000
CR-C02-007-A0039,CR-C02-007,DS04,cerro_rojo,CAMPAIGN_02,76.000000000,78.000000000,2.000000000,0.091879015,0.000000000,0.000000000
CR-C02-007-A0040,CR-C02-007,DS04,cerro_rojo,CAMPAIGN_02,78.000000000,80.000000000,2.000000000,0.108649745,0.000000000,0.000000000
CR-C02-007-A0041,CR-C02-007,DS04,cerro_rojo,CAMPAIGN_02,80.000000000,82.000000000,2.000000000,0.107893548,0.000000000,0.000000000
CR-C02-007-A0042,CR-C02-007,DS04,cerro_rojo,CAMPAIGN_02,82.000000000,84.000000000,2.000000000,0.112856402,0.000000000,0.000000000
CR-C02-007-A0043,CR-C02-007,DS04,cerro_rojo,CAMPAIGN_02,84.000000000,86.000000000,2.000000000,0.115253514,0.000000000,0.000000000
CR-C02-007-A0044,CR-C02-007,DS04,cerro_rojo,CAMPAIGN_02,86.000000000,88.000000000,2.000000000,0.124608077,0.000000000,0.000000000
CR-C02-007-A0045,CR-C02-007,DS04,cerro_rojo,CAMPAIGN_02,88.000000000,90.000000000,2.000000000,0.114101248,0.000000000,0.000000000
CR-C02-007-A0046,CR-C02-007,DS04,cerro_rojo,CAMPAIGN_02,90.000000000,92.000000000,2.000000000,0.118409666,0.000000000,0.000000000
CR-C02-007-A0047,CR-C02-007,DS04,cerro_rojo,CAMPAIGN_02,92.000000000,94.000000000,2.000000000,0.122769480,0.000000000,0.000000000
CR-C02-007-A0048,CR-C02-007,DS04,cerro_rojo,CAMPAIGN_02,94.000000000,96.000000000,2.000000000,0.132500332,0.000000000,0.000000000
CR-C02-007-A0049,CR-C02-007,DS04,cerro_rojo,CAMPAIGN_02,96.000000000,98.000000000,2.000000000,0.133023564,0.000000000,0.000000000
CR-C02-007-A0050,CR-C02-007,DS04,cerro_rojo,CAMPAIGN_02,98.000000000,100.000000000,2.000000000,0.139028034,0.000000000,0.000000000
CR-C02-007-A0051,CR-C02-007,DS04,cerro_rojo,CAMPAIGN_02,100.000000000,102.000000000,2.000000000,0.144423773,0.000000000,0.000000000
CR-C02-007-A0052,CR-C02-007,DS04,cerro_rojo,CAMPAIGN_02,102.000000000,104.000000000,2.000000000,0.151501018,0.000000000,0.000000000
CR-C02-007-A0053,CR-C02-007,DS04,cerro_rojo,CAMPAIGN_02,104.000000000,106.000000000,2.000000000,0.154553102,0.000000000,0.000000000
CR-C02-007-A0054,CR-C02-007,DS04,cerro_rojo,CAMPAIGN_02,106.000000000,108.000000000,2.000000000,0.156954843,0.000000000,0.000000000
CR-C02-007-A0055,CR-C02-007,DS04,cerro_rojo,CAMPAIGN_02,108.000000000,110.000000000,2.000000000,0.164433484,0.000000000,0.000000000
CR-C02-007-A0056,CR-C02-007,DS04,cerro_rojo,CAMPAIGN_02,110.000000000,112.000000000,2.000000000,0.159236670,0.000000000,0.000000000
CR-C02-007-A0057,CR-C02-007,DS04,cerro_rojo,CAMPAIGN_02,112.000000000,114.000000000,2.000000000,0.158472692,0.000000000,0.000000000
CR-C02-007-A0058,CR-C02-007,DS04,cerro_rojo,CAMPAIGN_02,114.000000000,116.000000000,2.000000000,0.159708106,0.000000000,0.000000000
CR-C02-007-A0059,CR-C02-007,DS04,cerro_rojo,CAMPAIGN_02,116.000000000,118.000000000,2.000000000,0.166124097,0.000000000,0.000000000
CR-C02-007-A0060,CR-C02-007,DS04,cerro_rojo,CAMPAIGN_02,118.000000000,120.000000000,2.000000000,0.183392680,0.000000000,0.000000000
CR-C02-007-A0061,CR-C02-007,DS04,cerro_rojo,CAMPAIGN_02,120.000000000,122.000000000,2.000000000,0.177553702,0.000000000,0.000000000
CR-C02-007-A0062,CR-C02-007,DS04,cerro_rojo,CAMPAIGN_02,122.000000000,124.000000000,2.000000000,0.199909344,0.000000000,0.000000000
CR-C02-007-A0063,CR-C02-007,DS04,cerro_rojo,CAMPAIGN_02,124.000000000,126.000000000,2.000000000,0.185674542,0.000000000,0.000000000
CR-C02-007-A0064,CR-C02-007,DS04,cerro_rojo,CAMPAIGN_02,126.000000000,128.000000000,2.000000000,0.203740542,0.000000000,0.000000000
CR-C02-007-A0065,CR-C02-007,DS04,cerro_rojo,CAMPAIGN_02,128.000000000,130.000000000,2.000000000,0.203872509,0.000000000,0.000000000
CR-C02-007-A0066,CR-C02-007,DS04,cerro_rojo,CAMPAIGN_02,130.000000000,132.000000000,2.000000000,0.208013361,0.000000000,0.000000000
CR-C02-007-A0067,CR-C02-007,DS04,cerro_rojo,CAMPAIGN_02,132.000000000,134.000000000,2.000000000,0.207020678,0.000000000,0.000000000
CR-C02-007-A0068,CR-C02-007,DS04,cerro_rojo,CAMPAIGN_02,134.000000000,136.000000000,2.000000000,0.230648704,0.000000000,0.000000000
CR-C02-007-A0069,CR-C02-007,DS04,cerro_rojo,CAMPAIGN_02,136.000000000,138.000000000,2.000000000,0.223921554,0.000000000,0.000000000
CR-C02-007-A0070,CR-C02-007,DS04,cerro_rojo,CAMPAIGN_02,138.000000000,140.000000000,2.000000000,0.231873067,0.000000000,0.000000000
CR-C02-007-A0071,CR-C02-007,DS04,cerro_rojo,CAMPAIGN_02,140.000000000,142.000000000,2.000000000,0.246579260,0.000000000,0.000000000
CR-C02-007-A0072,CR-C02-007,DS04,cerro_rojo,CAMPAIGN_02,142.000000000,144.000000000,2.000000000,0.253497022,0.000000000,0.000000000
CR-C02-007-A0073,CR-C02-007,DS04,cerro_rojo,CAMPAIGN_02,144.000000000,146.000000000,2.000000000,0.278846512,0.000000000,0.000000000
CR-C02-007-A0074,CR-C02-007,DS04,cerro_rojo,CAMPAIGN_02,146.000000000,148.000000000,2.000000000,0.248594336,0.000000000,0.000000000
CR-C02-007-A0075,CR-C02-007,DS04,cerro_rojo,CAMPAIGN_02,148.000000000,150.000000000,2.000000000,0.256618283,0.000000000,0.000000000
CR-C02-007-A0076,CR-C02-007,DS04,cerro_rojo,CAMPAIGN_02,150.000000000,152.000000000,2.000000000,0.277391485,0.000000000,0.000000000
CR-C02-007-A0077,CR-C02-007,DS04,cerro_rojo,CAMPAIGN_02,152.000000000,154.000000000,2.000000000,0.288492928,0.000000000,0.000000000
CR-C02-007-A0078,CR-C02-007,DS04,cerro_rojo,CAMPAIGN_02,154.000000000,156.000000000,2.000000000,0.290420611,0.000000000,0.000000000
CR-C02-007-A0079,CR-C02-007,DS04,cerro_rojo,CAMPAIGN_02,156.000000000,158.000000000,2.000000000,0.264928727,0.000000000,0.000000000
CR-C02-007-A0080,CR-C02-007,DS04,cerro_rojo,CAMPAIGN_02,158.000000000,160.000000000,2.000000000,0.293876157,0.000000000,0.000000000
CR-C02-007-A0081,CR-C02-007,DS04,cerro_rojo,CAMPAIGN_02,160.000000000,162.000000000,2.000000000,0.298781924,0.000000000,0.000000000
CR-C02-007-A0082,CR-C02-007,DS04,cerro_rojo,CAMPAIGN_02,162.000000000,164.000000000,2.000000000,0.322886109,0.000000000,0.000000000
CR-C02-007-A0083,CR-C02-007,DS04,cerro_rojo,CAMPAIGN_02,164.000000000,166.000000000,2.000000000,0.316245162,0.000000000,0.000000000
CR-C02-007-A0084,CR-C02-007,DS04,cerro_rojo,CAMPAIGN_02,166.000000000,168.000000000,2.000000000,0.315088545,0.000000000,0.000000000
CR-C02-007-A0085,CR-C02-007,DS04,cerro_rojo,CAMPAIGN_02,168.000000000,170.000000000,2.000000000,0.295783839,0.000000000,0.000000000
CR-C02-007-A0086,CR-C02-007,DS04,cerro_rojo,CAMPAIGN_02,170.000000000,172.000000000,2.000000000,0.334568712,0.000000000,0.000000000
CR-C02-007-A0087,CR-C02-007,DS04,cerro_rojo,CAMPAIGN_02,172.000000000,174.000000000,2.000000000,0.336568550,0.000000000,0.000000000
CR-C02-007-A0088,CR-C02-007,DS04,cerro_rojo,CAMPAIGN_02,174.000000000,176.000000000,2.000000000,0.361494471,0.000000000,0.000000000
CR-C02-007-A0089,CR-C02-007,DS04,cerro_rojo,CAMPAIGN_02,176.000000000,178.000000000,2.000000000,0.360670689,0.000000000,0.000000000
CR-C02-007-A0090,CR-C02-007,DS04,cerro_rojo,CAMPAIGN_02,178.000000000,180.000000000,2.000000000,0.339984069,0.000000000,0.000000000
CR-C02-007-A0091,CR-C02-007,DS04,cerro_rojo,CAMPAIGN_02,180.000000000,182.000000000,2.000000000,0.361392974,0.000000000,0.000000000
CR-C02-007-A0092,CR-C02-007,DS04,cerro_rojo,CAMPAIGN_02,182.000000000,184.000000000,2.000000000,0.397355053,0.000000000,0.000000000
CR-C02-007-A0093,CR-C02-007,DS04,cerro_rojo,CAMPAIGN_02,184.000000000,186.000000000,2.000000000,0.383417043,0.000000000,0.000000000
CR-C02-007-A0094,CR-C02-007,DS04,cerro_rojo,CAMPAIGN_02,186.000000000,188.000000000,2.000000000,0.391599246,0.000000000,0.000000000
CR-C02-007-A0095,CR-C02-007,DS04,cerro_rojo,CAMPAIGN_02,188.000000000,190.000000000,2.000000000,0.396263937,0.000000000,0.000000000
CR-C02-007-A0096,CR-C02-007,DS04,cerro_rojo,CAMPAIGN_02,190.000000000,192.000000000,2.000000000,0.369453531,0.000000000,0.000000000
CR-C02-007-A0097,CR-C02-007,DS04,cerro_rojo,CAMPAIGN_02,192.000000000,194.000000000,2.000000000,0.370558686,0.000000000,0.000000000
CR-C02-007-A0098,CR-C02-007,DS04,cerro_rojo,CAMPAIGN_02,194.000000000,196.000000000,2.000000000,0.400872717,0.000000000,0.000000000
CR-C02-007-A0099,CR-C02-007,DS04,cerro_rojo,CAMPAIGN_02,196.000000000,198.000000000,2.000000000,0.418363525,0.000000000,0.000000000
CR-C02-007-A0100,CR-C02-007,DS04,cerro_rojo,CAMPAIGN_02,198.000000000,200.000000000,2.000000000,0.426861992,0.000000000,0.000000000
CR-C02-007-A0101,CR-C02-007,DS04,cerro_rojo,CAMPAIGN_02,200.000000000,202.000000000,2.000000000,0.454859573,0.000000000,0.000000000
CR-C02-007-A0102,CR-C02-007,DS04,cerro_rojo,CAMPAIGN_02,202.000000000,204.000000000,2.000000000,0.434482844,0.000000000,0.000000000
CR-C02-007-A0103,CR-C02-007,DS04,cerro_rojo,CAMPAIGN_02,204.000000000,206.000000000,2.000000000,0.444863409,0.000000000,0.000000000
CR-C02-007-A0104,CR-C02-007,DS04,cerro_rojo,CAMPAIGN_02,206.000000000,208.000000000,2.000000000,0.467733129,0.000000000,0.000000000
CR-C02-007-A0105,CR-C02-007,DS04,cerro_rojo,CAMPAIGN_02,208.000000000,210.000000000,2.000000000,0.436395787,0.000000000,0.000000000
CR-C02-007-A0106,CR-C02-007,DS04,cerro_rojo,CAMPAIGN_02,210.000000000,212.000000000,2.000000000,0.416955866,0.000000000,0.000000000
CR-C02-007-A0107,CR-C02-007,DS04,cerro_rojo,CAMPAIGN_02,212.000000000,214.000000000,2.000000000,0.477010225,0.000000000,0.000000000
CR-C02-007-A0108,CR-C02-007,DS04,cerro_rojo,CAMPAIGN_02,214.000000000,216.000000000,2.000000000,0.494718838,0.000000000,0.000000000
CR-C02-007-A0109,CR-C02-007,DS04,cerro_rojo,CAMPAIGN_02,216.000000000,218.000000000,2.000000000,0.473418766,0.000000000,0.000000000
CR-C02-007-A0110,CR-C02-007,DS04,cerro_rojo,CAMPAIGN_02,218.000000000,220.000000000,2.000000000,0.470699768,0.000000000,0.000000000
CR-C02-007-A0111,CR-C02-007,DS04,cerro_rojo,CAMPAIGN_02,220.000000000,222.000000000,2.000000000,0.500812537,0.000000000,0.000000000
CR-C02-007-A0112,CR-C02-007,DS04,cerro_rojo,CAMPAIGN_02,222.000000000,224.000000000,2.000000000,0.488237839,0.000000000,0.000000000
CR-C02-007-A0113,CR-C02-007,DS04,cerro_rojo,CAMPAIGN_02,224.000000000,226.000000000,2.000000000,0.516276665,0.000000000,0.000000000
CR-C02-007-A0114,CR-C02-007,DS04,cerro_rojo,CAMPAIGN_02,226.000000000,228.000000000,2.000000000,0.497693678,0.000000000,0.000000000
CR-C02-007-A0115,CR-C02-007,DS04,cerro_rojo,CAMPAIGN_02,228.000000000,230.000000000,2.000000000,0.556383848,0.000000000,0.000000000
CR-C02-007-A0116,CR-C02-007,DS04,cerro_rojo,CAMPAIGN_02,230.000000000,232.000000000,2.000000000,0.515990159,0.000000000,0.000000000
CR-C02-007-A0117,CR-C02-007,DS04,cerro_rojo,CAMPAIGN_02,232.000000000,234.000000000,2.000000000,0.533990436,0.000000000,0.000000000
CR-C02-007-A0118,CR-C02-007,DS04,cerro_rojo,CAMPAIGN_02,234.000000000,236.000000000,2.000000000,0.553460101,0.000000000,0.000000000
CR-C02-007-A0119,CR-C02-007,DS04,cerro_rojo,CAMPAIGN_02,236.000000000,238.000000000,2.000000000,0.517650035,0.000000000,0.000000000
CR-C02-007-A0120,CR-C02-007,DS04,cerro_rojo,CAMPAIGN_02,238.000000000,240.000000000,2.000000000,0.484750450,0.000000000,0.000000000
CR-C02-007-A0121,CR-C02-007,DS04,cerro_rojo,CAMPAIGN_02,240.000000000,242.000000000,2.000000000,0.575225528,0.000000000,0.000000000
CR-C02-007-A0122,CR-C02-007,DS04,cerro_rojo,CAMPAIGN_02,242.000000000,244.000000000,2.000000000,0.531527352,0.000000000,0.000000000
CR-C02-007-A0123,CR-C02-007,DS04,cerro_rojo,CAMPAIGN_02,244.000000000,246.000000000,2.000000000,0.587044914,0.000000000,0.000000000
CR-C02-007-A0124,CR-C02-007,DS04,cerro_rojo,CAMPAIGN_02,246.000000000,248.000000000,2.000000000,0.543942563,0.000000000,0.000000000
CR-C02-007-A0125,CR-C02-007,DS04,cerro_rojo,CAMPAIGN_02,248.000000000,250.000000000,2.000000000,0.591958611,0.000000000,0.000000000
CR-C02-007-A0126,CR-C02-007,DS04,cerro_rojo,CAMPAIGN_02,250.000000000,252.000000000,2.000000000,0.569496353,0.000000000,0.000000000
CR-C02-007-A0127,CR-C02-007,DS04,cerro_rojo,CAMPAIGN_02,252.000000000,254.000000000,2.000000000,0.641040322,0.000000000,0.000000000
CR-C02-007-A0128,CR-C02-007,DS04,cerro_rojo,CAMPAIGN_02,254.000000000,256.000000000,2.000000000,0.616797181,0.000000000,0.000000000
CR-C02-007-A0129,CR-C02-007,DS04,cerro_rojo,CAMPAIGN_02,256.000000000,258.000000000,2.000000000,0.578220106,0.000000000,0.000000000
CR-C02-007-A0130,CR-C02-007,DS04,cerro_rojo,CAMPAIGN_02,258.000000000,260.000000000,2.000000000,0.577440903,0.000000000,0.000000000
CR-C02-007-A0131,CR-C02-007,DS04,cerro_rojo,CAMPAIGN_02,260.000000000,262.000000000,2.000000000,0.554684489,0.000000000,0.000000000
CR-C02-007-A0132,CR-C02-007,DS04,cerro_rojo,CAMPAIGN_02,262.000000000,264.000000000,2.000000000,0.626760744,0.000000000,0.000000000
CR-C02-007-A0133,CR-C02-007,DS04,cerro_rojo,CAMPAIGN_02,264.000000000,266.000000000,2.000000000,0.604373569,0.000000000,0.000000000
CR-C02-007-A0134,CR-C02-007,DS04,cerro_rojo,CAMPAIGN_02,266.000000000,268.000000000,2.000000000,0.611867144,0.000000000,0.000000000
CR-C02-007-A0135,CR-C02-007,DS04,cerro_rojo,CAMPAIGN_02,268.000000000,270.000000000,2.000000000,0.630340449,0.000000000,0.000000000
CR-C02-007-A0136,CR-C02-007,DS04,cerro_rojo,CAMPAIGN_02,270.000000000,272.000000000,2.000000000,0.571260444,0.000000000,0.000000000
CR-C02-007-A0137,CR-C02-007,DS04,cerro_rojo,CAMPAIGN_02,272.000000000,274.000000000,2.000000000,0.607868115,0.000000000,0.000000000
CR-C02-007-A0138,CR-C02-007,DS04,cerro_rojo,CAMPAIGN_02,274.000000000,276.000000000,2.000000000,0.625602499,0.000000000,0.000000000
CR-C02-007-A0139,CR-C02-007,DS04,cerro_rojo,CAMPAIGN_02,276.000000000,278.000000000,2.000000000,0.641094515,0.000000000,0.000000000
CR-C02-007-A0140,CR-C02-007,DS04,cerro_rojo,CAMPAIGN_02,278.000000000,280.000000000,2.000000000,0.608606261,0.000000000,0.000000000
CR-C02-007-A0141,CR-C02-007,DS04,cerro_rojo,CAMPAIGN_02,280.000000000,282.000000000,2.000000000,0.598231100,0.000000000,0.000000000
CR-C02-007-A0142,CR-C02-007,DS04,cerro_rojo,CAMPAIGN_02,282.000000000,284.000000000,2.000000000,0.696957816,0.000000000,0.000000000
CR-C02-007-A0143,CR-C02-007,DS04,cerro_rojo,CAMPAIGN_02,284.000000000,286.000000000,2.000000000,0.651456808,0.000000000,0.000000000
CR-C02-007-A0144,CR-C02-007,DS04,cerro_rojo,CAMPAIGN_02,286.000000000,288.000000000,2.000000000,0.638070090,0.000000000,0.000000000
CR-C02-007-A0145,CR-C02-007,DS04,cerro_rojo,CAMPAIGN_02,288.000000000,290.000000000,2.000000000,0.622690051,0.000000000,0.000000000
CR-C02-007-A0146,CR-C02-007,DS04,cerro_rojo,CAMPAIGN_02,290.000000000,292.000000000,2.000000000,0.666096697,0.000000000,0.000000000
CR-C02-007-A0147,CR-C02-007,DS04,cerro_rojo,CAMPAIGN_02,292.000000000,294.000000000,2.000000000,0.633178425,0.000000000,0.000000000
CR-C02-007-A0148,CR-C02-007,DS04,cerro_rojo,CAMPAIGN_02,294.000000000,296.000000000,2.000000000,0.639165272,0.000000000,0.000000000
CR-C02-007-A0149,CR-C02-007,DS04,cerro_rojo,CAMPAIGN_02,296.000000000,298.000000000,2.000000000,0.636763616,0.000000000,0.000000000
CR-C02-007-A0150,CR-C02-007,DS04,cerro_rojo,CAMPAIGN_02,298.000000000,300.000000000,2.000000000,0.620344203,0.000000000,0.000000000
CR-C02-007-A0151,CR-C02-007,DS04,cerro_rojo,CAMPAIGN_02,300.000000000,302.000000000,2.000000000,0.677429581,0.000000000,0.000000000
CR-C02-007-A0152,CR-C02-007,DS04,cerro_rojo,CAMPAIGN_02,302.000000000,304.000000000,2.000000000,0.613305865,0.000000000,0.000000000
CR-C02-007-A0153,CR-C02-007,DS04,cerro_rojo,CAMPAIGN_02,304.000000000,306.000000000,2.000000000,0.720894345,0.000000000,0.000000000
CR-C02-007-A0154,CR-C02-007,DS04,cerro_rojo,CAMPAIGN_02,306.000000000,308.000000000,2.000000000,0.624252098,0.000000000,0.000000000
CR-C02-007-A0155,CR-C02-007,DS04,cerro_rojo,CAMPAIGN_02,308.000000000,310.000000000,2.000000000,0.635096361,0.000000000,0.000000000
CR-C02-007-A0156,CR-C02-007,DS04,cerro_rojo,CAMPAIGN_02,310.000000000,312.000000000,2.000000000,0.711062504,0.000000000,0.000000000
CR-C02-007-A0157,CR-C02-007,DS04,cerro_rojo,CAMPAIGN_02,312.000000000,314.000000000,2.000000000,0.620714198,0.000000000,0.000000000
CR-C02-007-A0158,CR-C02-007,DS04,cerro_rojo,CAMPAIGN_02,314.000000000,316.000000000,2.000000000,0.620802310,0.000000000,0.000000000
CR-C02-007-A0159,CR-C02-007,DS04,cerro_rojo,CAMPAIGN_02,316.000000000,318.000000000,2.000000000,0.666259289,0.000000000,0.000000000
CR-C02-007-A0160,CR-C02-007,DS04,cerro_rojo,CAMPAIGN_02,318.000000000,320.000000000,2.000000000,0.647334926,0.000000000,0.000000000
CR-C02-007-A0161,CR-C02-007,DS04,cerro_rojo,CAMPAIGN_02,320.000000000,322.000000000,2.000000000,0.689067903,0.000000000,0.000000000
CR-C02-007-A0162,CR-C02-007,DS04,cerro_rojo,CAMPAIGN_02,322.000000000,324.000000000,2.000000000,0.606962207,0.000000000,0.000000000
CR-C02-007-A0163,CR-C02-007,DS04,cerro_rojo,CAMPAIGN_02,324.000000000,326.000000000,2.000000000,0.618623006,0.000000000,0.000000000
CR-C02-007-A0164,CR-C02-007,DS04,cerro_rojo,CAMPAIGN_02,326.000000000,328.000000000,2.000000000,0.620124571,0.000000000,0.000000000
CR-C02-007-A0165,CR-C02-007,DS04,cerro_rojo,CAMPAIGN_02,328.000000000,330.000000000,2.000000000,0.639649514,0.000000000,0.000000000
CR-C02-007-A0166,CR-C02-007,DS04,cerro_rojo,CAMPAIGN_02,330.000000000,332.000000000,2.000000000,0.650928898,0.000000000,0.000000000
CR-C02-007-A0167,CR-C02-007,DS04,cerro_rojo,CAMPAIGN_02,332.000000000,334.000000000,2.000000000,0.687803661,0.000000000,0.000000000
CR-C02-007-A0168,CR-C02-007,DS04,cerro_rojo,CAMPAIGN_02,334.000000000,336.000000000,2.000000000,0.583292820,0.000000000,0.000000000
CR-C02-007-A0169,CR-C02-007,DS04,cerro_rojo,CAMPAIGN_02,336.000000000,337.304799817,1.304799817,0.649568372,0.000000000,0.000000000
CR-C02-008-A0001,CR-C02-008,DS04,cerro_rojo,CAMPAIGN_02,0.000000000,2.000000000,2.000000000,0.026798237,0.000000000,0.000000000
CR-C02-008-A0002,CR-C02-008,DS04,cerro_rojo,CAMPAIGN_02,2.000000000,4.000000000,2.000000000,0.023152581,0.000000000,0.000000000
CR-C02-008-A0003,CR-C02-008,DS04,cerro_rojo,CAMPAIGN_02,4.000000000,6.000000000,2.000000000,0.022861048,0.000000000,0.000000000
CR-C02-008-A0004,CR-C02-008,DS04,cerro_rojo,CAMPAIGN_02,6.000000000,8.000000000,2.000000000,0.022384913,0.000000000,0.000000000
CR-C02-008-A0005,CR-C02-008,DS04,cerro_rojo,CAMPAIGN_02,8.000000000,10.000000000,2.000000000,0.022207138,0.000000000,0.000000000
CR-C02-008-A0006,CR-C02-008,DS04,cerro_rojo,CAMPAIGN_02,10.000000000,12.000000000,2.000000000,0.021403189,0.000000000,0.000000000
CR-C02-008-A0007,CR-C02-008,DS04,cerro_rojo,CAMPAIGN_02,12.000000000,14.000000000,2.000000000,0.019070080,0.000000000,0.000000000
CR-C02-008-A0008,CR-C02-008,DS04,cerro_rojo,CAMPAIGN_02,14.000000000,16.000000000,2.000000000,0.022533342,0.000000000,0.000000000
CR-C02-008-A0009,CR-C02-008,DS04,cerro_rojo,CAMPAIGN_02,16.000000000,18.000000000,2.000000000,0.021118553,0.000000000,0.000000000
CR-C02-008-A0010,CR-C02-008,DS04,cerro_rojo,CAMPAIGN_02,18.000000000,20.000000000,2.000000000,0.024481270,0.000000000,0.000000000
CR-C02-008-A0011,CR-C02-008,DS04,cerro_rojo,CAMPAIGN_02,20.000000000,22.000000000,2.000000000,0.021045433,0.000000000,0.000000000
CR-C02-008-A0012,CR-C02-008,DS04,cerro_rojo,CAMPAIGN_02,22.000000000,24.000000000,2.000000000,0.022272208,0.000000000,0.000000000
CR-C02-008-A0013,CR-C02-008,DS04,cerro_rojo,CAMPAIGN_02,24.000000000,26.000000000,2.000000000,0.024176936,0.000000000,0.000000000
CR-C02-008-A0014,CR-C02-008,DS04,cerro_rojo,CAMPAIGN_02,26.000000000,28.000000000,2.000000000,0.020785103,0.000000000,0.000000000
CR-C02-008-A0015,CR-C02-008,DS04,cerro_rojo,CAMPAIGN_02,28.000000000,30.000000000,2.000000000,0.021294608,0.000000000,0.000000000
CR-C02-008-A0016,CR-C02-008,DS04,cerro_rojo,CAMPAIGN_02,30.000000000,32.000000000,2.000000000,0.022146710,0.000000000,0.000000000
CR-C02-008-A0017,CR-C02-008,DS04,cerro_rojo,CAMPAIGN_02,32.000000000,34.000000000,2.000000000,0.022819087,0.000000000,0.000000000
CR-C02-008-A0018,CR-C02-008,DS04,cerro_rojo,CAMPAIGN_02,34.000000000,36.000000000,2.000000000,0.022547039,0.000000000,0.000000000
CR-C02-008-A0019,CR-C02-008,DS04,cerro_rojo,CAMPAIGN_02,36.000000000,38.000000000,2.000000000,0.019904202,0.000000000,0.000000000
CR-C02-008-A0020,CR-C02-008,DS04,cerro_rojo,CAMPAIGN_02,38.000000000,40.000000000,2.000000000,0.024113298,0.000000000,0.000000000
CR-C02-008-A0021,CR-C02-008,DS04,cerro_rojo,CAMPAIGN_02,40.000000000,42.000000000,2.000000000,0.022527286,0.000000000,0.000000000
CR-C02-008-A0022,CR-C02-008,DS04,cerro_rojo,CAMPAIGN_02,42.000000000,44.000000000,2.000000000,0.021830996,0.000000000,0.000000000
CR-C02-008-A0023,CR-C02-008,DS04,cerro_rojo,CAMPAIGN_02,44.000000000,46.000000000,2.000000000,0.024774455,0.000000000,0.000000000
CR-C02-008-A0024,CR-C02-008,DS04,cerro_rojo,CAMPAIGN_02,46.000000000,48.000000000,2.000000000,0.027132468,0.000000000,0.000000000
CR-C02-008-A0025,CR-C02-008,DS04,cerro_rojo,CAMPAIGN_02,48.000000000,50.000000000,2.000000000,0.021070270,0.000000000,0.000000000
CR-C02-008-A0026,CR-C02-008,DS04,cerro_rojo,CAMPAIGN_02,50.000000000,52.000000000,2.000000000,0.021913113,0.000000000,0.000000000
CR-C02-008-A0027,CR-C02-008,DS04,cerro_rojo,CAMPAIGN_02,52.000000000,54.000000000,2.000000000,0.023903933,0.000000000,0.000000000
CR-C02-008-A0028,CR-C02-008,DS04,cerro_rojo,CAMPAIGN_02,54.000000000,56.000000000,2.000000000,0.021400747,0.000000000,0.000000000
CR-C02-008-A0029,CR-C02-008,DS04,cerro_rojo,CAMPAIGN_02,56.000000000,58.000000000,2.000000000,0.021163848,0.000000000,0.000000000
CR-C02-008-A0030,CR-C02-008,DS04,cerro_rojo,CAMPAIGN_02,58.000000000,60.000000000,2.000000000,0.020764494,0.000000000,0.000000000
CR-C02-008-A0031,CR-C02-008,DS04,cerro_rojo,CAMPAIGN_02,60.000000000,62.000000000,2.000000000,0.024135255,0.000000000,0.000000000
CR-C02-008-A0032,CR-C02-008,DS04,cerro_rojo,CAMPAIGN_02,62.000000000,64.000000000,2.000000000,0.022456471,0.000000000,0.000000000
CR-C02-008-A0033,CR-C02-008,DS04,cerro_rojo,CAMPAIGN_02,64.000000000,66.000000000,2.000000000,0.019596620,0.000000000,0.000000000
CR-C02-008-A0034,CR-C02-008,DS04,cerro_rojo,CAMPAIGN_02,66.000000000,68.000000000,2.000000000,0.025400042,0.000000000,0.000000000
CR-C02-008-A0035,CR-C02-008,DS04,cerro_rojo,CAMPAIGN_02,68.000000000,70.000000000,2.000000000,0.021226498,0.000000000,0.000000000
CR-C02-008-A0036,CR-C02-008,DS04,cerro_rojo,CAMPAIGN_02,70.000000000,72.000000000,2.000000000,0.020859791,0.000000000,0.000000000
CR-C02-008-A0037,CR-C02-008,DS04,cerro_rojo,CAMPAIGN_02,72.000000000,74.000000000,2.000000000,0.022988665,0.000000000,0.000000000
CR-C02-008-A0038,CR-C02-008,DS04,cerro_rojo,CAMPAIGN_02,74.000000000,76.000000000,2.000000000,0.023346667,0.000000000,0.000000000
CR-C02-008-A0039,CR-C02-008,DS04,cerro_rojo,CAMPAIGN_02,76.000000000,78.000000000,2.000000000,0.019303920,0.000000000,0.000000000
CR-C02-008-A0040,CR-C02-008,DS04,cerro_rojo,CAMPAIGN_02,78.000000000,80.000000000,2.000000000,0.020349758,0.000000000,0.000000000
CR-C02-008-A0041,CR-C02-008,DS04,cerro_rojo,CAMPAIGN_02,80.000000000,82.000000000,2.000000000,0.024081465,0.000000000,0.000000000
CR-C02-008-A0042,CR-C02-008,DS04,cerro_rojo,CAMPAIGN_02,82.000000000,84.000000000,2.000000000,0.022043927,0.000000000,0.000000000
CR-C02-008-A0043,CR-C02-008,DS04,cerro_rojo,CAMPAIGN_02,84.000000000,86.000000000,2.000000000,0.022895056,0.000000000,0.000000000
CR-C02-008-A0044,CR-C02-008,DS04,cerro_rojo,CAMPAIGN_02,86.000000000,88.000000000,2.000000000,0.023000930,0.000000000,0.000000000
CR-C02-008-A0045,CR-C02-008,DS04,cerro_rojo,CAMPAIGN_02,88.000000000,90.000000000,2.000000000,0.023087374,0.000000000,0.000000000
CR-C02-008-A0046,CR-C02-008,DS04,cerro_rojo,CAMPAIGN_02,90.000000000,92.000000000,2.000000000,0.022246777,0.000000000,0.000000000
CR-C02-008-A0047,CR-C02-008,DS04,cerro_rojo,CAMPAIGN_02,92.000000000,94.000000000,2.000000000,0.023518948,0.000000000,0.000000000
CR-C02-008-A0048,CR-C02-008,DS04,cerro_rojo,CAMPAIGN_02,94.000000000,96.000000000,2.000000000,0.024443556,0.000000000,0.000000000
CR-C02-008-A0049,CR-C02-008,DS04,cerro_rojo,CAMPAIGN_02,96.000000000,98.000000000,2.000000000,0.023026010,0.000000000,0.000000000
CR-C02-008-A0050,CR-C02-008,DS04,cerro_rojo,CAMPAIGN_02,98.000000000,100.000000000,2.000000000,0.024028825,0.000000000,0.000000000
CR-C02-008-A0051,CR-C02-008,DS04,cerro_rojo,CAMPAIGN_02,100.000000000,102.000000000,2.000000000,0.025046887,0.000000000,0.000000000
CR-C02-008-A0052,CR-C02-008,DS04,cerro_rojo,CAMPAIGN_02,102.000000000,104.000000000,2.000000000,0.020880497,0.000000000,0.000000000
CR-C02-008-A0053,CR-C02-008,DS04,cerro_rojo,CAMPAIGN_02,104.000000000,106.000000000,2.000000000,0.023890336,0.000000000,0.000000000
CR-C02-008-A0054,CR-C02-008,DS04,cerro_rojo,CAMPAIGN_02,106.000000000,108.000000000,2.000000000,0.023387954,0.000000000,0.000000000
CR-C02-008-A0055,CR-C02-008,DS04,cerro_rojo,CAMPAIGN_02,108.000000000,110.000000000,2.000000000,0.026695768,0.000000000,0.000000000
CR-C02-008-A0056,CR-C02-008,DS04,cerro_rojo,CAMPAIGN_02,110.000000000,112.000000000,2.000000000,0.025329953,0.000000000,0.000000000
CR-C02-008-A0057,CR-C02-008,DS04,cerro_rojo,CAMPAIGN_02,112.000000000,114.000000000,2.000000000,0.022749143,0.000000000,0.000000000
CR-C02-008-A0058,CR-C02-008,DS04,cerro_rojo,CAMPAIGN_02,114.000000000,116.000000000,2.000000000,0.026566622,0.000000000,0.000000000
CR-C02-008-A0059,CR-C02-008,DS04,cerro_rojo,CAMPAIGN_02,116.000000000,118.000000000,2.000000000,0.025780171,0.000000000,0.000000000
CR-C02-008-A0060,CR-C02-008,DS04,cerro_rojo,CAMPAIGN_02,118.000000000,120.000000000,2.000000000,0.024808739,0.000000000,0.000000000
CR-C02-008-A0061,CR-C02-008,DS04,cerro_rojo,CAMPAIGN_02,120.000000000,122.000000000,2.000000000,0.021837083,0.000000000,0.000000000
CR-C02-008-A0062,CR-C02-008,DS04,cerro_rojo,CAMPAIGN_02,122.000000000,124.000000000,2.000000000,0.025781620,0.000000000,0.000000000
CR-C02-008-A0063,CR-C02-008,DS04,cerro_rojo,CAMPAIGN_02,124.000000000,126.000000000,2.000000000,0.027855666,0.000000000,0.000000000
CR-C02-008-A0064,CR-C02-008,DS04,cerro_rojo,CAMPAIGN_02,126.000000000,128.000000000,2.000000000,0.026261451,0.000000000,0.000000000
CR-C02-008-A0065,CR-C02-008,DS04,cerro_rojo,CAMPAIGN_02,128.000000000,130.000000000,2.000000000,0.025249652,0.000000000,0.000000000
CR-C02-008-A0066,CR-C02-008,DS04,cerro_rojo,CAMPAIGN_02,130.000000000,132.000000000,2.000000000,0.024235954,0.000000000,0.000000000
CR-C02-008-A0067,CR-C02-008,DS04,cerro_rojo,CAMPAIGN_02,132.000000000,134.000000000,2.000000000,0.028725644,0.000000000,0.000000000
CR-C02-008-A0068,CR-C02-008,DS04,cerro_rojo,CAMPAIGN_02,134.000000000,136.000000000,2.000000000,0.025862685,0.000000000,0.000000000
CR-C02-008-A0069,CR-C02-008,DS04,cerro_rojo,CAMPAIGN_02,136.000000000,138.000000000,2.000000000,0.024545242,0.000000000,0.000000000
CR-C02-008-A0070,CR-C02-008,DS04,cerro_rojo,CAMPAIGN_02,138.000000000,140.000000000,2.000000000,0.024954306,0.000000000,0.000000000
CR-C02-008-A0071,CR-C02-008,DS04,cerro_rojo,CAMPAIGN_02,140.000000000,142.000000000,2.000000000,0.025691687,0.000000000,0.000000000
CR-C02-008-A0072,CR-C02-008,DS04,cerro_rojo,CAMPAIGN_02,142.000000000,144.000000000,2.000000000,0.027767586,0.000000000,0.000000000
CR-C02-008-A0073,CR-C02-008,DS04,cerro_rojo,CAMPAIGN_02,144.000000000,146.000000000,2.000000000,0.028099693,0.000000000,0.000000000
CR-C02-008-A0074,CR-C02-008,DS04,cerro_rojo,CAMPAIGN_02,146.000000000,148.000000000,2.000000000,0.029374930,0.000000000,0.000000000
CR-C02-008-A0075,CR-C02-008,DS04,cerro_rojo,CAMPAIGN_02,148.000000000,150.000000000,2.000000000,0.030552643,0.000000000,0.000000000
CR-C02-008-A0076,CR-C02-008,DS04,cerro_rojo,CAMPAIGN_02,150.000000000,152.000000000,2.000000000,0.029735493,0.000000000,0.000000000
CR-C02-008-A0077,CR-C02-008,DS04,cerro_rojo,CAMPAIGN_02,152.000000000,154.000000000,2.000000000,0.025537664,0.000000000,0.000000000
CR-C02-008-A0078,CR-C02-008,DS04,cerro_rojo,CAMPAIGN_02,154.000000000,156.000000000,2.000000000,0.026079953,0.000000000,0.000000000
CR-C02-008-A0079,CR-C02-008,DS04,cerro_rojo,CAMPAIGN_02,156.000000000,158.000000000,2.000000000,0.031594861,0.000000000,0.000000000
CR-C02-008-A0080,CR-C02-008,DS04,cerro_rojo,CAMPAIGN_02,158.000000000,160.000000000,2.000000000,0.029794772,0.000000000,0.000000000
CR-C02-008-A0081,CR-C02-008,DS04,cerro_rojo,CAMPAIGN_02,160.000000000,162.000000000,2.000000000,0.026562860,0.000000000,0.000000000
CR-C02-008-A0082,CR-C02-008,DS04,cerro_rojo,CAMPAIGN_02,162.000000000,164.000000000,2.000000000,0.027174955,0.000000000,0.000000000
CR-C02-008-A0083,CR-C02-008,DS04,cerro_rojo,CAMPAIGN_02,164.000000000,166.000000000,2.000000000,0.031489423,0.000000000,0.000000000
CR-C02-008-A0084,CR-C02-008,DS04,cerro_rojo,CAMPAIGN_02,166.000000000,168.000000000,2.000000000,0.026558487,0.000000000,0.000000000
CR-C02-008-A0085,CR-C02-008,DS04,cerro_rojo,CAMPAIGN_02,168.000000000,170.000000000,2.000000000,0.034115907,0.000000000,0.000000000
CR-C02-008-A0086,CR-C02-008,DS04,cerro_rojo,CAMPAIGN_02,170.000000000,172.000000000,2.000000000,0.032049191,0.000000000,0.000000000
CR-C02-008-A0087,CR-C02-008,DS04,cerro_rojo,CAMPAIGN_02,172.000000000,174.000000000,2.000000000,0.032157780,0.000000000,0.000000000
CR-C02-008-A0088,CR-C02-008,DS04,cerro_rojo,CAMPAIGN_02,174.000000000,176.000000000,2.000000000,0.033860120,0.000000000,0.000000000
CR-C02-008-A0089,CR-C02-008,DS04,cerro_rojo,CAMPAIGN_02,176.000000000,178.000000000,2.000000000,0.034786005,0.000000000,0.000000000
CR-C02-008-A0090,CR-C02-008,DS04,cerro_rojo,CAMPAIGN_02,178.000000000,180.000000000,2.000000000,0.036704116,0.000000000,0.000000000
CR-C02-008-A0091,CR-C02-008,DS04,cerro_rojo,CAMPAIGN_02,180.000000000,182.000000000,2.000000000,0.030400749,0.000000000,0.000000000
CR-C02-008-A0092,CR-C02-008,DS04,cerro_rojo,CAMPAIGN_02,182.000000000,184.000000000,2.000000000,0.038088890,0.000000000,0.000000000
CR-C02-008-A0093,CR-C02-008,DS04,cerro_rojo,CAMPAIGN_02,184.000000000,186.000000000,2.000000000,0.036180162,0.000000000,0.000000000
CR-C02-008-A0094,CR-C02-008,DS04,cerro_rojo,CAMPAIGN_02,186.000000000,188.000000000,2.000000000,0.035391744,0.000000000,0.000000000
CR-C02-008-A0095,CR-C02-008,DS04,cerro_rojo,CAMPAIGN_02,188.000000000,190.000000000,2.000000000,0.039545188,0.000000000,0.000000000
CR-C02-008-A0096,CR-C02-008,DS04,cerro_rojo,CAMPAIGN_02,190.000000000,192.000000000,2.000000000,0.034823167,0.000000000,0.000000000
CR-C02-008-A0097,CR-C02-008,DS04,cerro_rojo,CAMPAIGN_02,192.000000000,194.000000000,2.000000000,0.038848544,0.000000000,0.000000000
CR-C02-008-A0098,CR-C02-008,DS04,cerro_rojo,CAMPAIGN_02,194.000000000,196.000000000,2.000000000,0.038774655,0.000000000,0.000000000
CR-C02-008-A0099,CR-C02-008,DS04,cerro_rojo,CAMPAIGN_02,196.000000000,198.000000000,2.000000000,0.039257493,0.000000000,0.000000000
CR-C02-008-A0100,CR-C02-008,DS04,cerro_rojo,CAMPAIGN_02,198.000000000,200.000000000,2.000000000,0.040544433,0.000000000,0.000000000
CR-C02-008-A0101,CR-C02-008,DS04,cerro_rojo,CAMPAIGN_02,200.000000000,202.000000000,2.000000000,0.041352233,0.000000000,0.000000000
CR-C02-008-A0102,CR-C02-008,DS04,cerro_rojo,CAMPAIGN_02,202.000000000,204.000000000,2.000000000,0.040818589,0.000000000,0.000000000
CR-C02-008-A0103,CR-C02-008,DS04,cerro_rojo,CAMPAIGN_02,204.000000000,206.000000000,2.000000000,0.040832417,0.000000000,0.000000000
CR-C02-008-A0104,CR-C02-008,DS04,cerro_rojo,CAMPAIGN_02,206.000000000,208.000000000,2.000000000,0.042980218,0.000000000,0.000000000
CR-C02-008-A0105,CR-C02-008,DS04,cerro_rojo,CAMPAIGN_02,208.000000000,210.000000000,2.000000000,0.046974001,0.000000000,0.000000000
CR-C02-008-A0106,CR-C02-008,DS04,cerro_rojo,CAMPAIGN_02,210.000000000,212.000000000,2.000000000,0.046868935,0.000000000,0.000000000
CR-C02-008-A0107,CR-C02-008,DS04,cerro_rojo,CAMPAIGN_02,212.000000000,214.000000000,2.000000000,0.048209229,0.000000000,0.000000000
CR-C02-008-A0108,CR-C02-008,DS04,cerro_rojo,CAMPAIGN_02,214.000000000,216.000000000,2.000000000,0.049159848,0.000000000,0.000000000
CR-C02-008-A0109,CR-C02-008,DS04,cerro_rojo,CAMPAIGN_02,216.000000000,218.000000000,2.000000000,0.050805490,0.000000000,0.000000000
CR-C02-008-A0110,CR-C02-008,DS04,cerro_rojo,CAMPAIGN_02,218.000000000,220.000000000,2.000000000,0.050527483,0.000000000,0.000000000
CR-C02-008-A0111,CR-C02-008,DS04,cerro_rojo,CAMPAIGN_02,220.000000000,222.000000000,2.000000000,0.051375049,0.000000000,0.000000000
CR-C02-008-A0112,CR-C02-008,DS04,cerro_rojo,CAMPAIGN_02,222.000000000,224.000000000,2.000000000,0.048385297,0.000000000,0.000000000
CR-C02-008-A0113,CR-C02-008,DS04,cerro_rojo,CAMPAIGN_02,224.000000000,226.000000000,2.000000000,0.052460704,0.000000000,0.000000000
CR-C02-008-A0114,CR-C02-008,DS04,cerro_rojo,CAMPAIGN_02,226.000000000,228.000000000,2.000000000,0.051246504,0.000000000,0.000000000
CR-C02-008-A0115,CR-C02-008,DS04,cerro_rojo,CAMPAIGN_02,228.000000000,230.000000000,2.000000000,0.056971564,0.000000000,0.000000000
CR-C02-008-A0116,CR-C02-008,DS04,cerro_rojo,CAMPAIGN_02,230.000000000,232.000000000,2.000000000,0.053253576,0.000000000,0.000000000
CR-C02-008-A0117,CR-C02-008,DS04,cerro_rojo,CAMPAIGN_02,232.000000000,234.000000000,2.000000000,0.065919024,0.000000000,0.000000000
CR-C02-008-A0118,CR-C02-008,DS04,cerro_rojo,CAMPAIGN_02,234.000000000,236.000000000,2.000000000,0.056376180,0.000000000,0.000000000
CR-C02-008-A0119,CR-C02-008,DS04,cerro_rojo,CAMPAIGN_02,236.000000000,238.000000000,2.000000000,0.059070474,0.000000000,0.000000000
CR-C02-008-A0120,CR-C02-008,DS04,cerro_rojo,CAMPAIGN_02,238.000000000,240.000000000,2.000000000,0.061409576,0.000000000,0.000000000
CR-C02-008-A0121,CR-C02-008,DS04,cerro_rojo,CAMPAIGN_02,240.000000000,242.000000000,2.000000000,0.067412578,0.000000000,0.000000000
CR-C02-008-A0122,CR-C02-008,DS04,cerro_rojo,CAMPAIGN_02,242.000000000,244.000000000,2.000000000,0.066276078,0.000000000,0.000000000
CR-C02-008-A0123,CR-C02-008,DS04,cerro_rojo,CAMPAIGN_02,244.000000000,246.000000000,2.000000000,0.066781482,0.000000000,0.000000000
CR-C02-008-A0124,CR-C02-008,DS04,cerro_rojo,CAMPAIGN_02,246.000000000,248.000000000,2.000000000,0.066138977,0.000000000,0.000000000
CR-C02-008-A0125,CR-C02-008,DS04,cerro_rojo,CAMPAIGN_02,248.000000000,250.000000000,2.000000000,0.066667640,0.000000000,0.000000000
CR-C02-008-A0126,CR-C02-008,DS04,cerro_rojo,CAMPAIGN_02,250.000000000,252.000000000,2.000000000,0.073099545,0.000000000,0.000000000
CR-C02-008-A0127,CR-C02-008,DS04,cerro_rojo,CAMPAIGN_02,252.000000000,254.000000000,2.000000000,0.071130783,0.000000000,0.000000000
CR-C02-008-A0128,CR-C02-008,DS04,cerro_rojo,CAMPAIGN_02,254.000000000,256.000000000,2.000000000,0.075810270,0.000000000,0.000000000
CR-C02-008-A0129,CR-C02-008,DS04,cerro_rojo,CAMPAIGN_02,256.000000000,258.000000000,2.000000000,0.077913040,0.000000000,0.000000000
CR-C02-008-A0130,CR-C02-008,DS04,cerro_rojo,CAMPAIGN_02,258.000000000,260.000000000,2.000000000,0.072899737,0.000000000,0.000000000
CR-C02-008-A0131,CR-C02-008,DS04,cerro_rojo,CAMPAIGN_02,260.000000000,262.000000000,2.000000000,0.078016826,0.000000000,0.000000000
CR-C02-008-A0132,CR-C02-008,DS04,cerro_rojo,CAMPAIGN_02,262.000000000,264.000000000,2.000000000,0.081354008,0.000000000,0.000000000
CR-C02-008-A0133,CR-C02-008,DS04,cerro_rojo,CAMPAIGN_02,264.000000000,266.000000000,2.000000000,0.085671118,0.000000000,0.000000000
CR-C02-008-A0134,CR-C02-008,DS04,cerro_rojo,CAMPAIGN_02,266.000000000,268.000000000,2.000000000,0.087014880,0.000000000,0.000000000
CR-C02-008-A0135,CR-C02-008,DS04,cerro_rojo,CAMPAIGN_02,268.000000000,270.000000000,2.000000000,0.092167906,0.000000000,0.000000000
CR-C02-008-A0136,CR-C02-008,DS04,cerro_rojo,CAMPAIGN_02,270.000000000,272.000000000,2.000000000,0.082158840,0.000000000,0.000000000
CR-C02-008-A0137,CR-C02-008,DS04,cerro_rojo,CAMPAIGN_02,272.000000000,274.000000000,2.000000000,0.090549751,0.000000000,0.000000000
CR-C02-008-A0138,CR-C02-008,DS04,cerro_rojo,CAMPAIGN_02,274.000000000,276.000000000,2.000000000,0.096519146,0.000000000,0.000000000
CR-C02-008-A0139,CR-C02-008,DS04,cerro_rojo,CAMPAIGN_02,276.000000000,278.000000000,2.000000000,0.096585247,0.000000000,0.000000000
CR-C02-008-A0140,CR-C02-008,DS04,cerro_rojo,CAMPAIGN_02,278.000000000,280.000000000,2.000000000,0.091351864,0.000000000,0.000000000
CR-C02-008-A0141,CR-C02-008,DS04,cerro_rojo,CAMPAIGN_02,280.000000000,282.000000000,2.000000000,0.097718995,0.000000000,0.000000000
CR-C02-008-A0142,CR-C02-008,DS04,cerro_rojo,CAMPAIGN_02,282.000000000,284.000000000,2.000000000,0.098630514,0.000000000,0.000000000
CR-C02-008-A0143,CR-C02-008,DS04,cerro_rojo,CAMPAIGN_02,284.000000000,286.000000000,2.000000000,0.105380127,0.000000000,0.000000000
CR-C02-008-A0144,CR-C02-008,DS04,cerro_rojo,CAMPAIGN_02,286.000000000,288.000000000,2.000000000,0.104854466,0.000000000,0.000000000
CR-C02-008-A0145,CR-C02-008,DS04,cerro_rojo,CAMPAIGN_02,288.000000000,290.000000000,2.000000000,0.105555507,0.000000000,0.000000000
CR-C02-008-A0146,CR-C02-008,DS04,cerro_rojo,CAMPAIGN_02,290.000000000,292.000000000,2.000000000,0.104588270,0.000000000,0.000000000
CR-C02-008-A0147,CR-C02-008,DS04,cerro_rojo,CAMPAIGN_02,292.000000000,294.000000000,2.000000000,0.111701827,0.000000000,0.000000000
CR-C02-008-A0148,CR-C02-008,DS04,cerro_rojo,CAMPAIGN_02,294.000000000,296.000000000,2.000000000,0.106075943,0.000000000,0.000000000
CR-C02-008-A0149,CR-C02-008,DS04,cerro_rojo,CAMPAIGN_02,296.000000000,298.000000000,2.000000000,0.111653417,0.000000000,0.000000000
CR-C02-008-A0150,CR-C02-008,DS04,cerro_rojo,CAMPAIGN_02,298.000000000,300.000000000,2.000000000,0.118523502,0.000000000,0.000000000
CR-C02-008-A0151,CR-C02-008,DS04,cerro_rojo,CAMPAIGN_02,300.000000000,302.000000000,2.000000000,0.131909791,0.000000000,0.000000000
CR-C02-008-A0152,CR-C02-008,DS04,cerro_rojo,CAMPAIGN_02,302.000000000,304.000000000,2.000000000,0.122897434,0.000000000,0.000000000
CR-C02-008-A0153,CR-C02-008,DS04,cerro_rojo,CAMPAIGN_02,304.000000000,306.000000000,2.000000000,0.120042455,0.000000000,0.000000000
CR-C02-008-A0154,CR-C02-008,DS04,cerro_rojo,CAMPAIGN_02,306.000000000,308.000000000,2.000000000,0.123939576,0.000000000,0.000000000
CR-C02-008-A0155,CR-C02-008,DS04,cerro_rojo,CAMPAIGN_02,308.000000000,310.000000000,2.000000000,0.122945994,0.000000000,0.000000000
CR-C02-008-A0156,CR-C02-008,DS04,cerro_rojo,CAMPAIGN_02,310.000000000,312.000000000,2.000000000,0.128353916,0.000000000,0.000000000
CR-C02-008-A0157,CR-C02-008,DS04,cerro_rojo,CAMPAIGN_02,312.000000000,314.000000000,2.000000000,0.128432559,0.000000000,0.000000000
CR-C02-008-A0158,CR-C02-008,DS04,cerro_rojo,CAMPAIGN_02,314.000000000,316.000000000,2.000000000,0.142176828,0.000000000,0.000000000
CR-C02-008-A0159,CR-C02-008,DS04,cerro_rojo,CAMPAIGN_02,316.000000000,318.000000000,2.000000000,0.145218524,0.000000000,0.000000000
CR-C02-008-A0160,CR-C02-008,DS04,cerro_rojo,CAMPAIGN_02,318.000000000,320.000000000,2.000000000,0.141123604,0.000000000,0.000000000
CR-C02-008-A0161,CR-C02-008,DS04,cerro_rojo,CAMPAIGN_02,320.000000000,322.000000000,2.000000000,0.154609755,0.000000000,0.000000000
CR-C02-008-A0162,CR-C02-008,DS04,cerro_rojo,CAMPAIGN_02,322.000000000,324.000000000,2.000000000,0.143430898,0.000000000,0.000000000
CR-C02-008-A0163,CR-C02-008,DS04,cerro_rojo,CAMPAIGN_02,324.000000000,326.000000000,2.000000000,0.153488456,0.000000000,0.000000000
CR-C02-008-A0164,CR-C02-008,DS04,cerro_rojo,CAMPAIGN_02,326.000000000,328.000000000,2.000000000,0.148504192,0.000000000,0.000000000
CR-C02-008-A0165,CR-C02-008,DS04,cerro_rojo,CAMPAIGN_02,328.000000000,330.000000000,2.000000000,0.166978147,0.000000000,0.000000000
CR-C02-008-A0166,CR-C02-008,DS04,cerro_rojo,CAMPAIGN_02,330.000000000,332.000000000,2.000000000,0.157486053,0.000000000,0.000000000
CR-C02-008-A0167,CR-C02-008,DS04,cerro_rojo,CAMPAIGN_02,332.000000000,334.000000000,2.000000000,0.165290967,0.000000000,0.000000000
CR-C02-008-A0168,CR-C02-008,DS04,cerro_rojo,CAMPAIGN_02,334.000000000,336.000000000,2.000000000,0.157177826,0.000000000,0.000000000
CR-C02-008-A0169,CR-C02-008,DS04,cerro_rojo,CAMPAIGN_02,336.000000000,338.000000000,2.000000000,0.159503930,0.000000000,0.000000000
CR-C02-008-A0170,CR-C02-008,DS04,cerro_rojo,CAMPAIGN_02,338.000000000,340.000000000,2.000000000,0.148058280,0.000000000,0.000000000
CR-C02-008-A0171,CR-C02-008,DS04,cerro_rojo,CAMPAIGN_02,340.000000000,342.000000000,2.000000000,0.164895501,0.000000000,0.000000000
CR-C02-008-A0172,CR-C02-008,DS04,cerro_rojo,CAMPAIGN_02,342.000000000,344.000000000,2.000000000,0.169684294,0.000000000,0.000000000
CR-C02-008-A0173,CR-C02-008,DS04,cerro_rojo,CAMPAIGN_02,344.000000000,346.000000000,2.000000000,0.164238684,0.000000000,0.000000000
CR-C02-008-A0174,CR-C02-008,DS04,cerro_rojo,CAMPAIGN_02,346.000000000,348.000000000,2.000000000,0.164701400,0.000000000,0.000000000
CR-C02-008-A0175,CR-C02-008,DS04,cerro_rojo,CAMPAIGN_02,348.000000000,350.000000000,2.000000000,0.174219985,0.000000000,0.000000000
CR-C02-008-A0176,CR-C02-008,DS04,cerro_rojo,CAMPAIGN_02,350.000000000,352.000000000,2.000000000,0.192404652,0.000000000,0.000000000
CR-C02-008-A0177,CR-C02-008,DS04,cerro_rojo,CAMPAIGN_02,352.000000000,354.000000000,2.000000000,0.176189270,0.000000000,0.000000000
CR-C02-008-A0178,CR-C02-008,DS04,cerro_rojo,CAMPAIGN_02,354.000000000,356.000000000,2.000000000,0.198225130,0.000000000,0.000000000
CR-C02-008-A0179,CR-C02-008,DS04,cerro_rojo,CAMPAIGN_02,356.000000000,358.000000000,2.000000000,0.184073025,0.000000000,0.000000000
CR-C02-008-A0180,CR-C02-008,DS04,cerro_rojo,CAMPAIGN_02,358.000000000,360.000000000,2.000000000,0.173779882,0.000000000,0.000000000
CR-C02-008-A0181,CR-C02-008,DS04,cerro_rojo,CAMPAIGN_02,360.000000000,362.000000000,2.000000000,0.188742162,0.000000000,0.000000000
CR-C02-008-A0182,CR-C02-008,DS04,cerro_rojo,CAMPAIGN_02,362.000000000,364.000000000,2.000000000,0.205561788,0.000000000,0.000000000
CR-C02-008-A0183,CR-C02-008,DS04,cerro_rojo,CAMPAIGN_02,364.000000000,366.000000000,2.000000000,0.187271342,0.000000000,0.000000000
CR-C02-008-A0184,CR-C02-008,DS04,cerro_rojo,CAMPAIGN_02,366.000000000,368.000000000,2.000000000,0.204361897,0.000000000,0.000000000
CR-C02-008-A0185,CR-C02-008,DS04,cerro_rojo,CAMPAIGN_02,368.000000000,370.000000000,2.000000000,0.200123931,0.000000000,0.000000000
CR-C02-008-A0186,CR-C02-008,DS04,cerro_rojo,CAMPAIGN_02,370.000000000,372.000000000,2.000000000,0.183191685,0.000000000,0.000000000
CR-C02-008-A0187,CR-C02-008,DS04,cerro_rojo,CAMPAIGN_02,372.000000000,374.000000000,2.000000000,0.200120248,0.000000000,0.000000000
CR-C02-008-A0188,CR-C02-008,DS04,cerro_rojo,CAMPAIGN_02,374.000000000,376.000000000,2.000000000,0.199516029,0.000000000,0.000000000
CR-C02-008-A0189,CR-C02-008,DS04,cerro_rojo,CAMPAIGN_02,376.000000000,378.000000000,2.000000000,0.212461905,0.000000000,0.000000000
CR-C02-008-A0190,CR-C02-008,DS04,cerro_rojo,CAMPAIGN_02,378.000000000,380.000000000,2.000000000,0.199716083,0.000000000,0.000000000
CR-C02-008-A0191,CR-C02-008,DS04,cerro_rojo,CAMPAIGN_02,380.000000000,382.000000000,2.000000000,0.218986740,0.000000000,0.000000000
CR-C02-008-A0192,CR-C02-008,DS04,cerro_rojo,CAMPAIGN_02,382.000000000,384.000000000,2.000000000,0.208891047,0.000000000,0.000000000
CR-C02-008-A0193,CR-C02-008,DS04,cerro_rojo,CAMPAIGN_02,384.000000000,386.000000000,2.000000000,0.207598176,0.000000000,0.000000000
CR-C02-008-A0194,CR-C02-008,DS04,cerro_rojo,CAMPAIGN_02,386.000000000,388.000000000,2.000000000,0.221055015,0.000000000,0.000000000
CR-C02-008-A0195,CR-C02-008,DS04,cerro_rojo,CAMPAIGN_02,388.000000000,390.000000000,2.000000000,0.223354994,0.000000000,0.000000000
CR-C02-008-A0196,CR-C02-008,DS04,cerro_rojo,CAMPAIGN_02,390.000000000,392.000000000,2.000000000,0.217716282,0.000000000,0.000000000
CR-C02-008-A0197,CR-C02-008,DS04,cerro_rojo,CAMPAIGN_02,392.000000000,394.000000000,2.000000000,0.221851618,0.000000000,0.000000000
CR-C02-008-A0198,CR-C02-008,DS04,cerro_rojo,CAMPAIGN_02,394.000000000,396.000000000,2.000000000,0.227533161,0.000000000,0.000000000
CR-C02-008-A0199,CR-C02-008,DS04,cerro_rojo,CAMPAIGN_02,396.000000000,398.000000000,2.000000000,0.222365115,0.000000000,0.000000000
CR-C02-008-A0200,CR-C02-008,DS04,cerro_rojo,CAMPAIGN_02,398.000000000,400.000000000,2.000000000,0.238206960,0.000000000,0.000000000
CR-C02-008-A0201,CR-C02-008,DS04,cerro_rojo,CAMPAIGN_02,400.000000000,402.000000000,2.000000000,0.252480289,0.000000000,0.000000000
CR-C02-008-A0202,CR-C02-008,DS04,cerro_rojo,CAMPAIGN_02,402.000000000,404.000000000,2.000000000,0.238866025,0.000000000,0.000000000
CR-C02-008-A0203,CR-C02-008,DS04,cerro_rojo,CAMPAIGN_02,404.000000000,406.000000000,2.000000000,0.221652147,0.000000000,0.000000000
CR-C02-008-A0204,CR-C02-008,DS04,cerro_rojo,CAMPAIGN_02,406.000000000,408.000000000,2.000000000,0.247091500,0.000000000,0.000000000
CR-C02-008-A0205,CR-C02-008,DS04,cerro_rojo,CAMPAIGN_02,408.000000000,410.000000000,2.000000000,0.231713668,0.000000000,0.000000000
CR-C02-008-A0206,CR-C02-008,DS04,cerro_rojo,CAMPAIGN_02,410.000000000,412.000000000,2.000000000,0.233730185,0.000000000,0.000000000
CR-C02-008-A0207,CR-C02-008,DS04,cerro_rojo,CAMPAIGN_02,412.000000000,414.000000000,2.000000000,0.243045728,0.000000000,0.000000000
CR-C02-008-A0208,CR-C02-008,DS04,cerro_rojo,CAMPAIGN_02,414.000000000,416.000000000,2.000000000,0.229305126,0.000000000,0.000000000
CR-C02-008-A0209,CR-C02-008,DS04,cerro_rojo,CAMPAIGN_02,416.000000000,418.000000000,2.000000000,0.243681131,0.000000000,0.000000000
CR-C02-008-A0210,CR-C02-008,DS04,cerro_rojo,CAMPAIGN_02,418.000000000,420.000000000,2.000000000,0.236207767,0.000000000,0.000000000
CR-C02-008-A0211,CR-C02-008,DS04,cerro_rojo,CAMPAIGN_02,420.000000000,422.000000000,2.000000000,0.233948022,0.000000000,0.000000000
CR-C02-008-A0212,CR-C02-008,DS04,cerro_rojo,CAMPAIGN_02,422.000000000,424.000000000,2.000000000,0.250207421,0.000000000,0.000000000
CR-C02-008-A0213,CR-C02-008,DS04,cerro_rojo,CAMPAIGN_02,424.000000000,426.000000000,2.000000000,0.257340890,0.000000000,0.000000000
CR-C02-008-A0214,CR-C02-008,DS04,cerro_rojo,CAMPAIGN_02,426.000000000,428.000000000,2.000000000,0.263112667,0.000000000,0.000000000
CR-C02-008-A0215,CR-C02-008,DS04,cerro_rojo,CAMPAIGN_02,428.000000000,429.977332648,1.977332648,0.246450208,0.000000000,0.000000000
CR-C02-009-A0001,CR-C02-009,DS04,cerro_rojo,CAMPAIGN_02,0.000000000,2.000000000,2.000000000,0.104074071,0.000000000,0.000000000
CR-C02-009-A0002,CR-C02-009,DS04,cerro_rojo,CAMPAIGN_02,2.000000000,4.000000000,2.000000000,0.103090813,0.000000000,0.000000000
CR-C02-009-A0003,CR-C02-009,DS04,cerro_rojo,CAMPAIGN_02,4.000000000,6.000000000,2.000000000,0.116851140,0.000000000,0.000000000
CR-C02-009-A0004,CR-C02-009,DS04,cerro_rojo,CAMPAIGN_02,6.000000000,8.000000000,2.000000000,0.110589338,0.000000000,0.000000000
CR-C02-009-A0005,CR-C02-009,DS04,cerro_rojo,CAMPAIGN_02,8.000000000,10.000000000,2.000000000,0.126938899,0.000000000,0.000000000
CR-C02-009-A0006,CR-C02-009,DS04,cerro_rojo,CAMPAIGN_02,10.000000000,12.000000000,2.000000000,0.114681246,0.000000000,0.000000000
CR-C02-009-A0007,CR-C02-009,DS04,cerro_rojo,CAMPAIGN_02,12.000000000,14.000000000,2.000000000,0.122518205,0.000000000,0.000000000
CR-C02-009-A0008,CR-C02-009,DS04,cerro_rojo,CAMPAIGN_02,14.000000000,16.000000000,2.000000000,0.122272122,0.000000000,0.000000000
CR-C02-009-A0009,CR-C02-009,DS04,cerro_rojo,CAMPAIGN_02,16.000000000,18.000000000,2.000000000,0.121185800,0.000000000,0.000000000
CR-C02-009-A0010,CR-C02-009,DS04,cerro_rojo,CAMPAIGN_02,18.000000000,20.000000000,2.000000000,0.134837781,0.000000000,0.000000000
CR-C02-009-A0011,CR-C02-009,DS04,cerro_rojo,CAMPAIGN_02,20.000000000,22.000000000,2.000000000,0.129556515,0.000000000,0.000000000
CR-C02-009-A0012,CR-C02-009,DS04,cerro_rojo,CAMPAIGN_02,22.000000000,24.000000000,2.000000000,0.146789709,0.000000000,0.000000000
CR-C02-009-A0013,CR-C02-009,DS04,cerro_rojo,CAMPAIGN_02,24.000000000,26.000000000,2.000000000,0.141785517,0.000000000,0.000000000
CR-C02-009-A0014,CR-C02-009,DS04,cerro_rojo,CAMPAIGN_02,26.000000000,28.000000000,2.000000000,0.156175392,0.000000000,0.000000000
CR-C02-009-A0015,CR-C02-009,DS04,cerro_rojo,CAMPAIGN_02,28.000000000,30.000000000,2.000000000,0.145938578,0.000000000,0.000000000
CR-C02-009-A0016,CR-C02-009,DS04,cerro_rojo,CAMPAIGN_02,30.000000000,32.000000000,2.000000000,0.150459484,0.000000000,0.000000000
CR-C02-009-A0017,CR-C02-009,DS04,cerro_rojo,CAMPAIGN_02,32.000000000,34.000000000,2.000000000,0.163954029,0.000000000,0.000000000
CR-C02-009-A0018,CR-C02-009,DS04,cerro_rojo,CAMPAIGN_02,34.000000000,36.000000000,2.000000000,0.171140240,0.000000000,0.000000000
CR-C02-009-A0019,CR-C02-009,DS04,cerro_rojo,CAMPAIGN_02,36.000000000,38.000000000,2.000000000,0.164061434,0.000000000,0.000000000
CR-C02-009-A0020,CR-C02-009,DS04,cerro_rojo,CAMPAIGN_02,38.000000000,40.000000000,2.000000000,0.173856574,0.000000000,0.000000000
CR-C02-009-A0021,CR-C02-009,DS04,cerro_rojo,CAMPAIGN_02,40.000000000,42.000000000,2.000000000,0.183285550,0.000000000,0.000000000
CR-C02-009-A0022,CR-C02-009,DS04,cerro_rojo,CAMPAIGN_02,42.000000000,44.000000000,2.000000000,0.186043862,0.000000000,0.000000000
CR-C02-009-A0023,CR-C02-009,DS04,cerro_rojo,CAMPAIGN_02,44.000000000,46.000000000,2.000000000,0.184082660,0.000000000,0.000000000
CR-C02-009-A0024,CR-C02-009,DS04,cerro_rojo,CAMPAIGN_02,46.000000000,48.000000000,2.000000000,0.196109069,0.000000000,0.000000000
CR-C02-009-A0025,CR-C02-009,DS04,cerro_rojo,CAMPAIGN_02,48.000000000,50.000000000,2.000000000,0.203764184,0.000000000,0.000000000
CR-C02-009-A0026,CR-C02-009,DS04,cerro_rojo,CAMPAIGN_02,50.000000000,52.000000000,2.000000000,0.210090318,0.000000000,0.000000000
CR-C02-009-A0027,CR-C02-009,DS04,cerro_rojo,CAMPAIGN_02,52.000000000,54.000000000,2.000000000,0.214482921,0.000000000,0.000000000
CR-C02-009-A0028,CR-C02-009,DS04,cerro_rojo,CAMPAIGN_02,54.000000000,56.000000000,2.000000000,0.219570946,0.000000000,0.000000000
CR-C02-009-A0029,CR-C02-009,DS04,cerro_rojo,CAMPAIGN_02,56.000000000,58.000000000,2.000000000,0.214251980,0.000000000,0.000000000
CR-C02-009-A0030,CR-C02-009,DS04,cerro_rojo,CAMPAIGN_02,58.000000000,60.000000000,2.000000000,0.226552312,0.000000000,0.000000000
CR-C02-009-A0031,CR-C02-009,DS04,cerro_rojo,CAMPAIGN_02,60.000000000,62.000000000,2.000000000,0.228831286,0.000000000,0.000000000
CR-C02-009-A0032,CR-C02-009,DS04,cerro_rojo,CAMPAIGN_02,62.000000000,64.000000000,2.000000000,0.241879303,0.000000000,0.000000000
CR-C02-009-A0033,CR-C02-009,DS04,cerro_rojo,CAMPAIGN_02,64.000000000,66.000000000,2.000000000,0.255055817,0.000000000,0.000000000
CR-C02-009-A0034,CR-C02-009,DS04,cerro_rojo,CAMPAIGN_02,66.000000000,68.000000000,2.000000000,0.250047244,0.000000000,0.000000000
CR-C02-009-A0035,CR-C02-009,DS04,cerro_rojo,CAMPAIGN_02,68.000000000,70.000000000,2.000000000,0.261024533,0.000000000,0.000000000
CR-C02-009-A0036,CR-C02-009,DS04,cerro_rojo,CAMPAIGN_02,70.000000000,72.000000000,2.000000000,0.247696342,0.000000000,0.000000000
CR-C02-009-A0037,CR-C02-009,DS04,cerro_rojo,CAMPAIGN_02,72.000000000,74.000000000,2.000000000,0.275660848,0.000000000,0.000000000
CR-C02-009-A0038,CR-C02-009,DS04,cerro_rojo,CAMPAIGN_02,74.000000000,76.000000000,2.000000000,0.258388296,0.000000000,0.000000000
CR-C02-009-A0039,CR-C02-009,DS04,cerro_rojo,CAMPAIGN_02,76.000000000,78.000000000,2.000000000,0.291083581,0.000000000,0.000000000
CR-C02-009-A0040,CR-C02-009,DS04,cerro_rojo,CAMPAIGN_02,78.000000000,80.000000000,2.000000000,0.271120039,0.000000000,0.000000000
CR-C02-009-A0041,CR-C02-009,DS04,cerro_rojo,CAMPAIGN_02,80.000000000,82.000000000,2.000000000,0.288547570,0.000000000,0.000000000
CR-C02-009-A0042,CR-C02-009,DS04,cerro_rojo,CAMPAIGN_02,82.000000000,84.000000000,2.000000000,0.299346694,0.000000000,0.000000000
CR-C02-009-A0043,CR-C02-009,DS04,cerro_rojo,CAMPAIGN_02,84.000000000,86.000000000,2.000000000,0.311065762,0.000000000,0.000000000
CR-C02-009-A0044,CR-C02-009,DS04,cerro_rojo,CAMPAIGN_02,86.000000000,88.000000000,2.000000000,0.317342332,0.000000000,0.000000000
CR-C02-009-A0045,CR-C02-009,DS04,cerro_rojo,CAMPAIGN_02,88.000000000,90.000000000,2.000000000,0.305136480,0.000000000,0.000000000
CR-C02-009-A0046,CR-C02-009,DS04,cerro_rojo,CAMPAIGN_02,90.000000000,92.000000000,2.000000000,0.341006961,0.000000000,0.000000000
CR-C02-009-A0047,CR-C02-009,DS04,cerro_rojo,CAMPAIGN_02,92.000000000,94.000000000,2.000000000,0.333211100,0.000000000,0.000000000
CR-C02-009-A0048,CR-C02-009,DS04,cerro_rojo,CAMPAIGN_02,94.000000000,96.000000000,2.000000000,0.330162032,0.000000000,0.000000000
CR-C02-009-A0049,CR-C02-009,DS04,cerro_rojo,CAMPAIGN_02,96.000000000,98.000000000,2.000000000,0.343037432,0.000000000,0.000000000
CR-C02-009-A0050,CR-C02-009,DS04,cerro_rojo,CAMPAIGN_02,98.000000000,100.000000000,2.000000000,0.331508193,0.000000000,0.000000000
CR-C02-009-A0051,CR-C02-009,DS04,cerro_rojo,CAMPAIGN_02,100.000000000,102.000000000,2.000000000,0.364567806,0.000000000,0.000000000
CR-C02-009-A0052,CR-C02-009,DS04,cerro_rojo,CAMPAIGN_02,102.000000000,104.000000000,2.000000000,0.360120342,0.000000000,0.000000000
CR-C02-009-A0053,CR-C02-009,DS04,cerro_rojo,CAMPAIGN_02,104.000000000,106.000000000,2.000000000,0.371856924,0.000000000,0.000000000
CR-C02-009-A0054,CR-C02-009,DS04,cerro_rojo,CAMPAIGN_02,106.000000000,108.000000000,2.000000000,0.368909992,0.000000000,0.000000000
CR-C02-009-A0055,CR-C02-009,DS04,cerro_rojo,CAMPAIGN_02,108.000000000,110.000000000,2.000000000,0.366235952,0.000000000,0.000000000
CR-C02-009-A0056,CR-C02-009,DS04,cerro_rojo,CAMPAIGN_02,110.000000000,112.000000000,2.000000000,0.388045073,0.000000000,0.000000000
CR-C02-009-A0057,CR-C02-009,DS04,cerro_rojo,CAMPAIGN_02,112.000000000,114.000000000,2.000000000,0.385764430,0.000000000,0.000000000
CR-C02-009-A0058,CR-C02-009,DS04,cerro_rojo,CAMPAIGN_02,114.000000000,116.000000000,2.000000000,0.402404224,0.000000000,0.000000000
CR-C02-009-A0059,CR-C02-009,DS04,cerro_rojo,CAMPAIGN_02,116.000000000,118.000000000,2.000000000,0.427240818,0.000000000,0.000000000
CR-C02-009-A0060,CR-C02-009,DS04,cerro_rojo,CAMPAIGN_02,118.000000000,120.000000000,2.000000000,0.395214376,0.000000000,0.000000000
CR-C02-009-A0061,CR-C02-009,DS04,cerro_rojo,CAMPAIGN_02,120.000000000,122.000000000,2.000000000,0.404290625,0.000000000,0.000000000
CR-C02-009-A0062,CR-C02-009,DS04,cerro_rojo,CAMPAIGN_02,122.000000000,124.000000000,2.000000000,0.434611267,0.000000000,0.000000000
CR-C02-009-A0063,CR-C02-009,DS04,cerro_rojo,CAMPAIGN_02,124.000000000,126.000000000,2.000000000,0.428845390,0.000000000,0.000000000
CR-C02-009-A0064,CR-C02-009,DS04,cerro_rojo,CAMPAIGN_02,126.000000000,128.000000000,2.000000000,0.417651182,0.000000000,0.000000000
CR-C02-009-A0065,CR-C02-009,DS04,cerro_rojo,CAMPAIGN_02,128.000000000,130.000000000,2.000000000,0.446132058,0.000000000,0.000000000
CR-C02-009-A0066,CR-C02-009,DS04,cerro_rojo,CAMPAIGN_02,130.000000000,132.000000000,2.000000000,0.435478498,0.000000000,0.000000000
CR-C02-009-A0067,CR-C02-009,DS04,cerro_rojo,CAMPAIGN_02,132.000000000,134.000000000,2.000000000,0.401151043,0.000000000,0.000000000
CR-C02-009-A0068,CR-C02-009,DS04,cerro_rojo,CAMPAIGN_02,134.000000000,136.000000000,2.000000000,0.441895184,0.000000000,0.000000000
CR-C02-009-A0069,CR-C02-009,DS04,cerro_rojo,CAMPAIGN_02,136.000000000,138.000000000,2.000000000,0.439334105,0.000000000,0.000000000
CR-C02-009-A0070,CR-C02-009,DS04,cerro_rojo,CAMPAIGN_02,138.000000000,140.000000000,2.000000000,0.464859031,0.000000000,0.000000000
CR-C02-009-A0071,CR-C02-009,DS04,cerro_rojo,CAMPAIGN_02,140.000000000,142.000000000,2.000000000,0.493670415,0.000000000,0.000000000
CR-C02-009-A0072,CR-C02-009,DS04,cerro_rojo,CAMPAIGN_02,142.000000000,144.000000000,2.000000000,0.478201616,0.000000000,0.000000000
CR-C02-009-A0073,CR-C02-009,DS04,cerro_rojo,CAMPAIGN_02,144.000000000,146.000000000,2.000000000,0.460896402,0.000000000,0.000000000
CR-C02-009-A0074,CR-C02-009,DS04,cerro_rojo,CAMPAIGN_02,146.000000000,148.000000000,2.000000000,0.482512939,0.000000000,0.000000000
CR-C02-009-A0075,CR-C02-009,DS04,cerro_rojo,CAMPAIGN_02,148.000000000,150.000000000,2.000000000,0.470660238,0.000000000,0.000000000
CR-C02-009-A0076,CR-C02-009,DS04,cerro_rojo,CAMPAIGN_02,150.000000000,152.000000000,2.000000000,0.509519139,0.000000000,0.000000000
CR-C02-009-A0077,CR-C02-009,DS04,cerro_rojo,CAMPAIGN_02,152.000000000,154.000000000,2.000000000,0.483212645,0.000000000,0.000000000
CR-C02-009-A0078,CR-C02-009,DS04,cerro_rojo,CAMPAIGN_02,154.000000000,156.000000000,2.000000000,0.459472939,0.000000000,0.000000000
CR-C02-009-A0079,CR-C02-009,DS04,cerro_rojo,CAMPAIGN_02,156.000000000,158.000000000,2.000000000,0.470232930,0.000000000,0.000000000
CR-C02-009-A0080,CR-C02-009,DS04,cerro_rojo,CAMPAIGN_02,158.000000000,160.000000000,2.000000000,0.478293087,0.000000000,0.000000000
CR-C02-009-A0081,CR-C02-009,DS04,cerro_rojo,CAMPAIGN_02,160.000000000,162.000000000,2.000000000,0.514031733,0.000000000,0.000000000
CR-C02-009-A0082,CR-C02-009,DS04,cerro_rojo,CAMPAIGN_02,162.000000000,164.000000000,2.000000000,0.529020672,0.000000000,0.000000000
CR-C02-009-A0083,CR-C02-009,DS04,cerro_rojo,CAMPAIGN_02,164.000000000,166.000000000,2.000000000,0.502364574,0.000000000,0.000000000
CR-C02-009-A0084,CR-C02-009,DS04,cerro_rojo,CAMPAIGN_02,166.000000000,168.000000000,2.000000000,0.494945579,0.000000000,0.000000000
CR-C02-009-A0085,CR-C02-009,DS04,cerro_rojo,CAMPAIGN_02,168.000000000,170.000000000,2.000000000,0.492055509,0.000000000,0.000000000
CR-C02-009-A0086,CR-C02-009,DS04,cerro_rojo,CAMPAIGN_02,170.000000000,172.000000000,2.000000000,0.529266292,0.000000000,0.000000000
CR-C02-009-A0087,CR-C02-009,DS04,cerro_rojo,CAMPAIGN_02,172.000000000,174.000000000,2.000000000,0.496609359,0.000000000,0.000000000
CR-C02-009-A0088,CR-C02-009,DS04,cerro_rojo,CAMPAIGN_02,174.000000000,176.000000000,2.000000000,0.536546092,0.000000000,0.000000000
CR-C02-009-A0089,CR-C02-009,DS04,cerro_rojo,CAMPAIGN_02,176.000000000,178.000000000,2.000000000,0.536952080,0.000000000,0.000000000
CR-C02-009-A0090,CR-C02-009,DS04,cerro_rojo,CAMPAIGN_02,178.000000000,180.000000000,2.000000000,0.559035900,0.000000000,0.000000000
CR-C02-009-A0091,CR-C02-009,DS04,cerro_rojo,CAMPAIGN_02,180.000000000,182.000000000,2.000000000,0.526454068,0.000000000,0.000000000
CR-C02-009-A0092,CR-C02-009,DS04,cerro_rojo,CAMPAIGN_02,182.000000000,184.000000000,2.000000000,0.574464216,0.000000000,0.000000000
CR-C02-009-A0093,CR-C02-009,DS04,cerro_rojo,CAMPAIGN_02,184.000000000,186.000000000,2.000000000,0.524149355,0.000000000,0.000000000
CR-C02-009-A0094,CR-C02-009,DS04,cerro_rojo,CAMPAIGN_02,186.000000000,188.000000000,2.000000000,0.552115938,0.000000000,0.000000000
CR-C02-009-A0095,CR-C02-009,DS04,cerro_rojo,CAMPAIGN_02,188.000000000,190.000000000,2.000000000,0.558447179,0.000000000,0.000000000
CR-C02-009-A0096,CR-C02-009,DS04,cerro_rojo,CAMPAIGN_02,190.000000000,192.000000000,2.000000000,0.574498300,0.000000000,0.000000000
CR-C02-009-A0097,CR-C02-009,DS04,cerro_rojo,CAMPAIGN_02,192.000000000,194.000000000,2.000000000,0.522037381,0.000000000,0.000000000
CR-C02-009-A0098,CR-C02-009,DS04,cerro_rojo,CAMPAIGN_02,194.000000000,196.000000000,2.000000000,0.585973265,0.000000000,0.000000000
CR-C02-009-A0099,CR-C02-009,DS04,cerro_rojo,CAMPAIGN_02,196.000000000,198.000000000,2.000000000,0.546147788,0.000000000,0.000000000
CR-C02-009-A0100,CR-C02-009,DS04,cerro_rojo,CAMPAIGN_02,198.000000000,200.000000000,2.000000000,0.576584155,0.000000000,0.000000000
CR-C02-009-A0101,CR-C02-009,DS04,cerro_rojo,CAMPAIGN_02,200.000000000,202.000000000,2.000000000,0.567498793,0.000000000,0.000000000
CR-C02-009-A0102,CR-C02-009,DS04,cerro_rojo,CAMPAIGN_02,202.000000000,204.000000000,2.000000000,0.569903514,0.000000000,0.000000000
CR-C02-009-A0103,CR-C02-009,DS04,cerro_rojo,CAMPAIGN_02,204.000000000,206.000000000,2.000000000,0.546403221,0.000000000,0.000000000
CR-C02-009-A0104,CR-C02-009,DS04,cerro_rojo,CAMPAIGN_02,206.000000000,208.000000000,2.000000000,0.597957919,0.000000000,0.000000000
CR-C02-009-A0105,CR-C02-009,DS04,cerro_rojo,CAMPAIGN_02,208.000000000,210.000000000,2.000000000,0.590564957,0.000000000,0.000000000
CR-C02-009-A0106,CR-C02-009,DS04,cerro_rojo,CAMPAIGN_02,210.000000000,212.000000000,2.000000000,0.559297291,0.000000000,0.000000000
CR-C02-009-A0107,CR-C02-009,DS04,cerro_rojo,CAMPAIGN_02,212.000000000,214.000000000,2.000000000,0.594431660,0.000000000,0.000000000
CR-C02-009-A0108,CR-C02-009,DS04,cerro_rojo,CAMPAIGN_02,214.000000000,216.000000000,2.000000000,0.543836644,0.000000000,0.000000000
CR-C02-009-A0109,CR-C02-009,DS04,cerro_rojo,CAMPAIGN_02,216.000000000,218.000000000,2.000000000,0.561550713,0.000000000,0.000000000
CR-C02-009-A0110,CR-C02-009,DS04,cerro_rojo,CAMPAIGN_02,218.000000000,220.000000000,2.000000000,0.571168249,0.000000000,0.000000000
CR-C02-009-A0111,CR-C02-009,DS04,cerro_rojo,CAMPAIGN_02,220.000000000,222.000000000,2.000000000,0.563199289,0.000000000,0.000000000
CR-C02-009-A0112,CR-C02-009,DS04,cerro_rojo,CAMPAIGN_02,222.000000000,224.000000000,2.000000000,0.570546727,0.000000000,0.000000000
CR-C02-009-A0113,CR-C02-009,DS04,cerro_rojo,CAMPAIGN_02,224.000000000,226.000000000,2.000000000,0.547369182,0.000000000,0.000000000
CR-C02-009-A0114,CR-C02-009,DS04,cerro_rojo,CAMPAIGN_02,226.000000000,228.000000000,2.000000000,0.602887548,0.000000000,0.000000000
CR-C02-009-A0115,CR-C02-009,DS04,cerro_rojo,CAMPAIGN_02,228.000000000,230.000000000,2.000000000,0.557060110,0.000000000,0.000000000
CR-C02-009-A0116,CR-C02-009,DS04,cerro_rojo,CAMPAIGN_02,230.000000000,232.000000000,2.000000000,0.542400161,0.000000000,0.000000000
CR-C02-009-A0117,CR-C02-009,DS04,cerro_rojo,CAMPAIGN_02,232.000000000,232.685114740,0.685114740,0.548565627,0.000000000,0.000000000
CR-C02-010-A0001,CR-C02-010,DS04,cerro_rojo,CAMPAIGN_02,0.000000000,2.000000000,2.000000000,0.184206695,0.000000000,0.000000000
CR-C02-010-A0002,CR-C02-010,DS04,cerro_rojo,CAMPAIGN_02,2.000000000,4.000000000,2.000000000,0.171644864,0.000000000,0.000000000
CR-C02-010-A0003,CR-C02-010,DS04,cerro_rojo,CAMPAIGN_02,4.000000000,6.000000000,2.000000000,0.183356888,0.000000000,0.000000000
CR-C02-010-A0004,CR-C02-010,DS04,cerro_rojo,CAMPAIGN_02,6.000000000,8.000000000,2.000000000,0.203687233,0.000000000,0.000000000
CR-C02-010-A0005,CR-C02-010,DS04,cerro_rojo,CAMPAIGN_02,8.000000000,10.000000000,2.000000000,0.194693942,0.000000000,0.000000000
CR-C02-010-A0006,CR-C02-010,DS04,cerro_rojo,CAMPAIGN_02,10.000000000,12.000000000,2.000000000,0.210735112,0.000000000,0.000000000
CR-C02-010-A0007,CR-C02-010,DS04,cerro_rojo,CAMPAIGN_02,12.000000000,14.000000000,2.000000000,0.199055294,0.000000000,0.000000000
CR-C02-010-A0008,CR-C02-010,DS04,cerro_rojo,CAMPAIGN_02,14.000000000,16.000000000,2.000000000,0.219024058,0.000000000,0.000000000
CR-C02-010-A0009,CR-C02-010,DS04,cerro_rojo,CAMPAIGN_02,16.000000000,18.000000000,2.000000000,0.228267227,0.000000000,0.000000000
CR-C02-010-A0010,CR-C02-010,DS04,cerro_rojo,CAMPAIGN_02,18.000000000,20.000000000,2.000000000,0.217324918,0.000000000,0.000000000
CR-C02-010-A0011,CR-C02-010,DS04,cerro_rojo,CAMPAIGN_02,20.000000000,22.000000000,2.000000000,0.241250238,0.000000000,0.000000000
CR-C02-010-A0012,CR-C02-010,DS04,cerro_rojo,CAMPAIGN_02,22.000000000,24.000000000,2.000000000,0.240694404,0.000000000,0.000000000
CR-C02-010-A0013,CR-C02-010,DS04,cerro_rojo,CAMPAIGN_02,24.000000000,26.000000000,2.000000000,0.267073631,0.000000000,0.000000000
CR-C02-010-A0014,CR-C02-010,DS04,cerro_rojo,CAMPAIGN_02,26.000000000,28.000000000,2.000000000,0.252092918,0.000000000,0.000000000
CR-C02-010-A0015,CR-C02-010,DS04,cerro_rojo,CAMPAIGN_02,28.000000000,30.000000000,2.000000000,0.268742668,0.000000000,0.000000000
CR-C02-010-A0016,CR-C02-010,DS04,cerro_rojo,CAMPAIGN_02,30.000000000,32.000000000,2.000000000,0.278100957,0.000000000,0.000000000
CR-C02-010-A0017,CR-C02-010,DS04,cerro_rojo,CAMPAIGN_02,32.000000000,34.000000000,2.000000000,0.266123937,0.000000000,0.000000000
CR-C02-010-A0018,CR-C02-010,DS04,cerro_rojo,CAMPAIGN_02,34.000000000,36.000000000,2.000000000,0.285377599,0.000000000,0.000000000
CR-C02-010-A0019,CR-C02-010,DS04,cerro_rojo,CAMPAIGN_02,36.000000000,38.000000000,2.000000000,0.291518324,0.000000000,0.000000000
CR-C02-010-A0020,CR-C02-010,DS04,cerro_rojo,CAMPAIGN_02,38.000000000,40.000000000,2.000000000,0.290462270,0.000000000,0.000000000
CR-C02-010-A0021,CR-C02-010,DS04,cerro_rojo,CAMPAIGN_02,40.000000000,42.000000000,2.000000000,0.295088609,0.000000000,0.000000000
CR-C02-010-A0022,CR-C02-010,DS04,cerro_rojo,CAMPAIGN_02,42.000000000,44.000000000,2.000000000,0.282321834,0.000000000,0.000000000
CR-C02-010-A0023,CR-C02-010,DS04,cerro_rojo,CAMPAIGN_02,44.000000000,46.000000000,2.000000000,0.318863586,0.000000000,0.000000000
CR-C02-010-A0024,CR-C02-010,DS04,cerro_rojo,CAMPAIGN_02,46.000000000,48.000000000,2.000000000,0.332680083,0.000000000,0.000000000
CR-C02-010-A0025,CR-C02-010,DS04,cerro_rojo,CAMPAIGN_02,48.000000000,50.000000000,2.000000000,0.316328938,0.000000000,0.000000000
CR-C02-010-A0026,CR-C02-010,DS04,cerro_rojo,CAMPAIGN_02,50.000000000,52.000000000,2.000000000,0.344954252,0.000000000,0.000000000
CR-C02-010-A0027,CR-C02-010,DS04,cerro_rojo,CAMPAIGN_02,52.000000000,54.000000000,2.000000000,0.353006500,0.000000000,0.000000000
CR-C02-010-A0028,CR-C02-010,DS04,cerro_rojo,CAMPAIGN_02,54.000000000,56.000000000,2.000000000,0.340957230,0.000000000,0.000000000
CR-C02-010-A0029,CR-C02-010,DS04,cerro_rojo,CAMPAIGN_02,56.000000000,58.000000000,2.000000000,0.368810857,0.000000000,0.000000000
CR-C02-010-A0030,CR-C02-010,DS04,cerro_rojo,CAMPAIGN_02,58.000000000,60.000000000,2.000000000,0.381948244,0.000000000,0.000000000
CR-C02-010-A0031,CR-C02-010,DS04,cerro_rojo,CAMPAIGN_02,60.000000000,62.000000000,2.000000000,0.408584200,0.000000000,0.000000000
CR-C02-010-A0032,CR-C02-010,DS04,cerro_rojo,CAMPAIGN_02,62.000000000,64.000000000,2.000000000,0.416237565,0.000000000,0.000000000
CR-C02-010-A0033,CR-C02-010,DS04,cerro_rojo,CAMPAIGN_02,64.000000000,66.000000000,2.000000000,0.421219037,0.000000000,0.000000000
CR-C02-010-A0034,CR-C02-010,DS04,cerro_rojo,CAMPAIGN_02,66.000000000,68.000000000,2.000000000,0.424716118,0.000000000,0.000000000
CR-C02-010-A0035,CR-C02-010,DS04,cerro_rojo,CAMPAIGN_02,68.000000000,70.000000000,2.000000000,0.430273793,0.000000000,0.000000000
CR-C02-010-A0036,CR-C02-010,DS04,cerro_rojo,CAMPAIGN_02,70.000000000,72.000000000,2.000000000,0.440465077,0.000000000,0.000000000
CR-C02-010-A0037,CR-C02-010,DS04,cerro_rojo,CAMPAIGN_02,72.000000000,74.000000000,2.000000000,0.445869352,0.000000000,0.000000000
CR-C02-010-A0038,CR-C02-010,DS04,cerro_rojo,CAMPAIGN_02,74.000000000,76.000000000,2.000000000,0.455276540,0.000000000,0.000000000
CR-C02-010-A0039,CR-C02-010,DS04,cerro_rojo,CAMPAIGN_02,76.000000000,78.000000000,2.000000000,0.450344715,0.000000000,0.000000000
CR-C02-010-A0040,CR-C02-010,DS04,cerro_rojo,CAMPAIGN_02,78.000000000,80.000000000,2.000000000,0.465307957,0.000000000,0.000000000
CR-C02-010-A0041,CR-C02-010,DS04,cerro_rojo,CAMPAIGN_02,80.000000000,82.000000000,2.000000000,0.463993682,0.000000000,0.000000000
CR-C02-010-A0042,CR-C02-010,DS04,cerro_rojo,CAMPAIGN_02,82.000000000,84.000000000,2.000000000,0.500589613,0.000000000,0.000000000
CR-C02-010-A0043,CR-C02-010,DS04,cerro_rojo,CAMPAIGN_02,84.000000000,86.000000000,2.000000000,0.426492880,0.000000000,0.000000000
CR-C02-010-A0044,CR-C02-010,DS04,cerro_rojo,CAMPAIGN_02,86.000000000,88.000000000,2.000000000,0.503193185,0.000000000,0.000000000
CR-C02-010-A0045,CR-C02-010,DS04,cerro_rojo,CAMPAIGN_02,88.000000000,90.000000000,2.000000000,0.514920329,0.000000000,0.000000000
CR-C02-010-A0046,CR-C02-010,DS04,cerro_rojo,CAMPAIGN_02,90.000000000,92.000000000,2.000000000,0.480558806,0.000000000,0.000000000
CR-C02-010-A0047,CR-C02-010,DS04,cerro_rojo,CAMPAIGN_02,92.000000000,94.000000000,2.000000000,0.524212902,0.000000000,0.000000000
CR-C02-010-A0048,CR-C02-010,DS04,cerro_rojo,CAMPAIGN_02,94.000000000,96.000000000,2.000000000,0.533597901,0.000000000,0.000000000
CR-C02-010-A0049,CR-C02-010,DS04,cerro_rojo,CAMPAIGN_02,96.000000000,98.000000000,2.000000000,0.548919677,0.000000000,0.000000000
CR-C02-010-A0050,CR-C02-010,DS04,cerro_rojo,CAMPAIGN_02,98.000000000,100.000000000,2.000000000,0.530876927,0.000000000,0.000000000
CR-C02-010-A0051,CR-C02-010,DS04,cerro_rojo,CAMPAIGN_02,100.000000000,102.000000000,2.000000000,0.526371202,0.000000000,0.000000000
CR-C02-010-A0052,CR-C02-010,DS04,cerro_rojo,CAMPAIGN_02,102.000000000,104.000000000,2.000000000,0.514013052,0.000000000,0.000000000
CR-C02-010-A0053,CR-C02-010,DS04,cerro_rojo,CAMPAIGN_02,104.000000000,106.000000000,2.000000000,0.579328634,0.000000000,0.000000000
CR-C02-010-A0054,CR-C02-010,DS04,cerro_rojo,CAMPAIGN_02,106.000000000,108.000000000,2.000000000,0.588805672,0.000000000,0.000000000
CR-C02-010-A0055,CR-C02-010,DS04,cerro_rojo,CAMPAIGN_02,108.000000000,110.000000000,2.000000000,0.581854993,0.000000000,0.000000000
CR-C02-010-A0056,CR-C02-010,DS04,cerro_rojo,CAMPAIGN_02,110.000000000,112.000000000,2.000000000,0.566979863,0.000000000,0.000000000
CR-C02-010-A0057,CR-C02-010,DS04,cerro_rojo,CAMPAIGN_02,112.000000000,114.000000000,2.000000000,0.525111998,0.000000000,0.000000000
CR-C02-010-A0058,CR-C02-010,DS04,cerro_rojo,CAMPAIGN_02,114.000000000,116.000000000,2.000000000,0.635349609,0.000000000,0.000000000
CR-C02-010-A0059,CR-C02-010,DS04,cerro_rojo,CAMPAIGN_02,116.000000000,118.000000000,2.000000000,0.659943643,0.000000000,0.000000000
CR-C02-010-A0060,CR-C02-010,DS04,cerro_rojo,CAMPAIGN_02,118.000000000,120.000000000,2.000000000,0.644547649,0.000000000,0.000000000
CR-C02-010-A0061,CR-C02-010,DS04,cerro_rojo,CAMPAIGN_02,120.000000000,122.000000000,2.000000000,0.635051170,0.000000000,0.000000000
CR-C02-010-A0062,CR-C02-010,DS04,cerro_rojo,CAMPAIGN_02,122.000000000,124.000000000,2.000000000,0.653010056,0.000000000,0.000000000
CR-C02-010-A0063,CR-C02-010,DS04,cerro_rojo,CAMPAIGN_02,124.000000000,126.000000000,2.000000000,0.625281250,0.000000000,0.000000000
CR-C02-010-A0064,CR-C02-010,DS04,cerro_rojo,CAMPAIGN_02,126.000000000,128.000000000,2.000000000,0.673258140,0.000000000,0.000000000
CR-C02-010-A0065,CR-C02-010,DS04,cerro_rojo,CAMPAIGN_02,128.000000000,130.000000000,2.000000000,0.674985389,0.000000000,0.000000000
CR-C02-010-A0066,CR-C02-010,DS04,cerro_rojo,CAMPAIGN_02,130.000000000,132.000000000,2.000000000,0.671944872,0.000000000,0.000000000
CR-C02-010-A0067,CR-C02-010,DS04,cerro_rojo,CAMPAIGN_02,132.000000000,134.000000000,2.000000000,0.664997051,0.000000000,0.000000000
CR-C02-010-A0068,CR-C02-010,DS04,cerro_rojo,CAMPAIGN_02,134.000000000,136.000000000,2.000000000,0.677445329,0.000000000,0.000000000
CR-C02-010-A0069,CR-C02-010,DS04,cerro_rojo,CAMPAIGN_02,136.000000000,138.000000000,2.000000000,0.692761087,0.000000000,0.000000000
CR-C02-010-A0070,CR-C02-010,DS04,cerro_rojo,CAMPAIGN_02,138.000000000,140.000000000,2.000000000,0.679254291,0.000000000,0.000000000
CR-C02-010-A0071,CR-C02-010,DS04,cerro_rojo,CAMPAIGN_02,140.000000000,142.000000000,2.000000000,0.701230319,0.000000000,0.000000000
CR-C02-010-A0072,CR-C02-010,DS04,cerro_rojo,CAMPAIGN_02,142.000000000,144.000000000,2.000000000,0.752252862,0.000000000,0.000000000
CR-C02-010-A0073,CR-C02-010,DS04,cerro_rojo,CAMPAIGN_02,144.000000000,146.000000000,2.000000000,0.681507707,0.000000000,0.000000000
CR-C02-010-A0074,CR-C02-010,DS04,cerro_rojo,CAMPAIGN_02,146.000000000,148.000000000,2.000000000,0.689790712,0.000000000,0.000000000
CR-C02-010-A0075,CR-C02-010,DS04,cerro_rojo,CAMPAIGN_02,148.000000000,150.000000000,2.000000000,0.746197488,0.000000000,0.000000000
CR-C02-010-A0076,CR-C02-010,DS04,cerro_rojo,CAMPAIGN_02,150.000000000,152.000000000,2.000000000,0.740485682,0.000000000,0.000000000
CR-C02-010-A0077,CR-C02-010,DS04,cerro_rojo,CAMPAIGN_02,152.000000000,154.000000000,2.000000000,0.744501404,0.000000000,0.000000000
CR-C02-010-A0078,CR-C02-010,DS04,cerro_rojo,CAMPAIGN_02,154.000000000,156.000000000,2.000000000,0.753598348,0.000000000,0.000000000
CR-C02-010-A0079,CR-C02-010,DS04,cerro_rojo,CAMPAIGN_02,156.000000000,158.000000000,2.000000000,0.727610140,0.000000000,0.000000000
CR-C02-010-A0080,CR-C02-010,DS04,cerro_rojo,CAMPAIGN_02,158.000000000,160.000000000,2.000000000,0.833889628,0.000000000,0.000000000
CR-C02-010-A0081,CR-C02-010,DS04,cerro_rojo,CAMPAIGN_02,160.000000000,162.000000000,2.000000000,0.743348398,0.000000000,0.000000000
CR-C02-010-A0082,CR-C02-010,DS04,cerro_rojo,CAMPAIGN_02,162.000000000,164.000000000,2.000000000,0.843624002,0.000000000,0.000000000
CR-C02-010-A0083,CR-C02-010,DS04,cerro_rojo,CAMPAIGN_02,164.000000000,166.000000000,2.000000000,0.736978844,0.000000000,0.000000000
CR-C02-010-A0084,CR-C02-010,DS04,cerro_rojo,CAMPAIGN_02,166.000000000,168.000000000,2.000000000,0.780863862,0.000000000,0.000000000
CR-C02-010-A0085,CR-C02-010,DS04,cerro_rojo,CAMPAIGN_02,168.000000000,170.000000000,2.000000000,0.757151063,0.000000000,0.000000000
CR-C02-010-A0086,CR-C02-010,DS04,cerro_rojo,CAMPAIGN_02,170.000000000,172.000000000,2.000000000,0.780444593,0.000000000,0.000000000
CR-C02-010-A0087,CR-C02-010,DS04,cerro_rojo,CAMPAIGN_02,172.000000000,174.000000000,2.000000000,0.779197229,0.000000000,0.000000000
CR-C02-010-A0088,CR-C02-010,DS04,cerro_rojo,CAMPAIGN_02,174.000000000,176.000000000,2.000000000,0.740534653,0.000000000,0.000000000
CR-C02-010-A0089,CR-C02-010,DS04,cerro_rojo,CAMPAIGN_02,176.000000000,178.000000000,2.000000000,0.793656655,0.000000000,0.000000000
CR-C02-010-A0090,CR-C02-010,DS04,cerro_rojo,CAMPAIGN_02,178.000000000,180.000000000,2.000000000,0.786699977,0.000000000,0.000000000
CR-C02-010-A0091,CR-C02-010,DS04,cerro_rojo,CAMPAIGN_02,180.000000000,182.000000000,2.000000000,0.766383137,0.000000000,0.000000000
CR-C02-010-A0092,CR-C02-010,DS04,cerro_rojo,CAMPAIGN_02,182.000000000,184.000000000,2.000000000,0.802252847,0.000000000,0.000000000
CR-C02-010-A0093,CR-C02-010,DS04,cerro_rojo,CAMPAIGN_02,184.000000000,186.000000000,2.000000000,0.828894272,0.000000000,0.000000000
CR-C02-010-A0094,CR-C02-010,DS04,cerro_rojo,CAMPAIGN_02,186.000000000,188.000000000,2.000000000,0.782814843,0.000000000,0.000000000
CR-C02-010-A0095,CR-C02-010,DS04,cerro_rojo,CAMPAIGN_02,188.000000000,190.000000000,2.000000000,0.816088385,0.000000000,0.000000000
CR-C02-010-A0096,CR-C02-010,DS04,cerro_rojo,CAMPAIGN_02,190.000000000,192.000000000,2.000000000,0.780001354,0.000000000,0.000000000
CR-C02-010-A0097,CR-C02-010,DS04,cerro_rojo,CAMPAIGN_02,192.000000000,194.000000000,2.000000000,0.777259450,0.000000000,0.000000000
CR-C02-010-A0098,CR-C02-010,DS04,cerro_rojo,CAMPAIGN_02,194.000000000,196.000000000,2.000000000,0.768692464,0.000000000,0.000000000
CR-C02-010-A0099,CR-C02-010,DS04,cerro_rojo,CAMPAIGN_02,196.000000000,198.000000000,2.000000000,0.771200114,0.000000000,0.000000000
CR-C02-010-A0100,CR-C02-010,DS04,cerro_rojo,CAMPAIGN_02,198.000000000,200.000000000,2.000000000,0.810930647,0.000000000,0.000000000
CR-C02-010-A0101,CR-C02-010,DS04,cerro_rojo,CAMPAIGN_02,200.000000000,202.000000000,2.000000000,0.822039255,0.000000000,0.000000000
CR-C02-010-A0102,CR-C02-010,DS04,cerro_rojo,CAMPAIGN_02,202.000000000,204.000000000,2.000000000,0.778892543,0.000000000,0.000000000
CR-C02-010-A0103,CR-C02-010,DS04,cerro_rojo,CAMPAIGN_02,204.000000000,206.000000000,2.000000000,0.773970271,0.000000000,0.000000000
CR-C02-010-A0104,CR-C02-010,DS04,cerro_rojo,CAMPAIGN_02,206.000000000,208.000000000,2.000000000,0.855447811,0.000000000,0.000000000
CR-C02-010-A0105,CR-C02-010,DS04,cerro_rojo,CAMPAIGN_02,208.000000000,210.000000000,2.000000000,0.870534707,0.000000000,0.000000000
CR-C02-010-A0106,CR-C02-010,DS04,cerro_rojo,CAMPAIGN_02,210.000000000,212.000000000,2.000000000,0.814374062,0.000000000,0.000000000
CR-C02-010-A0107,CR-C02-010,DS04,cerro_rojo,CAMPAIGN_02,212.000000000,214.000000000,2.000000000,0.847953855,0.000000000,0.000000000
CR-C02-010-A0108,CR-C02-010,DS04,cerro_rojo,CAMPAIGN_02,214.000000000,216.000000000,2.000000000,0.790407588,0.000000000,0.000000000
CR-C02-010-A0109,CR-C02-010,DS04,cerro_rojo,CAMPAIGN_02,216.000000000,218.000000000,2.000000000,0.763564343,0.000000000,0.000000000
CR-C02-010-A0110,CR-C02-010,DS04,cerro_rojo,CAMPAIGN_02,218.000000000,220.000000000,2.000000000,0.826715746,0.000000000,0.000000000
CR-C02-010-A0111,CR-C02-010,DS04,cerro_rojo,CAMPAIGN_02,220.000000000,222.000000000,2.000000000,0.820887194,0.000000000,0.000000000
CR-C02-010-A0112,CR-C02-010,DS04,cerro_rojo,CAMPAIGN_02,222.000000000,224.000000000,2.000000000,0.771436749,0.000000000,0.000000000
CR-C02-010-A0113,CR-C02-010,DS04,cerro_rojo,CAMPAIGN_02,224.000000000,226.000000000,2.000000000,0.812609428,0.000000000,0.000000000
CR-C02-010-A0114,CR-C02-010,DS04,cerro_rojo,CAMPAIGN_02,226.000000000,228.000000000,2.000000000,0.833121211,0.000000000,0.000000000
CR-C02-010-A0115,CR-C02-010,DS04,cerro_rojo,CAMPAIGN_02,228.000000000,230.000000000,2.000000000,0.768595598,0.000000000,0.000000000
CR-C02-010-A0116,CR-C02-010,DS04,cerro_rojo,CAMPAIGN_02,230.000000000,232.000000000,2.000000000,0.770936575,0.000000000,0.000000000
CR-C02-010-A0117,CR-C02-010,DS04,cerro_rojo,CAMPAIGN_02,232.000000000,234.000000000,2.000000000,0.745073082,0.000000000,0.000000000
CR-C02-010-A0118,CR-C02-010,DS04,cerro_rojo,CAMPAIGN_02,234.000000000,236.000000000,2.000000000,0.751457723,0.000000000,0.000000000
CR-C02-010-A0119,CR-C02-010,DS04,cerro_rojo,CAMPAIGN_02,236.000000000,238.000000000,2.000000000,0.745727870,0.000000000,0.000000000
CR-C02-010-A0120,CR-C02-010,DS04,cerro_rojo,CAMPAIGN_02,238.000000000,240.000000000,2.000000000,0.794577549,0.000000000,0.000000000
CR-C02-010-A0121,CR-C02-010,DS04,cerro_rojo,CAMPAIGN_02,240.000000000,242.000000000,2.000000000,0.739371132,0.000000000,0.000000000
CR-C02-010-A0122,CR-C02-010,DS04,cerro_rojo,CAMPAIGN_02,242.000000000,244.000000000,2.000000000,0.715736927,0.000000000,0.000000000
CR-C02-010-A0123,CR-C02-010,DS04,cerro_rojo,CAMPAIGN_02,244.000000000,246.000000000,2.000000000,0.696324828,0.000000000,0.000000000
CR-C02-010-A0124,CR-C02-010,DS04,cerro_rojo,CAMPAIGN_02,246.000000000,248.000000000,2.000000000,0.701225158,0.000000000,0.000000000
CR-C02-010-A0125,CR-C02-010,DS04,cerro_rojo,CAMPAIGN_02,248.000000000,250.000000000,2.000000000,0.692751768,0.000000000,0.000000000
CR-C02-010-A0126,CR-C02-010,DS04,cerro_rojo,CAMPAIGN_02,250.000000000,252.000000000,2.000000000,0.779631239,0.000000000,0.000000000
CR-C02-010-A0127,CR-C02-010,DS04,cerro_rojo,CAMPAIGN_02,252.000000000,254.000000000,2.000000000,0.695356590,0.000000000,0.000000000
CR-C02-010-A0128,CR-C02-010,DS04,cerro_rojo,CAMPAIGN_02,254.000000000,256.000000000,2.000000000,0.728920018,0.000000000,0.000000000
CR-C02-010-A0129,CR-C02-010,DS04,cerro_rojo,CAMPAIGN_02,256.000000000,258.000000000,2.000000000,0.736360086,0.000000000,0.000000000
CR-C02-010-A0130,CR-C02-010,DS04,cerro_rojo,CAMPAIGN_02,258.000000000,260.000000000,2.000000000,0.688429843,0.000000000,0.000000000
CR-C02-010-A0131,CR-C02-010,DS04,cerro_rojo,CAMPAIGN_02,260.000000000,262.000000000,2.000000000,0.743385023,0.000000000,0.000000000
CR-C02-010-A0132,CR-C02-010,DS04,cerro_rojo,CAMPAIGN_02,262.000000000,264.000000000,2.000000000,0.681017295,0.000000000,0.000000000
CR-C02-010-A0133,CR-C02-010,DS04,cerro_rojo,CAMPAIGN_02,264.000000000,264.200886599,0.200886599,0.643130761,0.000000000,0.000000000
CR-C02-011-A0001,CR-C02-011,DS04,cerro_rojo,CAMPAIGN_02,0.000000000,2.000000000,2.000000000,0.058605587,0.000000000,0.000000000
CR-C02-011-A0002,CR-C02-011,DS04,cerro_rojo,CAMPAIGN_02,2.000000000,4.000000000,2.000000000,0.053137996,0.000000000,0.000000000
CR-C02-011-A0003,CR-C02-011,DS04,cerro_rojo,CAMPAIGN_02,4.000000000,6.000000000,2.000000000,0.053388538,0.000000000,0.000000000
CR-C02-011-A0004,CR-C02-011,DS04,cerro_rojo,CAMPAIGN_02,6.000000000,8.000000000,2.000000000,0.052769015,0.000000000,0.000000000
CR-C02-011-A0005,CR-C02-011,DS04,cerro_rojo,CAMPAIGN_02,8.000000000,10.000000000,2.000000000,0.059571164,0.000000000,0.000000000
CR-C02-011-A0006,CR-C02-011,DS04,cerro_rojo,CAMPAIGN_02,10.000000000,12.000000000,2.000000000,0.061826840,0.000000000,0.000000000
CR-C02-011-A0007,CR-C02-011,DS04,cerro_rojo,CAMPAIGN_02,12.000000000,14.000000000,2.000000000,0.063951562,0.000000000,0.000000000
CR-C02-011-A0008,CR-C02-011,DS04,cerro_rojo,CAMPAIGN_02,14.000000000,16.000000000,2.000000000,0.070343606,0.000000000,0.000000000
CR-C02-011-A0009,CR-C02-011,DS04,cerro_rojo,CAMPAIGN_02,16.000000000,18.000000000,2.000000000,0.064775300,0.000000000,0.000000000
CR-C02-011-A0010,CR-C02-011,DS04,cerro_rojo,CAMPAIGN_02,18.000000000,20.000000000,2.000000000,0.067838029,0.000000000,0.000000000
CR-C02-011-A0011,CR-C02-011,DS04,cerro_rojo,CAMPAIGN_02,20.000000000,22.000000000,2.000000000,0.073544715,0.000000000,0.000000000
CR-C02-011-A0012,CR-C02-011,DS04,cerro_rojo,CAMPAIGN_02,22.000000000,24.000000000,2.000000000,0.074341836,0.000000000,0.000000000
CR-C02-011-A0013,CR-C02-011,DS04,cerro_rojo,CAMPAIGN_02,24.000000000,26.000000000,2.000000000,0.078123321,0.000000000,0.000000000
CR-C02-011-A0014,CR-C02-011,DS04,cerro_rojo,CAMPAIGN_02,26.000000000,28.000000000,2.000000000,0.078999720,0.000000000,0.000000000
CR-C02-011-A0015,CR-C02-011,DS04,cerro_rojo,CAMPAIGN_02,28.000000000,30.000000000,2.000000000,0.079035475,0.000000000,0.000000000
CR-C02-011-A0016,CR-C02-011,DS04,cerro_rojo,CAMPAIGN_02,30.000000000,32.000000000,2.000000000,0.081706380,0.000000000,0.000000000
CR-C02-011-A0017,CR-C02-011,DS04,cerro_rojo,CAMPAIGN_02,32.000000000,34.000000000,2.000000000,0.088179359,0.000000000,0.000000000
CR-C02-011-A0018,CR-C02-011,DS04,cerro_rojo,CAMPAIGN_02,34.000000000,36.000000000,2.000000000,0.094438573,0.000000000,0.000000000
CR-C02-011-A0019,CR-C02-011,DS04,cerro_rojo,CAMPAIGN_02,36.000000000,38.000000000,2.000000000,0.091210847,0.000000000,0.000000000
CR-C02-011-A0020,CR-C02-011,DS04,cerro_rojo,CAMPAIGN_02,38.000000000,40.000000000,2.000000000,0.098249515,0.000000000,0.000000000
CR-C02-011-A0021,CR-C02-011,DS04,cerro_rojo,CAMPAIGN_02,40.000000000,42.000000000,2.000000000,0.094613882,0.000000000,0.000000000
CR-C02-011-A0022,CR-C02-011,DS04,cerro_rojo,CAMPAIGN_02,42.000000000,44.000000000,2.000000000,0.092906524,0.000000000,0.000000000
CR-C02-011-A0023,CR-C02-011,DS04,cerro_rojo,CAMPAIGN_02,44.000000000,46.000000000,2.000000000,0.100094608,0.000000000,0.000000000
CR-C02-011-A0024,CR-C02-011,DS04,cerro_rojo,CAMPAIGN_02,46.000000000,48.000000000,2.000000000,0.103104548,0.000000000,0.000000000
CR-C02-011-A0025,CR-C02-011,DS04,cerro_rojo,CAMPAIGN_02,48.000000000,50.000000000,2.000000000,0.107809011,0.000000000,0.000000000
CR-C02-011-A0026,CR-C02-011,DS04,cerro_rojo,CAMPAIGN_02,50.000000000,52.000000000,2.000000000,0.114936891,0.000000000,0.000000000
CR-C02-011-A0027,CR-C02-011,DS04,cerro_rojo,CAMPAIGN_02,52.000000000,54.000000000,2.000000000,0.114329925,0.000000000,0.000000000
CR-C02-011-A0028,CR-C02-011,DS04,cerro_rojo,CAMPAIGN_02,54.000000000,56.000000000,2.000000000,0.112042867,0.000000000,0.000000000
CR-C02-011-A0029,CR-C02-011,DS04,cerro_rojo,CAMPAIGN_02,56.000000000,58.000000000,2.000000000,0.116336093,0.000000000,0.000000000
CR-C02-011-A0030,CR-C02-011,DS04,cerro_rojo,CAMPAIGN_02,58.000000000,60.000000000,2.000000000,0.133598280,0.000000000,0.000000000
CR-C02-011-A0031,CR-C02-011,DS04,cerro_rojo,CAMPAIGN_02,60.000000000,62.000000000,2.000000000,0.126398525,0.000000000,0.000000000
CR-C02-011-A0032,CR-C02-011,DS04,cerro_rojo,CAMPAIGN_02,62.000000000,64.000000000,2.000000000,0.126157569,0.000000000,0.000000000
CR-C02-011-A0033,CR-C02-011,DS04,cerro_rojo,CAMPAIGN_02,64.000000000,66.000000000,2.000000000,0.128978040,0.000000000,0.000000000
CR-C02-011-A0034,CR-C02-011,DS04,cerro_rojo,CAMPAIGN_02,66.000000000,68.000000000,2.000000000,0.146165035,0.000000000,0.000000000
CR-C02-011-A0035,CR-C02-011,DS04,cerro_rojo,CAMPAIGN_02,68.000000000,70.000000000,2.000000000,0.150542260,0.000000000,0.000000000
CR-C02-011-A0036,CR-C02-011,DS04,cerro_rojo,CAMPAIGN_02,70.000000000,72.000000000,2.000000000,0.147366686,0.000000000,0.000000000
CR-C02-011-A0037,CR-C02-011,DS04,cerro_rojo,CAMPAIGN_02,72.000000000,74.000000000,2.000000000,0.149102933,0.000000000,0.000000000
CR-C02-011-A0038,CR-C02-011,DS04,cerro_rojo,CAMPAIGN_02,74.000000000,76.000000000,2.000000000,0.161027526,0.000000000,0.000000000
CR-C02-011-A0039,CR-C02-011,DS04,cerro_rojo,CAMPAIGN_02,76.000000000,78.000000000,2.000000000,0.148162300,0.000000000,0.000000000
CR-C02-011-A0040,CR-C02-011,DS04,cerro_rojo,CAMPAIGN_02,78.000000000,80.000000000,2.000000000,0.158628789,0.000000000,0.000000000
CR-C02-011-A0041,CR-C02-011,DS04,cerro_rojo,CAMPAIGN_02,80.000000000,82.000000000,2.000000000,0.157219813,0.000000000,0.000000000
CR-C02-011-A0042,CR-C02-011,DS04,cerro_rojo,CAMPAIGN_02,82.000000000,84.000000000,2.000000000,0.165441289,0.000000000,0.000000000
CR-C02-011-A0043,CR-C02-011,DS04,cerro_rojo,CAMPAIGN_02,84.000000000,86.000000000,2.000000000,0.177310603,0.000000000,0.000000000
CR-C02-011-A0044,CR-C02-011,DS04,cerro_rojo,CAMPAIGN_02,86.000000000,88.000000000,2.000000000,0.185263041,0.000000000,0.000000000
CR-C02-011-A0045,CR-C02-011,DS04,cerro_rojo,CAMPAIGN_02,88.000000000,90.000000000,2.000000000,0.174057511,0.000000000,0.000000000
CR-C02-011-A0046,CR-C02-011,DS04,cerro_rojo,CAMPAIGN_02,90.000000000,92.000000000,2.000000000,0.192067844,0.000000000,0.000000000
CR-C02-011-A0047,CR-C02-011,DS04,cerro_rojo,CAMPAIGN_02,92.000000000,94.000000000,2.000000000,0.175249605,0.000000000,0.000000000
CR-C02-011-A0048,CR-C02-011,DS04,cerro_rojo,CAMPAIGN_02,94.000000000,96.000000000,2.000000000,0.205461310,0.000000000,0.000000000
CR-C02-011-A0049,CR-C02-011,DS04,cerro_rojo,CAMPAIGN_02,96.000000000,98.000000000,2.000000000,0.200762642,0.000000000,0.000000000
CR-C02-011-A0050,CR-C02-011,DS04,cerro_rojo,CAMPAIGN_02,98.000000000,100.000000000,2.000000000,0.202167597,0.000000000,0.000000000
CR-C02-011-A0051,CR-C02-011,DS04,cerro_rojo,CAMPAIGN_02,100.000000000,102.000000000,2.000000000,0.209810532,0.000000000,0.000000000
CR-C02-011-A0052,CR-C02-011,DS04,cerro_rojo,CAMPAIGN_02,102.000000000,104.000000000,2.000000000,0.208011377,0.000000000,0.000000000
CR-C02-011-A0053,CR-C02-011,DS04,cerro_rojo,CAMPAIGN_02,104.000000000,106.000000000,2.000000000,0.223595701,0.000000000,0.000000000
CR-C02-011-A0054,CR-C02-011,DS04,cerro_rojo,CAMPAIGN_02,106.000000000,108.000000000,2.000000000,0.232746470,0.000000000,0.000000000
CR-C02-011-A0055,CR-C02-011,DS04,cerro_rojo,CAMPAIGN_02,108.000000000,110.000000000,2.000000000,0.232287997,0.000000000,0.000000000
CR-C02-011-A0056,CR-C02-011,DS04,cerro_rojo,CAMPAIGN_02,110.000000000,112.000000000,2.000000000,0.241244016,0.000000000,0.000000000
CR-C02-011-A0057,CR-C02-011,DS04,cerro_rojo,CAMPAIGN_02,112.000000000,114.000000000,2.000000000,0.256522770,0.000000000,0.000000000
CR-C02-011-A0058,CR-C02-011,DS04,cerro_rojo,CAMPAIGN_02,114.000000000,116.000000000,2.000000000,0.239613896,0.000000000,0.000000000
CR-C02-011-A0059,CR-C02-011,DS04,cerro_rojo,CAMPAIGN_02,116.000000000,118.000000000,2.000000000,0.257949374,0.000000000,0.000000000
CR-C02-011-A0060,CR-C02-011,DS04,cerro_rojo,CAMPAIGN_02,118.000000000,120.000000000,2.000000000,0.282885400,0.000000000,0.000000000
CR-C02-011-A0061,CR-C02-011,DS04,cerro_rojo,CAMPAIGN_02,120.000000000,122.000000000,2.000000000,0.272940625,0.000000000,0.000000000
CR-C02-011-A0062,CR-C02-011,DS04,cerro_rojo,CAMPAIGN_02,122.000000000,124.000000000,2.000000000,0.267521697,0.000000000,0.000000000
CR-C02-011-A0063,CR-C02-011,DS04,cerro_rojo,CAMPAIGN_02,124.000000000,126.000000000,2.000000000,0.288892956,0.000000000,0.000000000
CR-C02-011-A0064,CR-C02-011,DS04,cerro_rojo,CAMPAIGN_02,126.000000000,128.000000000,2.000000000,0.297106174,0.000000000,0.000000000
CR-C02-011-A0065,CR-C02-011,DS04,cerro_rojo,CAMPAIGN_02,128.000000000,130.000000000,2.000000000,0.307132015,0.000000000,0.000000000
CR-C02-011-A0066,CR-C02-011,DS04,cerro_rojo,CAMPAIGN_02,130.000000000,132.000000000,2.000000000,0.304246265,0.000000000,0.000000000
CR-C02-011-A0067,CR-C02-011,DS04,cerro_rojo,CAMPAIGN_02,132.000000000,134.000000000,2.000000000,0.283675181,0.000000000,0.000000000
CR-C02-011-A0068,CR-C02-011,DS04,cerro_rojo,CAMPAIGN_02,134.000000000,136.000000000,2.000000000,0.311652170,0.000000000,0.000000000
CR-C02-011-A0069,CR-C02-011,DS04,cerro_rojo,CAMPAIGN_02,136.000000000,138.000000000,2.000000000,0.304732899,0.000000000,0.000000000
CR-C02-011-A0070,CR-C02-011,DS04,cerro_rojo,CAMPAIGN_02,138.000000000,140.000000000,2.000000000,0.348234705,0.000000000,0.000000000
CR-C02-011-A0071,CR-C02-011,DS04,cerro_rojo,CAMPAIGN_02,140.000000000,142.000000000,2.000000000,0.329680247,0.000000000,0.000000000
CR-C02-011-A0072,CR-C02-011,DS04,cerro_rojo,CAMPAIGN_02,142.000000000,144.000000000,2.000000000,0.317024276,0.000000000,0.000000000
CR-C02-011-A0073,CR-C02-011,DS04,cerro_rojo,CAMPAIGN_02,144.000000000,146.000000000,2.000000000,0.363963170,0.000000000,0.000000000
CR-C02-011-A0074,CR-C02-011,DS04,cerro_rojo,CAMPAIGN_02,146.000000000,148.000000000,2.000000000,0.343491657,0.000000000,0.000000000
CR-C02-011-A0075,CR-C02-011,DS04,cerro_rojo,CAMPAIGN_02,148.000000000,150.000000000,2.000000000,0.362396762,0.000000000,0.000000000
CR-C02-011-A0076,CR-C02-011,DS04,cerro_rojo,CAMPAIGN_02,150.000000000,152.000000000,2.000000000,0.379326136,0.000000000,0.000000000
CR-C02-011-A0077,CR-C02-011,DS04,cerro_rojo,CAMPAIGN_02,152.000000000,154.000000000,2.000000000,0.396832083,0.000000000,0.000000000
CR-C02-011-A0078,CR-C02-011,DS04,cerro_rojo,CAMPAIGN_02,154.000000000,156.000000000,2.000000000,0.367463126,0.000000000,0.000000000
CR-C02-011-A0079,CR-C02-011,DS04,cerro_rojo,CAMPAIGN_02,156.000000000,158.000000000,2.000000000,0.387151414,0.000000000,0.000000000
CR-C02-011-A0080,CR-C02-011,DS04,cerro_rojo,CAMPAIGN_02,158.000000000,160.000000000,2.000000000,0.371979839,0.000000000,0.000000000
CR-C02-011-A0081,CR-C02-011,DS04,cerro_rojo,CAMPAIGN_02,160.000000000,162.000000000,2.000000000,0.381775532,0.000000000,0.000000000
CR-C02-011-A0082,CR-C02-011,DS04,cerro_rojo,CAMPAIGN_02,162.000000000,164.000000000,2.000000000,0.401915490,0.000000000,0.000000000
CR-C02-011-A0083,CR-C02-011,DS04,cerro_rojo,CAMPAIGN_02,164.000000000,166.000000000,2.000000000,0.395248110,0.000000000,0.000000000
CR-C02-011-A0084,CR-C02-011,DS04,cerro_rojo,CAMPAIGN_02,166.000000000,168.000000000,2.000000000,0.387867674,0.000000000,0.000000000
CR-C02-011-A0085,CR-C02-011,DS04,cerro_rojo,CAMPAIGN_02,168.000000000,170.000000000,2.000000000,0.428354480,0.000000000,0.000000000
CR-C02-011-A0086,CR-C02-011,DS04,cerro_rojo,CAMPAIGN_02,170.000000000,172.000000000,2.000000000,0.424705392,0.000000000,0.000000000
CR-C02-011-A0087,CR-C02-011,DS04,cerro_rojo,CAMPAIGN_02,172.000000000,174.000000000,2.000000000,0.424881941,0.000000000,0.000000000
CR-C02-011-A0088,CR-C02-011,DS04,cerro_rojo,CAMPAIGN_02,174.000000000,176.000000000,2.000000000,0.423097477,0.000000000,0.000000000
CR-C02-011-A0089,CR-C02-011,DS04,cerro_rojo,CAMPAIGN_02,176.000000000,178.000000000,2.000000000,0.454615832,0.000000000,0.000000000
CR-C02-011-A0090,CR-C02-011,DS04,cerro_rojo,CAMPAIGN_02,178.000000000,180.000000000,2.000000000,0.457234473,0.000000000,0.000000000
CR-C02-011-A0091,CR-C02-011,DS04,cerro_rojo,CAMPAIGN_02,180.000000000,182.000000000,2.000000000,0.465454369,0.000000000,0.000000000
CR-C02-011-A0092,CR-C02-011,DS04,cerro_rojo,CAMPAIGN_02,182.000000000,184.000000000,2.000000000,0.469622323,0.000000000,0.000000000
CR-C02-011-A0093,CR-C02-011,DS04,cerro_rojo,CAMPAIGN_02,184.000000000,186.000000000,2.000000000,0.465015066,0.000000000,0.000000000
CR-C02-011-A0094,CR-C02-011,DS04,cerro_rojo,CAMPAIGN_02,186.000000000,188.000000000,2.000000000,0.474676690,0.000000000,0.000000000
CR-C02-011-A0095,CR-C02-011,DS04,cerro_rojo,CAMPAIGN_02,188.000000000,190.000000000,2.000000000,0.505056282,0.000000000,0.000000000
CR-C02-011-A0096,CR-C02-011,DS04,cerro_rojo,CAMPAIGN_02,190.000000000,192.000000000,2.000000000,0.489741777,0.000000000,0.000000000
CR-C02-011-A0097,CR-C02-011,DS04,cerro_rojo,CAMPAIGN_02,192.000000000,194.000000000,2.000000000,0.521407816,0.000000000,0.000000000
CR-C02-011-A0098,CR-C02-011,DS04,cerro_rojo,CAMPAIGN_02,194.000000000,196.000000000,2.000000000,0.478142322,0.000000000,0.000000000
CR-C02-011-A0099,CR-C02-011,DS04,cerro_rojo,CAMPAIGN_02,196.000000000,198.000000000,2.000000000,0.520739002,0.000000000,0.000000000
CR-C02-011-A0100,CR-C02-011,DS04,cerro_rojo,CAMPAIGN_02,198.000000000,200.000000000,2.000000000,0.508466264,0.000000000,0.000000000
CR-C02-011-A0101,CR-C02-011,DS04,cerro_rojo,CAMPAIGN_02,200.000000000,202.000000000,2.000000000,0.527611014,0.000000000,0.000000000
CR-C02-011-A0102,CR-C02-011,DS04,cerro_rojo,CAMPAIGN_02,202.000000000,204.000000000,2.000000000,0.487021923,0.000000000,0.000000000
CR-C02-011-A0103,CR-C02-011,DS04,cerro_rojo,CAMPAIGN_02,204.000000000,206.000000000,2.000000000,0.527624719,0.000000000,0.000000000
CR-C02-011-A0104,CR-C02-011,DS04,cerro_rojo,CAMPAIGN_02,206.000000000,208.000000000,2.000000000,0.531653321,0.000000000,0.000000000
CR-C02-011-A0105,CR-C02-011,DS04,cerro_rojo,CAMPAIGN_02,208.000000000,210.000000000,2.000000000,0.514174615,0.000000000,0.000000000
CR-C02-011-A0106,CR-C02-011,DS04,cerro_rojo,CAMPAIGN_02,210.000000000,212.000000000,2.000000000,0.599897175,0.000000000,0.000000000
CR-C02-011-A0107,CR-C02-011,DS04,cerro_rojo,CAMPAIGN_02,212.000000000,214.000000000,2.000000000,0.588800051,0.000000000,0.000000000
CR-C02-011-A0108,CR-C02-011,DS04,cerro_rojo,CAMPAIGN_02,214.000000000,216.000000000,2.000000000,0.532659822,0.000000000,0.000000000
CR-C02-011-A0109,CR-C02-011,DS04,cerro_rojo,CAMPAIGN_02,216.000000000,218.000000000,2.000000000,0.550053056,0.000000000,0.000000000
CR-C02-011-A0110,CR-C02-011,DS04,cerro_rojo,CAMPAIGN_02,218.000000000,220.000000000,2.000000000,0.563948010,0.000000000,0.000000000
CR-C02-011-A0111,CR-C02-011,DS04,cerro_rojo,CAMPAIGN_02,220.000000000,222.000000000,2.000000000,0.576775356,0.000000000,0.000000000
CR-C02-011-A0112,CR-C02-011,DS04,cerro_rojo,CAMPAIGN_02,222.000000000,224.000000000,2.000000000,0.562207602,0.000000000,0.000000000
CR-C02-011-A0113,CR-C02-011,DS04,cerro_rojo,CAMPAIGN_02,224.000000000,226.000000000,2.000000000,0.573606346,0.000000000,0.000000000
CR-C02-011-A0114,CR-C02-011,DS04,cerro_rojo,CAMPAIGN_02,226.000000000,228.000000000,2.000000000,0.558546421,0.000000000,0.000000000
CR-C02-011-A0115,CR-C02-011,DS04,cerro_rojo,CAMPAIGN_02,228.000000000,230.000000000,2.000000000,0.584524916,0.000000000,0.000000000
CR-C02-011-A0116,CR-C02-011,DS04,cerro_rojo,CAMPAIGN_02,230.000000000,232.000000000,2.000000000,0.546249240,0.000000000,0.000000000
CR-C02-011-A0117,CR-C02-011,DS04,cerro_rojo,CAMPAIGN_02,232.000000000,234.000000000,2.000000000,0.614566472,0.000000000,0.000000000
CR-C02-011-A0118,CR-C02-011,DS04,cerro_rojo,CAMPAIGN_02,234.000000000,236.000000000,2.000000000,0.586542778,0.000000000,0.000000000
CR-C02-011-A0119,CR-C02-011,DS04,cerro_rojo,CAMPAIGN_02,236.000000000,238.000000000,2.000000000,0.609630065,0.000000000,0.000000000
CR-C02-011-A0120,CR-C02-011,DS04,cerro_rojo,CAMPAIGN_02,238.000000000,240.000000000,2.000000000,0.587475012,0.000000000,0.000000000
CR-C02-011-A0121,CR-C02-011,DS04,cerro_rojo,CAMPAIGN_02,240.000000000,242.000000000,2.000000000,0.593086687,0.000000000,0.000000000
CR-C02-011-A0122,CR-C02-011,DS04,cerro_rojo,CAMPAIGN_02,242.000000000,244.000000000,2.000000000,0.594171880,0.000000000,0.000000000
CR-C02-011-A0123,CR-C02-011,DS04,cerro_rojo,CAMPAIGN_02,244.000000000,246.000000000,2.000000000,0.648687892,0.000000000,0.000000000
CR-C02-011-A0124,CR-C02-011,DS04,cerro_rojo,CAMPAIGN_02,246.000000000,248.000000000,2.000000000,0.649255528,0.000000000,0.000000000
CR-C02-011-A0125,CR-C02-011,DS04,cerro_rojo,CAMPAIGN_02,248.000000000,250.000000000,2.000000000,0.595469854,0.000000000,0.000000000
CR-C02-011-A0126,CR-C02-011,DS04,cerro_rojo,CAMPAIGN_02,250.000000000,252.000000000,2.000000000,0.615387359,0.000000000,0.000000000
CR-C02-011-A0127,CR-C02-011,DS04,cerro_rojo,CAMPAIGN_02,252.000000000,254.000000000,2.000000000,0.593062031,0.000000000,0.000000000
CR-C02-011-A0128,CR-C02-011,DS04,cerro_rojo,CAMPAIGN_02,254.000000000,256.000000000,2.000000000,0.615824526,0.000000000,0.000000000
CR-C02-011-A0129,CR-C02-011,DS04,cerro_rojo,CAMPAIGN_02,256.000000000,258.000000000,2.000000000,0.603506764,0.000000000,0.000000000
CR-C02-011-A0130,CR-C02-011,DS04,cerro_rojo,CAMPAIGN_02,258.000000000,260.000000000,2.000000000,0.632448640,0.000000000,0.000000000
CR-C02-011-A0131,CR-C02-011,DS04,cerro_rojo,CAMPAIGN_02,260.000000000,262.000000000,2.000000000,0.617884952,0.000000000,0.000000000
CR-C02-011-A0132,CR-C02-011,DS04,cerro_rojo,CAMPAIGN_02,262.000000000,264.000000000,2.000000000,0.595034321,0.000000000,0.000000000
CR-C02-011-A0133,CR-C02-011,DS04,cerro_rojo,CAMPAIGN_02,264.000000000,266.000000000,2.000000000,0.668266162,0.000000000,0.000000000
CR-C02-011-A0134,CR-C02-011,DS04,cerro_rojo,CAMPAIGN_02,266.000000000,268.000000000,2.000000000,0.608976484,0.000000000,0.000000000
CR-C02-011-A0135,CR-C02-011,DS04,cerro_rojo,CAMPAIGN_02,268.000000000,270.000000000,2.000000000,0.614173197,0.000000000,0.000000000
CR-C02-011-A0136,CR-C02-011,DS04,cerro_rojo,CAMPAIGN_02,270.000000000,272.000000000,2.000000000,0.649722721,0.000000000,0.000000000
CR-C02-011-A0137,CR-C02-011,DS04,cerro_rojo,CAMPAIGN_02,272.000000000,274.000000000,2.000000000,0.595459370,0.000000000,0.000000000
CR-C02-011-A0138,CR-C02-011,DS04,cerro_rojo,CAMPAIGN_02,274.000000000,276.000000000,2.000000000,0.627054517,0.000000000,0.000000000
CR-C02-011-A0139,CR-C02-011,DS04,cerro_rojo,CAMPAIGN_02,276.000000000,278.000000000,2.000000000,0.640605502,0.000000000,0.000000000
CR-C02-011-A0140,CR-C02-011,DS04,cerro_rojo,CAMPAIGN_02,278.000000000,280.000000000,2.000000000,0.641443134,0.000000000,0.000000000
CR-C02-011-A0141,CR-C02-011,DS04,cerro_rojo,CAMPAIGN_02,280.000000000,282.000000000,2.000000000,0.557673398,0.000000000,0.000000000
CR-C02-011-A0142,CR-C02-011,DS04,cerro_rojo,CAMPAIGN_02,282.000000000,284.000000000,2.000000000,0.577751791,0.000000000,0.000000000
CR-C02-011-A0143,CR-C02-011,DS04,cerro_rojo,CAMPAIGN_02,284.000000000,286.000000000,2.000000000,0.619605538,0.000000000,0.000000000
CR-C02-011-A0144,CR-C02-011,DS04,cerro_rojo,CAMPAIGN_02,286.000000000,288.000000000,2.000000000,0.614066405,0.000000000,0.000000000
CR-C02-011-A0145,CR-C02-011,DS04,cerro_rojo,CAMPAIGN_02,288.000000000,290.000000000,2.000000000,0.596454051,0.000000000,0.000000000
CR-C02-011-A0146,CR-C02-011,DS04,cerro_rojo,CAMPAIGN_02,290.000000000,292.000000000,2.000000000,0.577359889,0.000000000,0.000000000
CR-C02-011-A0147,CR-C02-011,DS04,cerro_rojo,CAMPAIGN_02,292.000000000,294.000000000,2.000000000,0.614938649,0.000000000,0.000000000
CR-C02-011-A0148,CR-C02-011,DS04,cerro_rojo,CAMPAIGN_02,294.000000000,295.707291123,1.707291123,0.609936314,0.000000000,0.000000000
CR-C02-012-A0001,CR-C02-012,DS04,cerro_rojo,CAMPAIGN_02,0.000000000,2.000000000,2.000000000,0.024917019,0.000000000,0.000000000
CR-C02-012-A0002,CR-C02-012,DS04,cerro_rojo,CAMPAIGN_02,2.000000000,4.000000000,2.000000000,0.022903821,0.000000000,0.000000000
CR-C02-012-A0003,CR-C02-012,DS04,cerro_rojo,CAMPAIGN_02,4.000000000,6.000000000,2.000000000,0.021811909,0.000000000,0.000000000
CR-C02-012-A0004,CR-C02-012,DS04,cerro_rojo,CAMPAIGN_02,6.000000000,8.000000000,2.000000000,0.020264185,0.000000000,0.000000000
CR-C02-012-A0005,CR-C02-012,DS04,cerro_rojo,CAMPAIGN_02,8.000000000,10.000000000,2.000000000,0.024105883,0.000000000,0.000000000
CR-C02-012-A0006,CR-C02-012,DS04,cerro_rojo,CAMPAIGN_02,10.000000000,12.000000000,2.000000000,0.025662446,0.000000000,0.000000000
CR-C02-012-A0007,CR-C02-012,DS04,cerro_rojo,CAMPAIGN_02,12.000000000,14.000000000,2.000000000,0.024049450,0.000000000,0.000000000
CR-C02-012-A0008,CR-C02-012,DS04,cerro_rojo,CAMPAIGN_02,14.000000000,16.000000000,2.000000000,0.024103012,0.000000000,0.000000000
CR-C02-012-A0009,CR-C02-012,DS04,cerro_rojo,CAMPAIGN_02,16.000000000,18.000000000,2.000000000,0.021805378,0.000000000,0.000000000
CR-C02-012-A0010,CR-C02-012,DS04,cerro_rojo,CAMPAIGN_02,18.000000000,20.000000000,2.000000000,0.024477901,0.000000000,0.000000000
CR-C02-012-A0011,CR-C02-012,DS04,cerro_rojo,CAMPAIGN_02,20.000000000,22.000000000,2.000000000,0.021631069,0.000000000,0.000000000
CR-C02-012-A0012,CR-C02-012,DS04,cerro_rojo,CAMPAIGN_02,22.000000000,24.000000000,2.000000000,0.025869618,0.000000000,0.000000000
CR-C02-012-A0013,CR-C02-012,DS04,cerro_rojo,CAMPAIGN_02,24.000000000,26.000000000,2.000000000,0.020996448,0.000000000,0.000000000
CR-C02-012-A0014,CR-C02-012,DS04,cerro_rojo,CAMPAIGN_02,26.000000000,28.000000000,2.000000000,0.021521854,0.000000000,0.000000000
CR-C02-012-A0015,CR-C02-012,DS04,cerro_rojo,CAMPAIGN_02,28.000000000,30.000000000,2.000000000,0.024166514,0.000000000,0.000000000
CR-C02-012-A0016,CR-C02-012,DS04,cerro_rojo,CAMPAIGN_02,30.000000000,32.000000000,2.000000000,0.024135281,0.000000000,0.000000000
CR-C02-012-A0017,CR-C02-012,DS04,cerro_rojo,CAMPAIGN_02,32.000000000,34.000000000,2.000000000,0.022222302,0.000000000,0.000000000
CR-C02-012-A0018,CR-C02-012,DS04,cerro_rojo,CAMPAIGN_02,34.000000000,36.000000000,2.000000000,0.020806639,0.000000000,0.000000000
CR-C02-012-A0019,CR-C02-012,DS04,cerro_rojo,CAMPAIGN_02,36.000000000,38.000000000,2.000000000,0.023211419,0.000000000,0.000000000
CR-C02-012-A0020,CR-C02-012,DS04,cerro_rojo,CAMPAIGN_02,38.000000000,40.000000000,2.000000000,0.023228386,0.000000000,0.000000000
CR-C02-012-A0021,CR-C02-012,DS04,cerro_rojo,CAMPAIGN_02,40.000000000,42.000000000,2.000000000,0.025591308,0.000000000,0.000000000
CR-C02-012-A0022,CR-C02-012,DS04,cerro_rojo,CAMPAIGN_02,42.000000000,44.000000000,2.000000000,0.022553776,0.000000000,0.000000000
CR-C02-012-A0023,CR-C02-012,DS04,cerro_rojo,CAMPAIGN_02,44.000000000,46.000000000,2.000000000,0.025965905,0.000000000,0.000000000
CR-C02-012-A0024,CR-C02-012,DS04,cerro_rojo,CAMPAIGN_02,46.000000000,48.000000000,2.000000000,0.022084055,0.000000000,0.000000000
CR-C02-012-A0025,CR-C02-012,DS04,cerro_rojo,CAMPAIGN_02,48.000000000,50.000000000,2.000000000,0.024746240,0.000000000,0.000000000
CR-C02-012-A0026,CR-C02-012,DS04,cerro_rojo,CAMPAIGN_02,50.000000000,52.000000000,2.000000000,0.020143598,0.000000000,0.000000000
CR-C02-012-A0027,CR-C02-012,DS04,cerro_rojo,CAMPAIGN_02,52.000000000,54.000000000,2.000000000,0.021237917,0.000000000,0.000000000
CR-C02-012-A0028,CR-C02-012,DS04,cerro_rojo,CAMPAIGN_02,54.000000000,56.000000000,2.000000000,0.024482653,0.000000000,0.000000000
CR-C02-012-A0029,CR-C02-012,DS04,cerro_rojo,CAMPAIGN_02,56.000000000,58.000000000,2.000000000,0.024924989,0.000000000,0.000000000
CR-C02-012-A0030,CR-C02-012,DS04,cerro_rojo,CAMPAIGN_02,58.000000000,60.000000000,2.000000000,0.025961966,0.000000000,0.000000000
CR-C02-012-A0031,CR-C02-012,DS04,cerro_rojo,CAMPAIGN_02,60.000000000,62.000000000,2.000000000,0.026716202,0.000000000,0.000000000
CR-C02-012-A0032,CR-C02-012,DS04,cerro_rojo,CAMPAIGN_02,62.000000000,64.000000000,2.000000000,0.024293487,0.000000000,0.000000000
CR-C02-012-A0033,CR-C02-012,DS04,cerro_rojo,CAMPAIGN_02,64.000000000,66.000000000,2.000000000,0.025357754,0.000000000,0.000000000
CR-C02-012-A0034,CR-C02-012,DS04,cerro_rojo,CAMPAIGN_02,66.000000000,68.000000000,2.000000000,0.028640395,0.000000000,0.000000000
CR-C02-012-A0035,CR-C02-012,DS04,cerro_rojo,CAMPAIGN_02,68.000000000,70.000000000,2.000000000,0.023074276,0.000000000,0.000000000
CR-C02-012-A0036,CR-C02-012,DS04,cerro_rojo,CAMPAIGN_02,70.000000000,72.000000000,2.000000000,0.025695229,0.000000000,0.000000000
CR-C02-012-A0037,CR-C02-012,DS04,cerro_rojo,CAMPAIGN_02,72.000000000,74.000000000,2.000000000,0.028671985,0.000000000,0.000000000
CR-C02-012-A0038,CR-C02-012,DS04,cerro_rojo,CAMPAIGN_02,74.000000000,76.000000000,2.000000000,0.025951964,0.000000000,0.000000000
CR-C02-012-A0039,CR-C02-012,DS04,cerro_rojo,CAMPAIGN_02,76.000000000,78.000000000,2.000000000,0.022650033,0.000000000,0.000000000
CR-C02-012-A0040,CR-C02-012,DS04,cerro_rojo,CAMPAIGN_02,78.000000000,80.000000000,2.000000000,0.026163704,0.000000000,0.000000000
CR-C02-012-A0041,CR-C02-012,DS04,cerro_rojo,CAMPAIGN_02,80.000000000,82.000000000,2.000000000,0.024342154,0.000000000,0.000000000
CR-C02-012-A0042,CR-C02-012,DS04,cerro_rojo,CAMPAIGN_02,82.000000000,84.000000000,2.000000000,0.027765381,0.000000000,0.000000000
CR-C02-012-A0043,CR-C02-012,DS04,cerro_rojo,CAMPAIGN_02,84.000000000,86.000000000,2.000000000,0.024864624,0.000000000,0.000000000
CR-C02-012-A0044,CR-C02-012,DS04,cerro_rojo,CAMPAIGN_02,86.000000000,88.000000000,2.000000000,0.026915781,0.000000000,0.000000000
CR-C02-012-A0045,CR-C02-012,DS04,cerro_rojo,CAMPAIGN_02,88.000000000,90.000000000,2.000000000,0.028812602,0.000000000,0.000000000
CR-C02-012-A0046,CR-C02-012,DS04,cerro_rojo,CAMPAIGN_02,90.000000000,92.000000000,2.000000000,0.028387946,0.000000000,0.000000000
CR-C02-012-A0047,CR-C02-012,DS04,cerro_rojo,CAMPAIGN_02,92.000000000,94.000000000,2.000000000,0.028102845,0.000000000,0.000000000
CR-C02-012-A0048,CR-C02-012,DS04,cerro_rojo,CAMPAIGN_02,94.000000000,96.000000000,2.000000000,0.030922944,0.000000000,0.000000000
CR-C02-012-A0049,CR-C02-012,DS04,cerro_rojo,CAMPAIGN_02,96.000000000,98.000000000,2.000000000,0.029451016,0.000000000,0.000000000
CR-C02-012-A0050,CR-C02-012,DS04,cerro_rojo,CAMPAIGN_02,98.000000000,100.000000000,2.000000000,0.030027432,0.000000000,0.000000000
CR-C02-012-A0051,CR-C02-012,DS04,cerro_rojo,CAMPAIGN_02,100.000000000,102.000000000,2.000000000,0.031864413,0.000000000,0.000000000
CR-C02-012-A0052,CR-C02-012,DS04,cerro_rojo,CAMPAIGN_02,102.000000000,104.000000000,2.000000000,0.031791169,0.000000000,0.000000000
CR-C02-012-A0053,CR-C02-012,DS04,cerro_rojo,CAMPAIGN_02,104.000000000,106.000000000,2.000000000,0.029063134,0.000000000,0.000000000
CR-C02-012-A0054,CR-C02-012,DS04,cerro_rojo,CAMPAIGN_02,106.000000000,108.000000000,2.000000000,0.034211243,0.000000000,0.000000000
CR-C02-012-A0055,CR-C02-012,DS04,cerro_rojo,CAMPAIGN_02,108.000000000,110.000000000,2.000000000,0.028968382,0.000000000,0.000000000
CR-C02-012-A0056,CR-C02-012,DS04,cerro_rojo,CAMPAIGN_02,110.000000000,112.000000000,2.000000000,0.031813208,0.000000000,0.000000000
CR-C02-012-A0057,CR-C02-012,DS04,cerro_rojo,CAMPAIGN_02,112.000000000,114.000000000,2.000000000,0.032885543,0.000000000,0.000000000
CR-C02-012-A0058,CR-C02-012,DS04,cerro_rojo,CAMPAIGN_02,114.000000000,116.000000000,2.000000000,0.030778366,0.000000000,0.000000000
CR-C02-012-A0059,CR-C02-012,DS04,cerro_rojo,CAMPAIGN_02,116.000000000,118.000000000,2.000000000,0.034458657,0.000000000,0.000000000
CR-C02-012-A0060,CR-C02-012,DS04,cerro_rojo,CAMPAIGN_02,118.000000000,120.000000000,2.000000000,0.033874117,0.000000000,0.000000000
CR-C02-012-A0061,CR-C02-012,DS04,cerro_rojo,CAMPAIGN_02,120.000000000,122.000000000,2.000000000,0.032708554,0.000000000,0.000000000
CR-C02-012-A0062,CR-C02-012,DS04,cerro_rojo,CAMPAIGN_02,122.000000000,124.000000000,2.000000000,0.034540912,0.000000000,0.000000000
CR-C02-012-A0063,CR-C02-012,DS04,cerro_rojo,CAMPAIGN_02,124.000000000,126.000000000,2.000000000,0.034712082,0.000000000,0.000000000
CR-C02-012-A0064,CR-C02-012,DS04,cerro_rojo,CAMPAIGN_02,126.000000000,128.000000000,2.000000000,0.037256893,0.000000000,0.000000000
CR-C02-012-A0065,CR-C02-012,DS04,cerro_rojo,CAMPAIGN_02,128.000000000,130.000000000,2.000000000,0.038124060,0.000000000,0.000000000
CR-C02-012-A0066,CR-C02-012,DS04,cerro_rojo,CAMPAIGN_02,130.000000000,132.000000000,2.000000000,0.036866962,0.000000000,0.000000000
CR-C02-012-A0067,CR-C02-012,DS04,cerro_rojo,CAMPAIGN_02,132.000000000,134.000000000,2.000000000,0.039949938,0.000000000,0.000000000
CR-C02-012-A0068,CR-C02-012,DS04,cerro_rojo,CAMPAIGN_02,134.000000000,136.000000000,2.000000000,0.040064006,0.000000000,0.000000000
CR-C02-012-A0069,CR-C02-012,DS04,cerro_rojo,CAMPAIGN_02,136.000000000,138.000000000,2.000000000,0.037473639,0.000000000,0.000000000
CR-C02-012-A0070,CR-C02-012,DS04,cerro_rojo,CAMPAIGN_02,138.000000000,140.000000000,2.000000000,0.039994421,0.000000000,0.000000000
CR-C02-012-A0071,CR-C02-012,DS04,cerro_rojo,CAMPAIGN_02,140.000000000,142.000000000,2.000000000,0.044771924,0.000000000,0.000000000
CR-C02-012-A0072,CR-C02-012,DS04,cerro_rojo,CAMPAIGN_02,142.000000000,144.000000000,2.000000000,0.040961623,0.000000000,0.000000000
CR-C02-012-A0073,CR-C02-012,DS04,cerro_rojo,CAMPAIGN_02,144.000000000,146.000000000,2.000000000,0.042702046,0.000000000,0.000000000
CR-C02-012-A0074,CR-C02-012,DS04,cerro_rojo,CAMPAIGN_02,146.000000000,148.000000000,2.000000000,0.043000036,0.000000000,0.000000000
CR-C02-012-A0075,CR-C02-012,DS04,cerro_rojo,CAMPAIGN_02,148.000000000,150.000000000,2.000000000,0.047764510,0.000000000,0.000000000
CR-C02-012-A0076,CR-C02-012,DS04,cerro_rojo,CAMPAIGN_02,150.000000000,152.000000000,2.000000000,0.046011957,0.000000000,0.000000000
CR-C02-012-A0077,CR-C02-012,DS04,cerro_rojo,CAMPAIGN_02,152.000000000,154.000000000,2.000000000,0.046654770,0.000000000,0.000000000
CR-C02-012-A0078,CR-C02-012,DS04,cerro_rojo,CAMPAIGN_02,154.000000000,156.000000000,2.000000000,0.048354763,0.000000000,0.000000000
CR-C02-012-A0079,CR-C02-012,DS04,cerro_rojo,CAMPAIGN_02,156.000000000,158.000000000,2.000000000,0.052046465,0.000000000,0.000000000
CR-C02-012-A0080,CR-C02-012,DS04,cerro_rojo,CAMPAIGN_02,158.000000000,160.000000000,2.000000000,0.050156680,0.000000000,0.000000000
CR-C02-012-A0081,CR-C02-012,DS04,cerro_rojo,CAMPAIGN_02,160.000000000,162.000000000,2.000000000,0.050118150,0.000000000,0.000000000
CR-C02-012-A0082,CR-C02-012,DS04,cerro_rojo,CAMPAIGN_02,162.000000000,164.000000000,2.000000000,0.051299485,0.000000000,0.000000000
CR-C02-012-A0083,CR-C02-012,DS04,cerro_rojo,CAMPAIGN_02,164.000000000,166.000000000,2.000000000,0.050923085,0.000000000,0.000000000
CR-C02-012-A0084,CR-C02-012,DS04,cerro_rojo,CAMPAIGN_02,166.000000000,168.000000000,2.000000000,0.056208835,0.000000000,0.000000000
CR-C02-012-A0085,CR-C02-012,DS04,cerro_rojo,CAMPAIGN_02,168.000000000,170.000000000,2.000000000,0.051530130,0.000000000,0.000000000
CR-C02-012-A0086,CR-C02-012,DS04,cerro_rojo,CAMPAIGN_02,170.000000000,172.000000000,2.000000000,0.055010453,0.000000000,0.000000000
CR-C02-012-A0087,CR-C02-012,DS04,cerro_rojo,CAMPAIGN_02,172.000000000,174.000000000,2.000000000,0.063820116,0.000000000,0.000000000
CR-C02-012-A0088,CR-C02-012,DS04,cerro_rojo,CAMPAIGN_02,174.000000000,176.000000000,2.000000000,0.057665166,0.000000000,0.000000000
CR-C02-012-A0089,CR-C02-012,DS04,cerro_rojo,CAMPAIGN_02,176.000000000,178.000000000,2.000000000,0.069079179,0.000000000,0.000000000
CR-C02-012-A0090,CR-C02-012,DS04,cerro_rojo,CAMPAIGN_02,178.000000000,180.000000000,2.000000000,0.062169125,0.000000000,0.000000000
CR-C02-012-A0091,CR-C02-012,DS04,cerro_rojo,CAMPAIGN_02,180.000000000,182.000000000,2.000000000,0.063762809,0.000000000,0.000000000
CR-C02-012-A0092,CR-C02-012,DS04,cerro_rojo,CAMPAIGN_02,182.000000000,184.000000000,2.000000000,0.065235743,0.000000000,0.000000000
CR-C02-012-A0093,CR-C02-012,DS04,cerro_rojo,CAMPAIGN_02,184.000000000,186.000000000,2.000000000,0.065537739,0.000000000,0.000000000
CR-C02-012-A0094,CR-C02-012,DS04,cerro_rojo,CAMPAIGN_02,186.000000000,188.000000000,2.000000000,0.072744602,0.000000000,0.000000000
CR-C02-012-A0095,CR-C02-012,DS04,cerro_rojo,CAMPAIGN_02,188.000000000,190.000000000,2.000000000,0.075304545,0.000000000,0.000000000
CR-C02-012-A0096,CR-C02-012,DS04,cerro_rojo,CAMPAIGN_02,190.000000000,192.000000000,2.000000000,0.077101938,0.000000000,0.000000000
CR-C02-012-A0097,CR-C02-012,DS04,cerro_rojo,CAMPAIGN_02,192.000000000,194.000000000,2.000000000,0.076686481,0.000000000,0.000000000
CR-C02-012-A0098,CR-C02-012,DS04,cerro_rojo,CAMPAIGN_02,194.000000000,196.000000000,2.000000000,0.083016692,0.000000000,0.000000000
CR-C02-012-A0099,CR-C02-012,DS04,cerro_rojo,CAMPAIGN_02,196.000000000,198.000000000,2.000000000,0.078354481,0.000000000,0.000000000
CR-C02-012-A0100,CR-C02-012,DS04,cerro_rojo,CAMPAIGN_02,198.000000000,200.000000000,2.000000000,0.080489425,0.000000000,0.000000000
CR-C02-012-A0101,CR-C02-012,DS04,cerro_rojo,CAMPAIGN_02,200.000000000,202.000000000,2.000000000,0.079593718,0.000000000,0.000000000
CR-C02-012-A0102,CR-C02-012,DS04,cerro_rojo,CAMPAIGN_02,202.000000000,204.000000000,2.000000000,0.078784042,0.000000000,0.000000000
CR-C02-012-A0103,CR-C02-012,DS04,cerro_rojo,CAMPAIGN_02,204.000000000,206.000000000,2.000000000,0.086250377,0.000000000,0.000000000
CR-C02-012-A0104,CR-C02-012,DS04,cerro_rojo,CAMPAIGN_02,206.000000000,208.000000000,2.000000000,0.091723812,0.000000000,0.000000000
CR-C02-012-A0105,CR-C02-012,DS04,cerro_rojo,CAMPAIGN_02,208.000000000,210.000000000,2.000000000,0.094251116,0.000000000,0.000000000
CR-C02-012-A0106,CR-C02-012,DS04,cerro_rojo,CAMPAIGN_02,210.000000000,212.000000000,2.000000000,0.092628968,0.000000000,0.000000000
CR-C02-012-A0107,CR-C02-012,DS04,cerro_rojo,CAMPAIGN_02,212.000000000,214.000000000,2.000000000,0.099222084,0.000000000,0.000000000
CR-C02-012-A0108,CR-C02-012,DS04,cerro_rojo,CAMPAIGN_02,214.000000000,216.000000000,2.000000000,0.107719767,0.000000000,0.000000000
CR-C02-012-A0109,CR-C02-012,DS04,cerro_rojo,CAMPAIGN_02,216.000000000,218.000000000,2.000000000,0.094638714,0.000000000,0.000000000
CR-C02-012-A0110,CR-C02-012,DS04,cerro_rojo,CAMPAIGN_02,218.000000000,220.000000000,2.000000000,0.103533954,0.000000000,0.000000000
CR-C02-012-A0111,CR-C02-012,DS04,cerro_rojo,CAMPAIGN_02,220.000000000,222.000000000,2.000000000,0.102369560,0.000000000,0.000000000
CR-C02-012-A0112,CR-C02-012,DS04,cerro_rojo,CAMPAIGN_02,222.000000000,224.000000000,2.000000000,0.103208220,0.000000000,0.000000000
CR-C02-012-A0113,CR-C02-012,DS04,cerro_rojo,CAMPAIGN_02,224.000000000,226.000000000,2.000000000,0.113817949,0.000000000,0.000000000
CR-C02-012-A0114,CR-C02-012,DS04,cerro_rojo,CAMPAIGN_02,226.000000000,228.000000000,2.000000000,0.106896851,0.000000000,0.000000000
CR-C02-012-A0115,CR-C02-012,DS04,cerro_rojo,CAMPAIGN_02,228.000000000,230.000000000,2.000000000,0.110544414,0.000000000,0.000000000
CR-C02-012-A0116,CR-C02-012,DS04,cerro_rojo,CAMPAIGN_02,230.000000000,232.000000000,2.000000000,0.113552769,0.000000000,0.000000000
CR-C02-012-A0117,CR-C02-012,DS04,cerro_rojo,CAMPAIGN_02,232.000000000,234.000000000,2.000000000,0.117732152,0.000000000,0.000000000
CR-C02-012-A0118,CR-C02-012,DS04,cerro_rojo,CAMPAIGN_02,234.000000000,236.000000000,2.000000000,0.111417620,0.000000000,0.000000000
CR-C02-012-A0119,CR-C02-012,DS04,cerro_rojo,CAMPAIGN_02,236.000000000,238.000000000,2.000000000,0.113106359,0.000000000,0.000000000
CR-C02-012-A0120,CR-C02-012,DS04,cerro_rojo,CAMPAIGN_02,238.000000000,240.000000000,2.000000000,0.125321568,0.000000000,0.000000000
CR-C02-012-A0121,CR-C02-012,DS04,cerro_rojo,CAMPAIGN_02,240.000000000,242.000000000,2.000000000,0.130200528,0.000000000,0.000000000
CR-C02-012-A0122,CR-C02-012,DS04,cerro_rojo,CAMPAIGN_02,242.000000000,244.000000000,2.000000000,0.142720771,0.000000000,0.000000000
CR-C02-012-A0123,CR-C02-012,DS04,cerro_rojo,CAMPAIGN_02,244.000000000,246.000000000,2.000000000,0.137017840,0.000000000,0.000000000
CR-C02-012-A0124,CR-C02-012,DS04,cerro_rojo,CAMPAIGN_02,246.000000000,248.000000000,2.000000000,0.148126630,0.000000000,0.000000000
CR-C02-012-A0125,CR-C02-012,DS04,cerro_rojo,CAMPAIGN_02,248.000000000,250.000000000,2.000000000,0.142784975,0.000000000,0.000000000
CR-C02-012-A0126,CR-C02-012,DS04,cerro_rojo,CAMPAIGN_02,250.000000000,252.000000000,2.000000000,0.144409852,0.000000000,0.000000000
CR-C02-012-A0127,CR-C02-012,DS04,cerro_rojo,CAMPAIGN_02,252.000000000,254.000000000,2.000000000,0.149714850,0.000000000,0.000000000
CR-C02-012-A0128,CR-C02-012,DS04,cerro_rojo,CAMPAIGN_02,254.000000000,256.000000000,2.000000000,0.143438859,0.000000000,0.000000000
CR-C02-012-A0129,CR-C02-012,DS04,cerro_rojo,CAMPAIGN_02,256.000000000,258.000000000,2.000000000,0.154927223,0.000000000,0.000000000
CR-C02-012-A0130,CR-C02-012,DS04,cerro_rojo,CAMPAIGN_02,258.000000000,260.000000000,2.000000000,0.164074911,0.000000000,0.000000000
CR-C02-012-A0131,CR-C02-012,DS04,cerro_rojo,CAMPAIGN_02,260.000000000,262.000000000,2.000000000,0.161304717,0.000000000,0.000000000
CR-C02-012-A0132,CR-C02-012,DS04,cerro_rojo,CAMPAIGN_02,262.000000000,264.000000000,2.000000000,0.152537446,0.000000000,0.000000000
CR-C02-012-A0133,CR-C02-012,DS04,cerro_rojo,CAMPAIGN_02,264.000000000,266.000000000,2.000000000,0.163291046,0.000000000,0.000000000
CR-C02-012-A0134,CR-C02-012,DS04,cerro_rojo,CAMPAIGN_02,266.000000000,268.000000000,2.000000000,0.160846915,0.000000000,0.000000000
CR-C02-012-A0135,CR-C02-012,DS04,cerro_rojo,CAMPAIGN_02,268.000000000,270.000000000,2.000000000,0.172281517,0.000000000,0.000000000
CR-C02-012-A0136,CR-C02-012,DS04,cerro_rojo,CAMPAIGN_02,270.000000000,272.000000000,2.000000000,0.166465303,0.000000000,0.000000000
CR-C02-012-A0137,CR-C02-012,DS04,cerro_rojo,CAMPAIGN_02,272.000000000,274.000000000,2.000000000,0.175716253,0.000000000,0.000000000
CR-C02-012-A0138,CR-C02-012,DS04,cerro_rojo,CAMPAIGN_02,274.000000000,276.000000000,2.000000000,0.173401262,0.000000000,0.000000000
CR-C02-012-A0139,CR-C02-012,DS04,cerro_rojo,CAMPAIGN_02,276.000000000,278.000000000,2.000000000,0.183454594,0.000000000,0.000000000
CR-C02-012-A0140,CR-C02-012,DS04,cerro_rojo,CAMPAIGN_02,278.000000000,280.000000000,2.000000000,0.177406695,0.000000000,0.000000000
CR-C02-012-A0141,CR-C02-012,DS04,cerro_rojo,CAMPAIGN_02,280.000000000,282.000000000,2.000000000,0.176879713,0.000000000,0.000000000
CR-C02-012-A0142,CR-C02-012,DS04,cerro_rojo,CAMPAIGN_02,282.000000000,284.000000000,2.000000000,0.169571375,0.000000000,0.000000000
CR-C02-012-A0143,CR-C02-012,DS04,cerro_rojo,CAMPAIGN_02,284.000000000,286.000000000,2.000000000,0.200439987,0.000000000,0.000000000
CR-C02-012-A0144,CR-C02-012,DS04,cerro_rojo,CAMPAIGN_02,286.000000000,288.000000000,2.000000000,0.196351180,0.000000000,0.000000000
CR-C02-012-A0145,CR-C02-012,DS04,cerro_rojo,CAMPAIGN_02,288.000000000,290.000000000,2.000000000,0.189089478,0.000000000,0.000000000
CR-C02-012-A0146,CR-C02-012,DS04,cerro_rojo,CAMPAIGN_02,290.000000000,292.000000000,2.000000000,0.185441177,0.000000000,0.000000000
CR-C02-012-A0147,CR-C02-012,DS04,cerro_rojo,CAMPAIGN_02,292.000000000,294.000000000,2.000000000,0.192844602,0.000000000,0.000000000
CR-C02-012-A0148,CR-C02-012,DS04,cerro_rojo,CAMPAIGN_02,294.000000000,296.000000000,2.000000000,0.213912754,0.000000000,0.000000000
CR-C02-012-A0149,CR-C02-012,DS04,cerro_rojo,CAMPAIGN_02,296.000000000,298.000000000,2.000000000,0.213212975,0.000000000,0.000000000
CR-C02-012-A0150,CR-C02-012,DS04,cerro_rojo,CAMPAIGN_02,298.000000000,300.000000000,2.000000000,0.216848809,0.000000000,0.000000000
CR-C02-012-A0151,CR-C02-012,DS04,cerro_rojo,CAMPAIGN_02,300.000000000,302.000000000,2.000000000,0.196867509,0.000000000,0.000000000
CR-C02-012-A0152,CR-C02-012,DS04,cerro_rojo,CAMPAIGN_02,302.000000000,304.000000000,2.000000000,0.207346169,0.000000000,0.000000000
CR-C02-012-A0153,CR-C02-012,DS04,cerro_rojo,CAMPAIGN_02,304.000000000,306.000000000,2.000000000,0.227925077,0.000000000,0.000000000
CR-C02-012-A0154,CR-C02-012,DS04,cerro_rojo,CAMPAIGN_02,306.000000000,308.000000000,2.000000000,0.221683370,0.000000000,0.000000000
CR-C02-012-A0155,CR-C02-012,DS04,cerro_rojo,CAMPAIGN_02,308.000000000,310.000000000,2.000000000,0.220821572,0.000000000,0.000000000
CR-C02-012-A0156,CR-C02-012,DS04,cerro_rojo,CAMPAIGN_02,310.000000000,312.000000000,2.000000000,0.220502981,0.000000000,0.000000000
CR-C02-012-A0157,CR-C02-012,DS04,cerro_rojo,CAMPAIGN_02,312.000000000,314.000000000,2.000000000,0.222183877,0.000000000,0.000000000
CR-C02-012-A0158,CR-C02-012,DS04,cerro_rojo,CAMPAIGN_02,314.000000000,316.000000000,2.000000000,0.220016412,0.000000000,0.000000000
CR-C02-012-A0159,CR-C02-012,DS04,cerro_rojo,CAMPAIGN_02,316.000000000,318.000000000,2.000000000,0.238017005,0.000000000,0.000000000
CR-C02-012-A0160,CR-C02-012,DS04,cerro_rojo,CAMPAIGN_02,318.000000000,320.000000000,2.000000000,0.227246089,0.000000000,0.000000000
CR-C02-012-A0161,CR-C02-012,DS04,cerro_rojo,CAMPAIGN_02,320.000000000,322.000000000,2.000000000,0.226707816,0.000000000,0.000000000
CR-C02-012-A0162,CR-C02-012,DS04,cerro_rojo,CAMPAIGN_02,322.000000000,324.000000000,2.000000000,0.228658846,0.000000000,0.000000000
CR-C02-012-A0163,CR-C02-012,DS04,cerro_rojo,CAMPAIGN_02,324.000000000,326.000000000,2.000000000,0.231597942,0.000000000,0.000000000
CR-C02-012-A0164,CR-C02-012,DS04,cerro_rojo,CAMPAIGN_02,326.000000000,328.000000000,2.000000000,0.233842365,0.000000000,0.000000000
CR-C02-012-A0165,CR-C02-012,DS04,cerro_rojo,CAMPAIGN_02,328.000000000,330.000000000,2.000000000,0.231991359,0.000000000,0.000000000
CR-C02-012-A0166,CR-C02-012,DS04,cerro_rojo,CAMPAIGN_02,330.000000000,332.000000000,2.000000000,0.240650022,0.000000000,0.000000000
CR-C02-012-A0167,CR-C02-012,DS04,cerro_rojo,CAMPAIGN_02,332.000000000,334.000000000,2.000000000,0.245282084,0.000000000,0.000000000
CR-C02-012-A0168,CR-C02-012,DS04,cerro_rojo,CAMPAIGN_02,334.000000000,336.000000000,2.000000000,0.255070059,0.000000000,0.000000000
CR-C02-012-A0169,CR-C02-012,DS04,cerro_rojo,CAMPAIGN_02,336.000000000,338.000000000,2.000000000,0.245453370,0.000000000,0.000000000
CR-C02-012-A0170,CR-C02-012,DS04,cerro_rojo,CAMPAIGN_02,338.000000000,340.000000000,2.000000000,0.248613301,0.000000000,0.000000000
CR-C02-012-A0171,CR-C02-012,DS04,cerro_rojo,CAMPAIGN_02,340.000000000,342.000000000,2.000000000,0.265760352,0.000000000,0.000000000
CR-C02-012-A0172,CR-C02-012,DS04,cerro_rojo,CAMPAIGN_02,342.000000000,344.000000000,2.000000000,0.261409248,0.000000000,0.000000000
CR-C02-012-A0173,CR-C02-012,DS04,cerro_rojo,CAMPAIGN_02,344.000000000,346.000000000,2.000000000,0.248064790,0.000000000,0.000000000
CR-C02-012-A0174,CR-C02-012,DS04,cerro_rojo,CAMPAIGN_02,346.000000000,347.984641236,1.984641236,0.278193504,0.000000000,0.000000000
CR-C02-013-A0001,CR-C02-013,DS04,cerro_rojo,CAMPAIGN_02,0.000000000,2.000000000,2.000000000,0.076854323,0.000000000,0.000000000
CR-C02-013-A0002,CR-C02-013,DS04,cerro_rojo,CAMPAIGN_02,2.000000000,4.000000000,2.000000000,0.071277356,0.000000000,0.000000000
CR-C02-013-A0003,CR-C02-013,DS04,cerro_rojo,CAMPAIGN_02,4.000000000,6.000000000,2.000000000,0.075447616,0.000000000,0.000000000
CR-C02-013-A0004,CR-C02-013,DS04,cerro_rojo,CAMPAIGN_02,6.000000000,8.000000000,2.000000000,0.082955345,0.000000000,0.000000000
CR-C02-013-A0005,CR-C02-013,DS04,cerro_rojo,CAMPAIGN_02,8.000000000,10.000000000,2.000000000,0.093328904,0.000000000,0.000000000
CR-C02-013-A0006,CR-C02-013,DS04,cerro_rojo,CAMPAIGN_02,10.000000000,12.000000000,2.000000000,0.090476745,0.000000000,0.000000000
CR-C02-013-A0007,CR-C02-013,DS04,cerro_rojo,CAMPAIGN_02,12.000000000,14.000000000,2.000000000,0.090775572,0.000000000,0.000000000
CR-C02-013-A0008,CR-C02-013,DS04,cerro_rojo,CAMPAIGN_02,14.000000000,16.000000000,2.000000000,0.091362363,0.000000000,0.000000000
CR-C02-013-A0009,CR-C02-013,DS04,cerro_rojo,CAMPAIGN_02,16.000000000,18.000000000,2.000000000,0.091332535,0.000000000,0.000000000
CR-C02-013-A0010,CR-C02-013,DS04,cerro_rojo,CAMPAIGN_02,18.000000000,20.000000000,2.000000000,0.094714026,0.000000000,0.000000000
CR-C02-013-A0011,CR-C02-013,DS04,cerro_rojo,CAMPAIGN_02,20.000000000,22.000000000,2.000000000,0.102814534,0.000000000,0.000000000
CR-C02-013-A0012,CR-C02-013,DS04,cerro_rojo,CAMPAIGN_02,22.000000000,24.000000000,2.000000000,0.092344392,0.000000000,0.000000000
CR-C02-013-A0013,CR-C02-013,DS04,cerro_rojo,CAMPAIGN_02,24.000000000,26.000000000,2.000000000,0.104597097,0.000000000,0.000000000
CR-C02-013-A0014,CR-C02-013,DS04,cerro_rojo,CAMPAIGN_02,26.000000000,28.000000000,2.000000000,0.110419179,0.000000000,0.000000000
CR-C02-013-A0015,CR-C02-013,DS04,cerro_rojo,CAMPAIGN_02,28.000000000,30.000000000,2.000000000,0.110505653,0.000000000,0.000000000
CR-C02-013-A0016,CR-C02-013,DS04,cerro_rojo,CAMPAIGN_02,30.000000000,32.000000000,2.000000000,0.106728502,0.000000000,0.000000000
CR-C02-013-A0017,CR-C02-013,DS04,cerro_rojo,CAMPAIGN_02,32.000000000,34.000000000,2.000000000,0.112944900,0.000000000,0.000000000
CR-C02-013-A0018,CR-C02-013,DS04,cerro_rojo,CAMPAIGN_02,34.000000000,36.000000000,2.000000000,0.119905458,0.000000000,0.000000000
CR-C02-013-A0019,CR-C02-013,DS04,cerro_rojo,CAMPAIGN_02,36.000000000,38.000000000,2.000000000,0.127102246,0.000000000,0.000000000
CR-C02-013-A0020,CR-C02-013,DS04,cerro_rojo,CAMPAIGN_02,38.000000000,40.000000000,2.000000000,0.123111536,0.000000000,0.000000000
CR-C02-013-A0021,CR-C02-013,DS04,cerro_rojo,CAMPAIGN_02,40.000000000,42.000000000,2.000000000,0.119609814,0.000000000,0.000000000
CR-C02-013-A0022,CR-C02-013,DS04,cerro_rojo,CAMPAIGN_02,42.000000000,44.000000000,2.000000000,0.129333952,0.000000000,0.000000000
CR-C02-013-A0023,CR-C02-013,DS04,cerro_rojo,CAMPAIGN_02,44.000000000,46.000000000,2.000000000,0.137855357,0.000000000,0.000000000
CR-C02-013-A0024,CR-C02-013,DS04,cerro_rojo,CAMPAIGN_02,46.000000000,48.000000000,2.000000000,0.130800393,0.000000000,0.000000000
CR-C02-013-A0025,CR-C02-013,DS04,cerro_rojo,CAMPAIGN_02,48.000000000,50.000000000,2.000000000,0.141885725,0.000000000,0.000000000
CR-C02-013-A0026,CR-C02-013,DS04,cerro_rojo,CAMPAIGN_02,50.000000000,52.000000000,2.000000000,0.135635166,0.000000000,0.000000000
CR-C02-013-A0027,CR-C02-013,DS04,cerro_rojo,CAMPAIGN_02,52.000000000,54.000000000,2.000000000,0.137382882,0.000000000,0.000000000
CR-C02-013-A0028,CR-C02-013,DS04,cerro_rojo,CAMPAIGN_02,54.000000000,56.000000000,2.000000000,0.143676316,0.000000000,0.000000000
CR-C02-013-A0029,CR-C02-013,DS04,cerro_rojo,CAMPAIGN_02,56.000000000,58.000000000,2.000000000,0.158419511,0.000000000,0.000000000
CR-C02-013-A0030,CR-C02-013,DS04,cerro_rojo,CAMPAIGN_02,58.000000000,60.000000000,2.000000000,0.143951279,0.000000000,0.000000000
CR-C02-013-A0031,CR-C02-013,DS04,cerro_rojo,CAMPAIGN_02,60.000000000,62.000000000,2.000000000,0.154013418,0.000000000,0.000000000
CR-C02-013-A0032,CR-C02-013,DS04,cerro_rojo,CAMPAIGN_02,62.000000000,64.000000000,2.000000000,0.168667747,0.000000000,0.000000000
CR-C02-013-A0033,CR-C02-013,DS04,cerro_rojo,CAMPAIGN_02,64.000000000,66.000000000,2.000000000,0.181020528,0.000000000,0.000000000
CR-C02-013-A0034,CR-C02-013,DS04,cerro_rojo,CAMPAIGN_02,66.000000000,68.000000000,2.000000000,0.175019702,0.000000000,0.000000000
CR-C02-013-A0035,CR-C02-013,DS04,cerro_rojo,CAMPAIGN_02,68.000000000,70.000000000,2.000000000,0.168199102,0.000000000,0.000000000
CR-C02-013-A0036,CR-C02-013,DS04,cerro_rojo,CAMPAIGN_02,70.000000000,72.000000000,2.000000000,0.182988737,0.000000000,0.000000000
CR-C02-013-A0037,CR-C02-013,DS04,cerro_rojo,CAMPAIGN_02,72.000000000,74.000000000,2.000000000,0.169302538,0.000000000,0.000000000
CR-C02-013-A0038,CR-C02-013,DS04,cerro_rojo,CAMPAIGN_02,74.000000000,76.000000000,2.000000000,0.183176483,0.000000000,0.000000000
CR-C02-013-A0039,CR-C02-013,DS04,cerro_rojo,CAMPAIGN_02,76.000000000,78.000000000,2.000000000,0.172822450,0.000000000,0.000000000
CR-C02-013-A0040,CR-C02-013,DS04,cerro_rojo,CAMPAIGN_02,78.000000000,80.000000000,2.000000000,0.190645797,0.000000000,0.000000000
CR-C02-013-A0041,CR-C02-013,DS04,cerro_rojo,CAMPAIGN_02,80.000000000,82.000000000,2.000000000,0.193759630,0.000000000,0.000000000
CR-C02-013-A0042,CR-C02-013,DS04,cerro_rojo,CAMPAIGN_02,82.000000000,84.000000000,2.000000000,0.185894562,0.000000000,0.000000000
CR-C02-013-A0043,CR-C02-013,DS04,cerro_rojo,CAMPAIGN_02,84.000000000,86.000000000,2.000000000,0.188395637,0.000000000,0.000000000
CR-C02-013-A0044,CR-C02-013,DS04,cerro_rojo,CAMPAIGN_02,86.000000000,88.000000000,2.000000000,0.217832687,0.000000000,0.000000000
CR-C02-013-A0045,CR-C02-013,DS04,cerro_rojo,CAMPAIGN_02,88.000000000,90.000000000,2.000000000,0.202426088,0.000000000,0.000000000
CR-C02-013-A0046,CR-C02-013,DS04,cerro_rojo,CAMPAIGN_02,90.000000000,92.000000000,2.000000000,0.199613736,0.000000000,0.000000000
CR-C02-013-A0047,CR-C02-013,DS04,cerro_rojo,CAMPAIGN_02,92.000000000,94.000000000,2.000000000,0.217060300,0.000000000,0.000000000
CR-C02-013-A0048,CR-C02-013,DS04,cerro_rojo,CAMPAIGN_02,94.000000000,96.000000000,2.000000000,0.228204755,0.000000000,0.000000000
CR-C02-013-A0049,CR-C02-013,DS04,cerro_rojo,CAMPAIGN_02,96.000000000,98.000000000,2.000000000,0.218077508,0.000000000,0.000000000
CR-C02-013-A0050,CR-C02-013,DS04,cerro_rojo,CAMPAIGN_02,98.000000000,100.000000000,2.000000000,0.213699082,0.000000000,0.000000000
CR-C02-013-A0051,CR-C02-013,DS04,cerro_rojo,CAMPAIGN_02,100.000000000,102.000000000,2.000000000,0.228755944,0.000000000,0.000000000
CR-C02-013-A0052,CR-C02-013,DS04,cerro_rojo,CAMPAIGN_02,102.000000000,104.000000000,2.000000000,0.232759029,0.000000000,0.000000000
CR-C02-013-A0053,CR-C02-013,DS04,cerro_rojo,CAMPAIGN_02,104.000000000,106.000000000,2.000000000,0.226600275,0.000000000,0.000000000
CR-C02-013-A0054,CR-C02-013,DS04,cerro_rojo,CAMPAIGN_02,106.000000000,108.000000000,2.000000000,0.237966730,0.000000000,0.000000000
CR-C02-013-A0055,CR-C02-013,DS04,cerro_rojo,CAMPAIGN_02,108.000000000,110.000000000,2.000000000,0.237205851,0.000000000,0.000000000
CR-C02-013-A0056,CR-C02-013,DS04,cerro_rojo,CAMPAIGN_02,110.000000000,112.000000000,2.000000000,0.251412554,0.000000000,0.000000000
CR-C02-013-A0057,CR-C02-013,DS04,cerro_rojo,CAMPAIGN_02,112.000000000,114.000000000,2.000000000,0.245107134,0.000000000,0.000000000
CR-C02-013-A0058,CR-C02-013,DS04,cerro_rojo,CAMPAIGN_02,114.000000000,116.000000000,2.000000000,0.255287892,0.000000000,0.000000000
CR-C02-013-A0059,CR-C02-013,DS04,cerro_rojo,CAMPAIGN_02,116.000000000,118.000000000,2.000000000,0.258209040,0.000000000,0.000000000
CR-C02-013-A0060,CR-C02-013,DS04,cerro_rojo,CAMPAIGN_02,118.000000000,120.000000000,2.000000000,0.261964640,0.000000000,0.000000000
CR-C02-013-A0061,CR-C02-013,DS04,cerro_rojo,CAMPAIGN_02,120.000000000,122.000000000,2.000000000,0.265828445,0.000000000,0.000000000
CR-C02-013-A0062,CR-C02-013,DS04,cerro_rojo,CAMPAIGN_02,122.000000000,124.000000000,2.000000000,0.264072829,0.000000000,0.000000000
CR-C02-013-A0063,CR-C02-013,DS04,cerro_rojo,CAMPAIGN_02,124.000000000,126.000000000,2.000000000,0.255154098,0.000000000,0.000000000
CR-C02-013-A0064,CR-C02-013,DS04,cerro_rojo,CAMPAIGN_02,126.000000000,128.000000000,2.000000000,0.268942635,0.000000000,0.000000000
CR-C02-013-A0065,CR-C02-013,DS04,cerro_rojo,CAMPAIGN_02,128.000000000,130.000000000,2.000000000,0.286691307,0.000000000,0.000000000
CR-C02-013-A0066,CR-C02-013,DS04,cerro_rojo,CAMPAIGN_02,130.000000000,132.000000000,2.000000000,0.273417406,0.000000000,0.000000000
CR-C02-013-A0067,CR-C02-013,DS04,cerro_rojo,CAMPAIGN_02,132.000000000,134.000000000,2.000000000,0.286968228,0.000000000,0.000000000
CR-C02-013-A0068,CR-C02-013,DS04,cerro_rojo,CAMPAIGN_02,134.000000000,136.000000000,2.000000000,0.299056795,0.000000000,0.000000000
CR-C02-013-A0069,CR-C02-013,DS04,cerro_rojo,CAMPAIGN_02,136.000000000,138.000000000,2.000000000,0.307787946,0.000000000,0.000000000
CR-C02-013-A0070,CR-C02-013,DS04,cerro_rojo,CAMPAIGN_02,138.000000000,140.000000000,2.000000000,0.301882840,0.000000000,0.000000000
CR-C02-013-A0071,CR-C02-013,DS04,cerro_rojo,CAMPAIGN_02,140.000000000,142.000000000,2.000000000,0.288490809,0.000000000,0.000000000
CR-C02-013-A0072,CR-C02-013,DS04,cerro_rojo,CAMPAIGN_02,142.000000000,144.000000000,2.000000000,0.307983856,0.000000000,0.000000000
CR-C02-013-A0073,CR-C02-013,DS04,cerro_rojo,CAMPAIGN_02,144.000000000,146.000000000,2.000000000,0.298288303,0.000000000,0.000000000
CR-C02-013-A0074,CR-C02-013,DS04,cerro_rojo,CAMPAIGN_02,146.000000000,148.000000000,2.000000000,0.292962234,0.000000000,0.000000000
CR-C02-013-A0075,CR-C02-013,DS04,cerro_rojo,CAMPAIGN_02,148.000000000,150.000000000,2.000000000,0.300049346,0.000000000,0.000000000
CR-C02-013-A0076,CR-C02-013,DS04,cerro_rojo,CAMPAIGN_02,150.000000000,152.000000000,2.000000000,0.320677229,0.000000000,0.000000000
CR-C02-013-A0077,CR-C02-013,DS04,cerro_rojo,CAMPAIGN_02,152.000000000,154.000000000,2.000000000,0.289499327,0.000000000,0.000000000
CR-C02-013-A0078,CR-C02-013,DS04,cerro_rojo,CAMPAIGN_02,154.000000000,156.000000000,2.000000000,0.305766152,0.000000000,0.000000000
CR-C02-013-A0079,CR-C02-013,DS04,cerro_rojo,CAMPAIGN_02,156.000000000,158.000000000,2.000000000,0.326970112,0.000000000,0.000000000
CR-C02-013-A0080,CR-C02-013,DS04,cerro_rojo,CAMPAIGN_02,158.000000000,160.000000000,2.000000000,0.300316052,0.000000000,0.000000000
CR-C02-013-A0081,CR-C02-013,DS04,cerro_rojo,CAMPAIGN_02,160.000000000,162.000000000,2.000000000,0.344404511,0.000000000,0.000000000
CR-C02-013-A0082,CR-C02-013,DS04,cerro_rojo,CAMPAIGN_02,162.000000000,164.000000000,2.000000000,0.333085313,0.000000000,0.000000000
CR-C02-013-A0083,CR-C02-013,DS04,cerro_rojo,CAMPAIGN_02,164.000000000,166.000000000,2.000000000,0.318610140,0.000000000,0.000000000
CR-C02-013-A0084,CR-C02-013,DS04,cerro_rojo,CAMPAIGN_02,166.000000000,168.000000000,2.000000000,0.323646143,0.000000000,0.000000000
CR-C02-013-A0085,CR-C02-013,DS04,cerro_rojo,CAMPAIGN_02,168.000000000,170.000000000,2.000000000,0.331467036,0.000000000,0.000000000
CR-C02-013-A0086,CR-C02-013,DS04,cerro_rojo,CAMPAIGN_02,170.000000000,172.000000000,2.000000000,0.317892092,0.000000000,0.000000000
CR-C02-013-A0087,CR-C02-013,DS04,cerro_rojo,CAMPAIGN_02,172.000000000,174.000000000,2.000000000,0.320806479,0.000000000,0.000000000
CR-C02-013-A0088,CR-C02-013,DS04,cerro_rojo,CAMPAIGN_02,174.000000000,176.000000000,2.000000000,0.336080400,0.000000000,0.000000000
CR-C02-013-A0089,CR-C02-013,DS04,cerro_rojo,CAMPAIGN_02,176.000000000,178.000000000,2.000000000,0.316746490,0.000000000,0.000000000
CR-C02-013-A0090,CR-C02-013,DS04,cerro_rojo,CAMPAIGN_02,178.000000000,180.000000000,2.000000000,0.340531727,0.000000000,0.000000000
CR-C02-013-A0091,CR-C02-013,DS04,cerro_rojo,CAMPAIGN_02,180.000000000,182.000000000,2.000000000,0.325409159,0.000000000,0.000000000
CR-C02-013-A0092,CR-C02-013,DS04,cerro_rojo,CAMPAIGN_02,182.000000000,184.000000000,2.000000000,0.327507042,0.000000000,0.000000000
CR-C02-013-A0093,CR-C02-013,DS04,cerro_rojo,CAMPAIGN_02,184.000000000,186.000000000,2.000000000,0.330249122,0.000000000,0.000000000
CR-C02-013-A0094,CR-C02-013,DS04,cerro_rojo,CAMPAIGN_02,186.000000000,188.000000000,2.000000000,0.345533434,0.000000000,0.000000000
CR-C02-013-A0095,CR-C02-013,DS04,cerro_rojo,CAMPAIGN_02,188.000000000,190.000000000,2.000000000,0.330404321,0.000000000,0.000000000
CR-C02-013-A0096,CR-C02-013,DS04,cerro_rojo,CAMPAIGN_02,190.000000000,192.000000000,2.000000000,0.318742569,0.000000000,0.000000000
CR-C02-013-A0097,CR-C02-013,DS04,cerro_rojo,CAMPAIGN_02,192.000000000,194.000000000,2.000000000,0.312800474,0.000000000,0.000000000
CR-C02-013-A0098,CR-C02-013,DS04,cerro_rojo,CAMPAIGN_02,194.000000000,196.000000000,2.000000000,0.364262625,0.000000000,0.000000000
CR-C02-013-A0099,CR-C02-013,DS04,cerro_rojo,CAMPAIGN_02,196.000000000,198.000000000,2.000000000,0.353549425,0.000000000,0.000000000
CR-C02-013-A0100,CR-C02-013,DS04,cerro_rojo,CAMPAIGN_02,198.000000000,200.000000000,2.000000000,0.334419684,0.000000000,0.000000000
CR-C02-013-A0101,CR-C02-013,DS04,cerro_rojo,CAMPAIGN_02,200.000000000,202.000000000,2.000000000,0.319107129,0.000000000,0.000000000
CR-C02-013-A0102,CR-C02-013,DS04,cerro_rojo,CAMPAIGN_02,202.000000000,204.000000000,2.000000000,0.338163981,0.000000000,0.000000000
CR-C02-013-A0103,CR-C02-013,DS04,cerro_rojo,CAMPAIGN_02,204.000000000,206.000000000,2.000000000,0.345284678,0.000000000,0.000000000
CR-C02-013-A0104,CR-C02-013,DS04,cerro_rojo,CAMPAIGN_02,206.000000000,208.000000000,2.000000000,0.319581725,0.000000000,0.000000000
CR-C02-013-A0105,CR-C02-013,DS04,cerro_rojo,CAMPAIGN_02,208.000000000,210.000000000,2.000000000,0.360795922,0.000000000,0.000000000
CR-C02-013-A0106,CR-C02-013,DS04,cerro_rojo,CAMPAIGN_02,210.000000000,212.000000000,2.000000000,0.333496865,0.000000000,0.000000000
CR-C02-013-A0107,CR-C02-013,DS04,cerro_rojo,CAMPAIGN_02,212.000000000,214.000000000,2.000000000,0.306027633,0.000000000,0.000000000
CR-C02-013-A0108,CR-C02-013,DS04,cerro_rojo,CAMPAIGN_02,214.000000000,216.000000000,2.000000000,0.333494677,0.000000000,0.000000000
CR-C02-013-A0109,CR-C02-013,DS04,cerro_rojo,CAMPAIGN_02,216.000000000,218.000000000,2.000000000,0.337412922,0.000000000,0.000000000
CR-C02-013-A0110,CR-C02-013,DS04,cerro_rojo,CAMPAIGN_02,218.000000000,220.000000000,2.000000000,0.338079103,0.000000000,0.000000000
CR-C02-013-A0111,CR-C02-013,DS04,cerro_rojo,CAMPAIGN_02,220.000000000,222.000000000,2.000000000,0.328027097,0.000000000,0.000000000
CR-C02-013-A0112,CR-C02-013,DS04,cerro_rojo,CAMPAIGN_02,222.000000000,224.000000000,2.000000000,0.304364518,0.000000000,0.000000000
CR-C02-013-A0113,CR-C02-013,DS04,cerro_rojo,CAMPAIGN_02,224.000000000,226.000000000,2.000000000,0.282886392,0.000000000,0.000000000
CR-C02-013-A0114,CR-C02-013,DS04,cerro_rojo,CAMPAIGN_02,226.000000000,228.000000000,2.000000000,0.339976646,0.000000000,0.000000000
CR-C02-013-A0115,CR-C02-013,DS04,cerro_rojo,CAMPAIGN_02,228.000000000,230.000000000,2.000000000,0.312832102,0.000000000,0.000000000
CR-C02-014-A0001,CR-C02-014,DS04,cerro_rojo,CAMPAIGN_02,0.000000000,2.000000000,2.000000000,0.142299133,0.000000000,0.000000000
CR-C02-014-A0002,CR-C02-014,DS04,cerro_rojo,CAMPAIGN_02,2.000000000,4.000000000,2.000000000,0.143674338,0.000000000,0.000000000
CR-C02-014-A0003,CR-C02-014,DS04,cerro_rojo,CAMPAIGN_02,4.000000000,6.000000000,2.000000000,0.147561319,0.000000000,0.000000000
CR-C02-014-A0004,CR-C02-014,DS04,cerro_rojo,CAMPAIGN_02,6.000000000,8.000000000,2.000000000,0.151379270,0.000000000,0.000000000
CR-C02-014-A0005,CR-C02-014,DS04,cerro_rojo,CAMPAIGN_02,8.000000000,10.000000000,2.000000000,0.146562566,0.000000000,0.000000000
CR-C02-014-A0006,CR-C02-014,DS04,cerro_rojo,CAMPAIGN_02,10.000000000,12.000000000,2.000000000,0.166819576,0.000000000,0.000000000
CR-C02-014-A0007,CR-C02-014,DS04,cerro_rojo,CAMPAIGN_02,12.000000000,14.000000000,2.000000000,0.155537732,0.000000000,0.000000000
CR-C02-014-A0008,CR-C02-014,DS04,cerro_rojo,CAMPAIGN_02,14.000000000,16.000000000,2.000000000,0.156880790,0.000000000,0.000000000
CR-C02-014-A0009,CR-C02-014,DS04,cerro_rojo,CAMPAIGN_02,16.000000000,18.000000000,2.000000000,0.154948102,0.000000000,0.000000000
CR-C02-014-A0010,CR-C02-014,DS04,cerro_rojo,CAMPAIGN_02,18.000000000,20.000000000,2.000000000,0.163829978,0.000000000,0.000000000
CR-C02-014-A0011,CR-C02-014,DS04,cerro_rojo,CAMPAIGN_02,20.000000000,22.000000000,2.000000000,0.185614269,0.000000000,0.000000000
CR-C02-014-A0012,CR-C02-014,DS04,cerro_rojo,CAMPAIGN_02,22.000000000,24.000000000,2.000000000,0.179561119,0.000000000,0.000000000
CR-C02-014-A0013,CR-C02-014,DS04,cerro_rojo,CAMPAIGN_02,24.000000000,26.000000000,2.000000000,0.183574023,0.000000000,0.000000000
CR-C02-014-A0014,CR-C02-014,DS04,cerro_rojo,CAMPAIGN_02,26.000000000,28.000000000,2.000000000,0.176196063,0.000000000,0.000000000
CR-C02-014-A0015,CR-C02-014,DS04,cerro_rojo,CAMPAIGN_02,28.000000000,30.000000000,2.000000000,0.186739698,0.000000000,0.000000000
CR-C02-014-A0016,CR-C02-014,DS04,cerro_rojo,CAMPAIGN_02,30.000000000,32.000000000,2.000000000,0.187385251,0.000000000,0.000000000
CR-C02-014-A0017,CR-C02-014,DS04,cerro_rojo,CAMPAIGN_02,32.000000000,34.000000000,2.000000000,0.201068065,0.000000000,0.000000000
CR-C02-014-A0018,CR-C02-014,DS04,cerro_rojo,CAMPAIGN_02,34.000000000,36.000000000,2.000000000,0.202609535,0.000000000,0.000000000
CR-C02-014-A0019,CR-C02-014,DS04,cerro_rojo,CAMPAIGN_02,36.000000000,38.000000000,2.000000000,0.216267394,0.000000000,0.000000000
CR-C02-014-A0020,CR-C02-014,DS04,cerro_rojo,CAMPAIGN_02,38.000000000,40.000000000,2.000000000,0.221067925,0.000000000,0.000000000
CR-C02-014-A0021,CR-C02-014,DS04,cerro_rojo,CAMPAIGN_02,40.000000000,42.000000000,2.000000000,0.218873266,0.000000000,0.000000000
CR-C02-014-A0022,CR-C02-014,DS04,cerro_rojo,CAMPAIGN_02,42.000000000,44.000000000,2.000000000,0.225577399,0.000000000,0.000000000
CR-C02-014-A0023,CR-C02-014,DS04,cerro_rojo,CAMPAIGN_02,44.000000000,46.000000000,2.000000000,0.215988102,0.000000000,0.000000000
CR-C02-014-A0024,CR-C02-014,DS04,cerro_rojo,CAMPAIGN_02,46.000000000,48.000000000,2.000000000,0.218979563,0.000000000,0.000000000
CR-C02-014-A0025,CR-C02-014,DS04,cerro_rojo,CAMPAIGN_02,48.000000000,50.000000000,2.000000000,0.207453018,0.000000000,0.000000000
CR-C02-014-A0026,CR-C02-014,DS04,cerro_rojo,CAMPAIGN_02,50.000000000,52.000000000,2.000000000,0.239847985,0.000000000,0.000000000
CR-C02-014-A0027,CR-C02-014,DS04,cerro_rojo,CAMPAIGN_02,52.000000000,54.000000000,2.000000000,0.236652511,0.000000000,0.000000000
CR-C02-014-A0028,CR-C02-014,DS04,cerro_rojo,CAMPAIGN_02,54.000000000,56.000000000,2.000000000,0.240576317,0.000000000,0.000000000
CR-C02-014-A0029,CR-C02-014,DS04,cerro_rojo,CAMPAIGN_02,56.000000000,58.000000000,2.000000000,0.259738472,0.000000000,0.000000000
CR-C02-014-A0030,CR-C02-014,DS04,cerro_rojo,CAMPAIGN_02,58.000000000,60.000000000,2.000000000,0.252936480,0.000000000,0.000000000
CR-C02-014-A0031,CR-C02-014,DS04,cerro_rojo,CAMPAIGN_02,60.000000000,62.000000000,2.000000000,0.253622226,0.000000000,0.000000000
CR-C02-014-A0032,CR-C02-014,DS04,cerro_rojo,CAMPAIGN_02,62.000000000,64.000000000,2.000000000,0.270220645,0.000000000,0.000000000
CR-C02-014-A0033,CR-C02-014,DS04,cerro_rojo,CAMPAIGN_02,64.000000000,66.000000000,2.000000000,0.267289826,0.000000000,0.000000000
CR-C02-014-A0034,CR-C02-014,DS04,cerro_rojo,CAMPAIGN_02,66.000000000,68.000000000,2.000000000,0.274487274,0.000000000,0.000000000
CR-C02-014-A0035,CR-C02-014,DS04,cerro_rojo,CAMPAIGN_02,68.000000000,70.000000000,2.000000000,0.271322441,0.000000000,0.000000000
CR-C02-014-A0036,CR-C02-014,DS04,cerro_rojo,CAMPAIGN_02,70.000000000,72.000000000,2.000000000,0.303613160,0.000000000,0.000000000
CR-C02-014-A0037,CR-C02-014,DS04,cerro_rojo,CAMPAIGN_02,72.000000000,74.000000000,2.000000000,0.271292182,0.000000000,0.000000000
CR-C02-014-A0038,CR-C02-014,DS04,cerro_rojo,CAMPAIGN_02,74.000000000,76.000000000,2.000000000,0.282411322,0.000000000,0.000000000
CR-C02-014-A0039,CR-C02-014,DS04,cerro_rojo,CAMPAIGN_02,76.000000000,78.000000000,2.000000000,0.321274358,0.000000000,0.000000000
CR-C02-014-A0040,CR-C02-014,DS04,cerro_rojo,CAMPAIGN_02,78.000000000,80.000000000,2.000000000,0.273714271,0.000000000,0.000000000
CR-C02-014-A0041,CR-C02-014,DS04,cerro_rojo,CAMPAIGN_02,80.000000000,82.000000000,2.000000000,0.293472160,0.000000000,0.000000000
CR-C02-014-A0042,CR-C02-014,DS04,cerro_rojo,CAMPAIGN_02,82.000000000,84.000000000,2.000000000,0.337059757,0.000000000,0.000000000
CR-C02-014-A0043,CR-C02-014,DS04,cerro_rojo,CAMPAIGN_02,84.000000000,86.000000000,2.000000000,0.297244675,0.000000000,0.000000000
CR-C02-014-A0044,CR-C02-014,DS04,cerro_rojo,CAMPAIGN_02,86.000000000,88.000000000,2.000000000,0.314597180,0.000000000,0.000000000
CR-C02-014-A0045,CR-C02-014,DS04,cerro_rojo,CAMPAIGN_02,88.000000000,90.000000000,2.000000000,0.312907031,0.000000000,0.000000000
CR-C02-014-A0046,CR-C02-014,DS04,cerro_rojo,CAMPAIGN_02,90.000000000,92.000000000,2.000000000,0.324544984,0.000000000,0.000000000
CR-C02-014-A0047,CR-C02-014,DS04,cerro_rojo,CAMPAIGN_02,92.000000000,94.000000000,2.000000000,0.343766444,0.000000000,0.000000000
CR-C02-014-A0048,CR-C02-014,DS04,cerro_rojo,CAMPAIGN_02,94.000000000,96.000000000,2.000000000,0.358897092,0.000000000,0.000000000
CR-C02-014-A0049,CR-C02-014,DS04,cerro_rojo,CAMPAIGN_02,96.000000000,98.000000000,2.000000000,0.352211176,0.000000000,0.000000000
CR-C02-014-A0050,CR-C02-014,DS04,cerro_rojo,CAMPAIGN_02,98.000000000,100.000000000,2.000000000,0.332956575,0.000000000,0.000000000
CR-C02-014-A0051,CR-C02-014,DS04,cerro_rojo,CAMPAIGN_02,100.000000000,102.000000000,2.000000000,0.359553921,0.000000000,0.000000000
CR-C02-014-A0052,CR-C02-014,DS04,cerro_rojo,CAMPAIGN_02,102.000000000,104.000000000,2.000000000,0.358814151,0.000000000,0.000000000
CR-C02-014-A0053,CR-C02-014,DS04,cerro_rojo,CAMPAIGN_02,104.000000000,106.000000000,2.000000000,0.365149695,0.000000000,0.000000000
CR-C02-014-A0054,CR-C02-014,DS04,cerro_rojo,CAMPAIGN_02,106.000000000,108.000000000,2.000000000,0.369317013,0.000000000,0.000000000
CR-C02-014-A0055,CR-C02-014,DS04,cerro_rojo,CAMPAIGN_02,108.000000000,110.000000000,2.000000000,0.394712762,0.000000000,0.000000000
CR-C02-014-A0056,CR-C02-014,DS04,cerro_rojo,CAMPAIGN_02,110.000000000,112.000000000,2.000000000,0.376523221,0.000000000,0.000000000
CR-C02-014-A0057,CR-C02-014,DS04,cerro_rojo,CAMPAIGN_02,112.000000000,114.000000000,2.000000000,0.395715689,0.000000000,0.000000000
CR-C02-014-A0058,CR-C02-014,DS04,cerro_rojo,CAMPAIGN_02,114.000000000,116.000000000,2.000000000,0.390581856,0.000000000,0.000000000
CR-C02-014-A0059,CR-C02-014,DS04,cerro_rojo,CAMPAIGN_02,116.000000000,118.000000000,2.000000000,0.374075405,0.000000000,0.000000000
CR-C02-014-A0060,CR-C02-014,DS04,cerro_rojo,CAMPAIGN_02,118.000000000,120.000000000,2.000000000,0.378011821,0.000000000,0.000000000
CR-C02-014-A0061,CR-C02-014,DS04,cerro_rojo,CAMPAIGN_02,120.000000000,122.000000000,2.000000000,0.381113507,0.000000000,0.000000000
CR-C02-014-A0062,CR-C02-014,DS04,cerro_rojo,CAMPAIGN_02,122.000000000,124.000000000,2.000000000,0.394101725,0.000000000,0.000000000
CR-C02-014-A0063,CR-C02-014,DS04,cerro_rojo,CAMPAIGN_02,124.000000000,126.000000000,2.000000000,0.413126466,0.000000000,0.000000000
CR-C02-014-A0064,CR-C02-014,DS04,cerro_rojo,CAMPAIGN_02,126.000000000,128.000000000,2.000000000,0.360159501,0.000000000,0.000000000
CR-C02-014-A0065,CR-C02-014,DS04,cerro_rojo,CAMPAIGN_02,128.000000000,130.000000000,2.000000000,0.409159129,0.000000000,0.000000000
CR-C02-014-A0066,CR-C02-014,DS04,cerro_rojo,CAMPAIGN_02,130.000000000,132.000000000,2.000000000,0.435726952,0.000000000,0.000000000
CR-C02-014-A0067,CR-C02-014,DS04,cerro_rojo,CAMPAIGN_02,132.000000000,134.000000000,2.000000000,0.385990108,0.000000000,0.000000000
CR-C02-014-A0068,CR-C02-014,DS04,cerro_rojo,CAMPAIGN_02,134.000000000,136.000000000,2.000000000,0.429406697,0.000000000,0.000000000
CR-C02-014-A0069,CR-C02-014,DS04,cerro_rojo,CAMPAIGN_02,136.000000000,138.000000000,2.000000000,0.426591882,0.000000000,0.000000000
CR-C02-014-A0070,CR-C02-014,DS04,cerro_rojo,CAMPAIGN_02,138.000000000,140.000000000,2.000000000,0.479123960,0.000000000,0.000000000
CR-C02-014-A0071,CR-C02-014,DS04,cerro_rojo,CAMPAIGN_02,140.000000000,142.000000000,2.000000000,0.438018164,0.000000000,0.000000000
CR-C02-014-A0072,CR-C02-014,DS04,cerro_rojo,CAMPAIGN_02,142.000000000,144.000000000,2.000000000,0.437262871,0.000000000,0.000000000
CR-C02-014-A0073,CR-C02-014,DS04,cerro_rojo,CAMPAIGN_02,144.000000000,146.000000000,2.000000000,0.456861917,0.000000000,0.000000000
CR-C02-014-A0074,CR-C02-014,DS04,cerro_rojo,CAMPAIGN_02,146.000000000,148.000000000,2.000000000,0.434929570,0.000000000,0.000000000
CR-C02-014-A0075,CR-C02-014,DS04,cerro_rojo,CAMPAIGN_02,148.000000000,150.000000000,2.000000000,0.436684802,0.000000000,0.000000000
CR-C02-014-A0076,CR-C02-014,DS04,cerro_rojo,CAMPAIGN_02,150.000000000,152.000000000,2.000000000,0.458598853,0.000000000,0.000000000
CR-C02-014-A0077,CR-C02-014,DS04,cerro_rojo,CAMPAIGN_02,152.000000000,154.000000000,2.000000000,0.452692484,0.000000000,0.000000000
CR-C02-014-A0078,CR-C02-014,DS04,cerro_rojo,CAMPAIGN_02,154.000000000,156.000000000,2.000000000,0.455176332,0.000000000,0.000000000
CR-C02-014-A0079,CR-C02-014,DS04,cerro_rojo,CAMPAIGN_02,156.000000000,158.000000000,2.000000000,0.449674216,0.000000000,0.000000000
CR-C02-014-A0080,CR-C02-014,DS04,cerro_rojo,CAMPAIGN_02,158.000000000,160.000000000,2.000000000,0.469374025,0.000000000,0.000000000
CR-C02-014-A0081,CR-C02-014,DS04,cerro_rojo,CAMPAIGN_02,160.000000000,162.000000000,2.000000000,0.469844911,0.000000000,0.000000000
CR-C02-014-A0082,CR-C02-014,DS04,cerro_rojo,CAMPAIGN_02,162.000000000,164.000000000,2.000000000,0.480861576,0.000000000,0.000000000
CR-C02-014-A0083,CR-C02-014,DS04,cerro_rojo,CAMPAIGN_02,164.000000000,166.000000000,2.000000000,0.482758415,0.000000000,0.000000000
CR-C02-014-A0084,CR-C02-014,DS04,cerro_rojo,CAMPAIGN_02,166.000000000,168.000000000,2.000000000,0.440852922,0.000000000,0.000000000
CR-C02-014-A0085,CR-C02-014,DS04,cerro_rojo,CAMPAIGN_02,168.000000000,170.000000000,2.000000000,0.472242172,0.000000000,0.000000000
CR-C02-014-A0086,CR-C02-014,DS04,cerro_rojo,CAMPAIGN_02,170.000000000,172.000000000,2.000000000,0.473612653,0.000000000,0.000000000
CR-C02-014-A0087,CR-C02-014,DS04,cerro_rojo,CAMPAIGN_02,172.000000000,174.000000000,2.000000000,0.448679606,0.000000000,0.000000000
CR-C02-014-A0088,CR-C02-014,DS04,cerro_rojo,CAMPAIGN_02,174.000000000,176.000000000,2.000000000,0.492597119,0.000000000,0.000000000
CR-C02-014-A0089,CR-C02-014,DS04,cerro_rojo,CAMPAIGN_02,176.000000000,178.000000000,2.000000000,0.464699168,0.000000000,0.000000000
CR-C02-014-A0090,CR-C02-014,DS04,cerro_rojo,CAMPAIGN_02,178.000000000,180.000000000,2.000000000,0.456956135,0.000000000,0.000000000
CR-C02-014-A0091,CR-C02-014,DS04,cerro_rojo,CAMPAIGN_02,180.000000000,182.000000000,2.000000000,0.470948892,0.000000000,0.000000000
CR-C02-014-A0092,CR-C02-014,DS04,cerro_rojo,CAMPAIGN_02,182.000000000,184.000000000,2.000000000,0.430502152,0.000000000,0.000000000
CR-C02-014-A0093,CR-C02-014,DS04,cerro_rojo,CAMPAIGN_02,184.000000000,186.000000000,2.000000000,0.489453793,0.000000000,0.000000000
CR-C02-014-A0094,CR-C02-014,DS04,cerro_rojo,CAMPAIGN_02,186.000000000,188.000000000,2.000000000,0.484165388,0.000000000,0.000000000
CR-C02-014-A0095,CR-C02-014,DS04,cerro_rojo,CAMPAIGN_02,188.000000000,190.000000000,2.000000000,0.441219133,0.000000000,0.000000000
CR-C02-014-A0096,CR-C02-014,DS04,cerro_rojo,CAMPAIGN_02,190.000000000,192.000000000,2.000000000,0.501268441,0.000000000,0.000000000
CR-C02-014-A0097,CR-C02-014,DS04,cerro_rojo,CAMPAIGN_02,192.000000000,194.000000000,2.000000000,0.462333939,0.000000000,0.000000000
CR-C02-014-A0098,CR-C02-014,DS04,cerro_rojo,CAMPAIGN_02,194.000000000,196.000000000,2.000000000,0.481150721,0.000000000,0.000000000
CR-C02-014-A0099,CR-C02-014,DS04,cerro_rojo,CAMPAIGN_02,196.000000000,198.000000000,2.000000000,0.464085006,0.000000000,0.000000000
CR-C02-014-A0100,CR-C02-014,DS04,cerro_rojo,CAMPAIGN_02,198.000000000,200.000000000,2.000000000,0.455443586,0.000000000,0.000000000
CR-C02-014-A0101,CR-C02-014,DS04,cerro_rojo,CAMPAIGN_02,200.000000000,202.000000000,2.000000000,0.457923454,0.000000000,0.000000000
CR-C02-014-A0102,CR-C02-014,DS04,cerro_rojo,CAMPAIGN_02,202.000000000,204.000000000,2.000000000,0.489326789,0.000000000,0.000000000
CR-C02-014-A0103,CR-C02-014,DS04,cerro_rojo,CAMPAIGN_02,204.000000000,206.000000000,2.000000000,0.495836839,0.000000000,0.000000000
CR-C02-014-A0104,CR-C02-014,DS04,cerro_rojo,CAMPAIGN_02,206.000000000,208.000000000,2.000000000,0.464025130,0.000000000,0.000000000
CR-C02-014-A0105,CR-C02-014,DS04,cerro_rojo,CAMPAIGN_02,208.000000000,210.000000000,2.000000000,0.475749200,0.000000000,0.000000000
CR-C02-014-A0106,CR-C02-014,DS04,cerro_rojo,CAMPAIGN_02,210.000000000,212.000000000,2.000000000,0.451941400,0.000000000,0.000000000
CR-C02-014-A0107,CR-C02-014,DS04,cerro_rojo,CAMPAIGN_02,212.000000000,214.000000000,2.000000000,0.482624826,0.000000000,0.000000000
CR-C02-014-A0108,CR-C02-014,DS04,cerro_rojo,CAMPAIGN_02,214.000000000,216.000000000,2.000000000,0.451871029,0.000000000,0.000000000
CR-C02-014-A0109,CR-C02-014,DS04,cerro_rojo,CAMPAIGN_02,216.000000000,218.000000000,2.000000000,0.433860093,0.000000000,0.000000000
CR-C02-014-A0110,CR-C02-014,DS04,cerro_rojo,CAMPAIGN_02,218.000000000,220.000000000,2.000000000,0.444480092,0.000000000,0.000000000
CR-C02-014-A0111,CR-C02-014,DS04,cerro_rojo,CAMPAIGN_02,220.000000000,222.000000000,2.000000000,0.446442049,0.000000000,0.000000000
CR-C02-014-A0112,CR-C02-014,DS04,cerro_rojo,CAMPAIGN_02,222.000000000,224.000000000,2.000000000,0.440935743,0.000000000,0.000000000
CR-C02-014-A0113,CR-C02-014,DS04,cerro_rojo,CAMPAIGN_02,224.000000000,226.000000000,2.000000000,0.446686954,0.000000000,0.000000000
CR-C02-014-A0114,CR-C02-014,DS04,cerro_rojo,CAMPAIGN_02,226.000000000,228.000000000,2.000000000,0.414871846,0.000000000,0.000000000
CR-C02-014-A0115,CR-C02-014,DS04,cerro_rojo,CAMPAIGN_02,228.000000000,230.000000000,2.000000000,0.421218597,0.000000000,0.000000000
CR-C02-014-A0116,CR-C02-014,DS04,cerro_rojo,CAMPAIGN_02,230.000000000,232.000000000,2.000000000,0.411942190,0.000000000,0.000000000
CR-C02-014-A0117,CR-C02-014,DS04,cerro_rojo,CAMPAIGN_02,232.000000000,234.000000000,2.000000000,0.403474790,0.000000000,0.000000000
CR-C02-014-A0118,CR-C02-014,DS04,cerro_rojo,CAMPAIGN_02,234.000000000,236.000000000,2.000000000,0.408629511,0.000000000,0.000000000
CR-C02-014-A0119,CR-C02-014,DS04,cerro_rojo,CAMPAIGN_02,236.000000000,238.000000000,2.000000000,0.405674142,0.000000000,0.000000000
CR-C02-014-A0120,CR-C02-014,DS04,cerro_rojo,CAMPAIGN_02,238.000000000,240.000000000,2.000000000,0.397183583,0.000000000,0.000000000
CR-C02-014-A0121,CR-C02-014,DS04,cerro_rojo,CAMPAIGN_02,240.000000000,242.000000000,2.000000000,0.387918434,0.000000000,0.000000000
CR-C02-014-A0122,CR-C02-014,DS04,cerro_rojo,CAMPAIGN_02,242.000000000,244.000000000,2.000000000,0.404223958,0.000000000,0.000000000
CR-C02-014-A0123,CR-C02-014,DS04,cerro_rojo,CAMPAIGN_02,244.000000000,244.276992637,0.276992637,0.357851737,0.000000000,0.000000000
CR-C02-015-A0001,CR-C02-015,DS04,cerro_rojo,CAMPAIGN_02,0.000000000,2.000000000,2.000000000,0.046288217,0.000000000,0.000000000
CR-C02-015-A0002,CR-C02-015,DS04,cerro_rojo,CAMPAIGN_02,2.000000000,4.000000000,2.000000000,0.044809717,0.000000000,0.000000000
CR-C02-015-A0003,CR-C02-015,DS04,cerro_rojo,CAMPAIGN_02,4.000000000,6.000000000,2.000000000,0.044757475,0.000000000,0.000000000
CR-C02-015-A0004,CR-C02-015,DS04,cerro_rojo,CAMPAIGN_02,6.000000000,8.000000000,2.000000000,0.048738383,0.000000000,0.000000000
CR-C02-015-A0005,CR-C02-015,DS04,cerro_rojo,CAMPAIGN_02,8.000000000,10.000000000,2.000000000,0.046809883,0.000000000,0.000000000
CR-C02-015-A0006,CR-C02-015,DS04,cerro_rojo,CAMPAIGN_02,10.000000000,12.000000000,2.000000000,0.049886605,0.000000000,0.000000000
CR-C02-015-A0007,CR-C02-015,DS04,cerro_rojo,CAMPAIGN_02,12.000000000,14.000000000,2.000000000,0.052068332,0.000000000,0.000000000
CR-C02-015-A0008,CR-C02-015,DS04,cerro_rojo,CAMPAIGN_02,14.000000000,16.000000000,2.000000000,0.053555684,0.000000000,0.000000000
CR-C02-015-A0009,CR-C02-015,DS04,cerro_rojo,CAMPAIGN_02,16.000000000,18.000000000,2.000000000,0.054064850,0.000000000,0.000000000
CR-C02-015-A0010,CR-C02-015,DS04,cerro_rojo,CAMPAIGN_02,18.000000000,20.000000000,2.000000000,0.054099505,0.000000000,0.000000000
CR-C02-015-A0011,CR-C02-015,DS04,cerro_rojo,CAMPAIGN_02,20.000000000,22.000000000,2.000000000,0.053895055,0.000000000,0.000000000
CR-C02-015-A0012,CR-C02-015,DS04,cerro_rojo,CAMPAIGN_02,22.000000000,24.000000000,2.000000000,0.058533317,0.000000000,0.000000000
CR-C02-015-A0013,CR-C02-015,DS04,cerro_rojo,CAMPAIGN_02,24.000000000,26.000000000,2.000000000,0.058787885,0.000000000,0.000000000
CR-C02-015-A0014,CR-C02-015,DS04,cerro_rojo,CAMPAIGN_02,26.000000000,28.000000000,2.000000000,0.060088524,0.000000000,0.000000000
CR-C02-015-A0015,CR-C02-015,DS04,cerro_rojo,CAMPAIGN_02,28.000000000,30.000000000,2.000000000,0.066583433,0.000000000,0.000000000
CR-C02-015-A0016,CR-C02-015,DS04,cerro_rojo,CAMPAIGN_02,30.000000000,32.000000000,2.000000000,0.062811839,0.000000000,0.000000000
CR-C02-015-A0017,CR-C02-015,DS04,cerro_rojo,CAMPAIGN_02,32.000000000,34.000000000,2.000000000,0.069675522,0.000000000,0.000000000
CR-C02-015-A0018,CR-C02-015,DS04,cerro_rojo,CAMPAIGN_02,34.000000000,36.000000000,2.000000000,0.068711868,0.000000000,0.000000000
CR-C02-015-A0019,CR-C02-015,DS04,cerro_rojo,CAMPAIGN_02,36.000000000,38.000000000,2.000000000,0.069611640,0.000000000,0.000000000
CR-C02-015-A0020,CR-C02-015,DS04,cerro_rojo,CAMPAIGN_02,38.000000000,40.000000000,2.000000000,0.068119196,0.000000000,0.000000000
CR-C02-015-A0021,CR-C02-015,DS04,cerro_rojo,CAMPAIGN_02,40.000000000,42.000000000,2.000000000,0.063662898,0.000000000,0.000000000
CR-C02-015-A0022,CR-C02-015,DS04,cerro_rojo,CAMPAIGN_02,42.000000000,44.000000000,2.000000000,0.068526107,0.000000000,0.000000000
CR-C02-015-A0023,CR-C02-015,DS04,cerro_rojo,CAMPAIGN_02,44.000000000,46.000000000,2.000000000,0.074656366,0.000000000,0.000000000
CR-C02-015-A0024,CR-C02-015,DS04,cerro_rojo,CAMPAIGN_02,46.000000000,48.000000000,2.000000000,0.075912797,0.000000000,0.000000000
CR-C02-015-A0025,CR-C02-015,DS04,cerro_rojo,CAMPAIGN_02,48.000000000,50.000000000,2.000000000,0.077054132,0.000000000,0.000000000
CR-C02-015-A0026,CR-C02-015,DS04,cerro_rojo,CAMPAIGN_02,50.000000000,52.000000000,2.000000000,0.076744256,0.000000000,0.000000000
CR-C02-015-A0027,CR-C02-015,DS04,cerro_rojo,CAMPAIGN_02,52.000000000,54.000000000,2.000000000,0.086300920,0.000000000,0.000000000
CR-C02-015-A0028,CR-C02-015,DS04,cerro_rojo,CAMPAIGN_02,54.000000000,56.000000000,2.000000000,0.088330984,0.000000000,0.000000000
CR-C02-015-A0029,CR-C02-015,DS04,cerro_rojo,CAMPAIGN_02,56.000000000,58.000000000,2.000000000,0.084694385,0.000000000,0.000000000
CR-C02-015-A0030,CR-C02-015,DS04,cerro_rojo,CAMPAIGN_02,58.000000000,60.000000000,2.000000000,0.085208420,0.000000000,0.000000000
CR-C02-015-A0031,CR-C02-015,DS04,cerro_rojo,CAMPAIGN_02,60.000000000,62.000000000,2.000000000,0.090208676,0.000000000,0.000000000
CR-C02-015-A0032,CR-C02-015,DS04,cerro_rojo,CAMPAIGN_02,62.000000000,64.000000000,2.000000000,0.096301589,0.000000000,0.000000000
CR-C02-015-A0033,CR-C02-015,DS04,cerro_rojo,CAMPAIGN_02,64.000000000,66.000000000,2.000000000,0.094600029,0.000000000,0.000000000
CR-C02-015-A0034,CR-C02-015,DS04,cerro_rojo,CAMPAIGN_02,66.000000000,68.000000000,2.000000000,0.101739669,0.000000000,0.000000000
CR-C02-015-A0035,CR-C02-015,DS04,cerro_rojo,CAMPAIGN_02,68.000000000,70.000000000,2.000000000,0.098240238,0.000000000,0.000000000
CR-C02-015-A0036,CR-C02-015,DS04,cerro_rojo,CAMPAIGN_02,70.000000000,72.000000000,2.000000000,0.100664682,0.000000000,0.000000000
CR-C02-015-A0037,CR-C02-015,DS04,cerro_rojo,CAMPAIGN_02,72.000000000,74.000000000,2.000000000,0.112211870,0.000000000,0.000000000
CR-C02-015-A0038,CR-C02-015,DS04,cerro_rojo,CAMPAIGN_02,74.000000000,76.000000000,2.000000000,0.106172587,0.000000000,0.000000000
CR-C02-015-A0039,CR-C02-015,DS04,cerro_rojo,CAMPAIGN_02,76.000000000,78.000000000,2.000000000,0.111075131,0.000000000,0.000000000
CR-C02-015-A0040,CR-C02-015,DS04,cerro_rojo,CAMPAIGN_02,78.000000000,80.000000000,2.000000000,0.100841391,0.000000000,0.000000000
CR-C02-015-A0041,CR-C02-015,DS04,cerro_rojo,CAMPAIGN_02,80.000000000,82.000000000,2.000000000,0.107532558,0.000000000,0.000000000
CR-C02-015-A0042,CR-C02-015,DS04,cerro_rojo,CAMPAIGN_02,82.000000000,84.000000000,2.000000000,0.120704574,0.000000000,0.000000000
CR-C02-015-A0043,CR-C02-015,DS04,cerro_rojo,CAMPAIGN_02,84.000000000,86.000000000,2.000000000,0.117963241,0.000000000,0.000000000
CR-C02-015-A0044,CR-C02-015,DS04,cerro_rojo,CAMPAIGN_02,86.000000000,88.000000000,2.000000000,0.119922660,0.000000000,0.000000000
CR-C02-015-A0045,CR-C02-015,DS04,cerro_rojo,CAMPAIGN_02,88.000000000,90.000000000,2.000000000,0.125813994,0.000000000,0.000000000
CR-C02-015-A0046,CR-C02-015,DS04,cerro_rojo,CAMPAIGN_02,90.000000000,92.000000000,2.000000000,0.123118586,0.000000000,0.000000000
CR-C02-015-A0047,CR-C02-015,DS04,cerro_rojo,CAMPAIGN_02,92.000000000,94.000000000,2.000000000,0.137011103,0.000000000,0.000000000
CR-C02-015-A0048,CR-C02-015,DS04,cerro_rojo,CAMPAIGN_02,94.000000000,96.000000000,2.000000000,0.143230356,0.000000000,0.000000000
CR-C02-015-A0049,CR-C02-015,DS04,cerro_rojo,CAMPAIGN_02,96.000000000,98.000000000,2.000000000,0.138757230,0.000000000,0.000000000
CR-C02-015-A0050,CR-C02-015,DS04,cerro_rojo,CAMPAIGN_02,98.000000000,100.000000000,2.000000000,0.144954752,0.000000000,0.000000000
CR-C02-015-A0051,CR-C02-015,DS04,cerro_rojo,CAMPAIGN_02,100.000000000,102.000000000,2.000000000,0.140534601,0.000000000,0.000000000
CR-C02-015-A0052,CR-C02-015,DS04,cerro_rojo,CAMPAIGN_02,102.000000000,104.000000000,2.000000000,0.130330241,0.000000000,0.000000000
CR-C02-015-A0053,CR-C02-015,DS04,cerro_rojo,CAMPAIGN_02,104.000000000,106.000000000,2.000000000,0.151662460,0.000000000,0.000000000
CR-C02-015-A0054,CR-C02-015,DS04,cerro_rojo,CAMPAIGN_02,106.000000000,108.000000000,2.000000000,0.145343775,0.000000000,0.000000000
CR-C02-015-A0055,CR-C02-015,DS04,cerro_rojo,CAMPAIGN_02,108.000000000,110.000000000,2.000000000,0.156083153,0.000000000,0.000000000
CR-C02-015-A0056,CR-C02-015,DS04,cerro_rojo,CAMPAIGN_02,110.000000000,112.000000000,2.000000000,0.157393053,0.000000000,0.000000000
CR-C02-015-A0057,CR-C02-015,DS04,cerro_rojo,CAMPAIGN_02,112.000000000,114.000000000,2.000000000,0.162851995,0.000000000,0.000000000
CR-C02-015-A0058,CR-C02-015,DS04,cerro_rojo,CAMPAIGN_02,114.000000000,116.000000000,2.000000000,0.175150096,0.000000000,0.000000000
CR-C02-015-A0059,CR-C02-015,DS04,cerro_rojo,CAMPAIGN_02,116.000000000,118.000000000,2.000000000,0.173775492,0.000000000,0.000000000
CR-C02-015-A0060,CR-C02-015,DS04,cerro_rojo,CAMPAIGN_02,118.000000000,120.000000000,2.000000000,0.168550541,0.000000000,0.000000000
CR-C02-015-A0061,CR-C02-015,DS04,cerro_rojo,CAMPAIGN_02,120.000000000,122.000000000,2.000000000,0.171886505,0.000000000,0.000000000
CR-C02-015-A0062,CR-C02-015,DS04,cerro_rojo,CAMPAIGN_02,122.000000000,124.000000000,2.000000000,0.175698458,0.000000000,0.000000000
CR-C02-015-A0063,CR-C02-015,DS04,cerro_rojo,CAMPAIGN_02,124.000000000,126.000000000,2.000000000,0.169996644,0.000000000,0.000000000
CR-C02-015-A0064,CR-C02-015,DS04,cerro_rojo,CAMPAIGN_02,126.000000000,128.000000000,2.000000000,0.177032868,0.000000000,0.000000000
CR-C02-015-A0065,CR-C02-015,DS04,cerro_rojo,CAMPAIGN_02,128.000000000,130.000000000,2.000000000,0.193091219,0.000000000,0.000000000
CR-C02-015-A0066,CR-C02-015,DS04,cerro_rojo,CAMPAIGN_02,130.000000000,132.000000000,2.000000000,0.195671401,0.000000000,0.000000000
CR-C02-015-A0067,CR-C02-015,DS04,cerro_rojo,CAMPAIGN_02,132.000000000,134.000000000,2.000000000,0.190575672,0.000000000,0.000000000
CR-C02-015-A0068,CR-C02-015,DS04,cerro_rojo,CAMPAIGN_02,134.000000000,136.000000000,2.000000000,0.206019648,0.000000000,0.000000000
CR-C02-015-A0069,CR-C02-015,DS04,cerro_rojo,CAMPAIGN_02,136.000000000,138.000000000,2.000000000,0.203387296,0.000000000,0.000000000
CR-C02-015-A0070,CR-C02-015,DS04,cerro_rojo,CAMPAIGN_02,138.000000000,140.000000000,2.000000000,0.197841006,0.000000000,0.000000000
CR-C02-015-A0071,CR-C02-015,DS04,cerro_rojo,CAMPAIGN_02,140.000000000,142.000000000,2.000000000,0.215503415,0.000000000,0.000000000
CR-C02-015-A0072,CR-C02-015,DS04,cerro_rojo,CAMPAIGN_02,142.000000000,144.000000000,2.000000000,0.205391652,0.000000000,0.000000000
CR-C02-015-A0073,CR-C02-015,DS04,cerro_rojo,CAMPAIGN_02,144.000000000,146.000000000,2.000000000,0.224630727,0.000000000,0.000000000
CR-C02-015-A0074,CR-C02-015,DS04,cerro_rojo,CAMPAIGN_02,146.000000000,148.000000000,2.000000000,0.222642255,0.000000000,0.000000000
CR-C02-015-A0075,CR-C02-015,DS04,cerro_rojo,CAMPAIGN_02,148.000000000,150.000000000,2.000000000,0.216005133,0.000000000,0.000000000
CR-C02-015-A0076,CR-C02-015,DS04,cerro_rojo,CAMPAIGN_02,150.000000000,152.000000000,2.000000000,0.234122091,0.000000000,0.000000000
CR-C02-015-A0077,CR-C02-015,DS04,cerro_rojo,CAMPAIGN_02,152.000000000,154.000000000,2.000000000,0.235250367,0.000000000,0.000000000
CR-C02-015-A0078,CR-C02-015,DS04,cerro_rojo,CAMPAIGN_02,154.000000000,156.000000000,2.000000000,0.240836048,0.000000000,0.000000000
CR-C02-015-A0079,CR-C02-015,DS04,cerro_rojo,CAMPAIGN_02,156.000000000,158.000000000,2.000000000,0.246707206,0.000000000,0.000000000
CR-C02-015-A0080,CR-C02-015,DS04,cerro_rojo,CAMPAIGN_02,158.000000000,160.000000000,2.000000000,0.252072905,0.000000000,0.000000000
CR-C02-015-A0081,CR-C02-015,DS04,cerro_rojo,CAMPAIGN_02,160.000000000,162.000000000,2.000000000,0.234594879,0.000000000,0.000000000
CR-C02-015-A0082,CR-C02-015,DS04,cerro_rojo,CAMPAIGN_02,162.000000000,164.000000000,2.000000000,0.252138325,0.000000000,0.000000000
CR-C02-015-A0083,CR-C02-015,DS04,cerro_rojo,CAMPAIGN_02,164.000000000,166.000000000,2.000000000,0.252226781,0.000000000,0.000000000
CR-C02-015-A0084,CR-C02-015,DS04,cerro_rojo,CAMPAIGN_02,166.000000000,168.000000000,2.000000000,0.269244430,0.000000000,0.000000000
CR-C02-015-A0085,CR-C02-015,DS04,cerro_rojo,CAMPAIGN_02,168.000000000,170.000000000,2.000000000,0.258454628,0.000000000,0.000000000
CR-C02-015-A0086,CR-C02-015,DS04,cerro_rojo,CAMPAIGN_02,170.000000000,172.000000000,2.000000000,0.260458225,0.000000000,0.000000000
CR-C02-015-A0087,CR-C02-015,DS04,cerro_rojo,CAMPAIGN_02,172.000000000,174.000000000,2.000000000,0.274145184,0.000000000,0.000000000
CR-C02-015-A0088,CR-C02-015,DS04,cerro_rojo,CAMPAIGN_02,174.000000000,176.000000000,2.000000000,0.279227529,0.000000000,0.000000000
CR-C02-015-A0089,CR-C02-015,DS04,cerro_rojo,CAMPAIGN_02,176.000000000,178.000000000,2.000000000,0.262394684,0.000000000,0.000000000
CR-C02-015-A0090,CR-C02-015,DS04,cerro_rojo,CAMPAIGN_02,178.000000000,180.000000000,2.000000000,0.272380103,0.000000000,0.000000000
CR-C02-015-A0091,CR-C02-015,DS04,cerro_rojo,CAMPAIGN_02,180.000000000,182.000000000,2.000000000,0.263839149,0.000000000,0.000000000
CR-C02-015-A0092,CR-C02-015,DS04,cerro_rojo,CAMPAIGN_02,182.000000000,184.000000000,2.000000000,0.287796378,0.000000000,0.000000000
CR-C02-015-A0093,CR-C02-015,DS04,cerro_rojo,CAMPAIGN_02,184.000000000,186.000000000,2.000000000,0.301684355,0.000000000,0.000000000
CR-C02-015-A0094,CR-C02-015,DS04,cerro_rojo,CAMPAIGN_02,186.000000000,188.000000000,2.000000000,0.288425937,0.000000000,0.000000000
CR-C02-015-A0095,CR-C02-015,DS04,cerro_rojo,CAMPAIGN_02,188.000000000,190.000000000,2.000000000,0.293139328,0.000000000,0.000000000
CR-C02-015-A0096,CR-C02-015,DS04,cerro_rojo,CAMPAIGN_02,190.000000000,192.000000000,2.000000000,0.308026393,0.000000000,0.000000000
CR-C02-015-A0097,CR-C02-015,DS04,cerro_rojo,CAMPAIGN_02,192.000000000,194.000000000,2.000000000,0.293292384,0.000000000,0.000000000
CR-C02-015-A0098,CR-C02-015,DS04,cerro_rojo,CAMPAIGN_02,194.000000000,196.000000000,2.000000000,0.302050228,0.000000000,0.000000000
CR-C02-015-A0099,CR-C02-015,DS04,cerro_rojo,CAMPAIGN_02,196.000000000,198.000000000,2.000000000,0.299778842,0.000000000,0.000000000
CR-C02-015-A0100,CR-C02-015,DS04,cerro_rojo,CAMPAIGN_02,198.000000000,200.000000000,2.000000000,0.318390339,0.000000000,0.000000000
CR-C02-015-A0101,CR-C02-015,DS04,cerro_rojo,CAMPAIGN_02,200.000000000,202.000000000,2.000000000,0.310031990,0.000000000,0.000000000
CR-C02-015-A0102,CR-C02-015,DS04,cerro_rojo,CAMPAIGN_02,202.000000000,204.000000000,2.000000000,0.319198220,0.000000000,0.000000000
CR-C02-015-A0103,CR-C02-015,DS04,cerro_rojo,CAMPAIGN_02,204.000000000,206.000000000,2.000000000,0.297731750,0.000000000,0.000000000
CR-C02-015-A0104,CR-C02-015,DS04,cerro_rojo,CAMPAIGN_02,206.000000000,208.000000000,2.000000000,0.330263091,0.000000000,0.000000000
CR-C02-015-A0105,CR-C02-015,DS04,cerro_rojo,CAMPAIGN_02,208.000000000,210.000000000,2.000000000,0.295160242,0.000000000,0.000000000
CR-C02-015-A0106,CR-C02-015,DS04,cerro_rojo,CAMPAIGN_02,210.000000000,212.000000000,2.000000000,0.343183623,0.000000000,0.000000000
CR-C02-015-A0107,CR-C02-015,DS04,cerro_rojo,CAMPAIGN_02,212.000000000,214.000000000,2.000000000,0.314369542,0.000000000,0.000000000
CR-C02-015-A0108,CR-C02-015,DS04,cerro_rojo,CAMPAIGN_02,214.000000000,216.000000000,2.000000000,0.322797271,0.000000000,0.000000000
CR-C02-015-A0109,CR-C02-015,DS04,cerro_rojo,CAMPAIGN_02,216.000000000,218.000000000,2.000000000,0.338389122,0.000000000,0.000000000
CR-C02-015-A0110,CR-C02-015,DS04,cerro_rojo,CAMPAIGN_02,218.000000000,220.000000000,2.000000000,0.304144086,0.000000000,0.000000000
CR-C02-015-A0111,CR-C02-015,DS04,cerro_rojo,CAMPAIGN_02,220.000000000,222.000000000,2.000000000,0.336069932,0.000000000,0.000000000
CR-C02-015-A0112,CR-C02-015,DS04,cerro_rojo,CAMPAIGN_02,222.000000000,224.000000000,2.000000000,0.333540550,0.000000000,0.000000000
CR-C02-015-A0113,CR-C02-015,DS04,cerro_rojo,CAMPAIGN_02,224.000000000,226.000000000,2.000000000,0.328916562,0.000000000,0.000000000
CR-C02-015-A0114,CR-C02-015,DS04,cerro_rojo,CAMPAIGN_02,226.000000000,228.000000000,2.000000000,0.310184901,0.000000000,0.000000000
CR-C02-015-A0115,CR-C02-015,DS04,cerro_rojo,CAMPAIGN_02,228.000000000,230.000000000,2.000000000,0.362071746,0.000000000,0.000000000
CR-C02-015-A0116,CR-C02-015,DS04,cerro_rojo,CAMPAIGN_02,230.000000000,232.000000000,2.000000000,0.343943811,0.000000000,0.000000000
CR-C02-015-A0117,CR-C02-015,DS04,cerro_rojo,CAMPAIGN_02,232.000000000,234.000000000,2.000000000,0.354271317,0.000000000,0.000000000
CR-C02-015-A0118,CR-C02-015,DS04,cerro_rojo,CAMPAIGN_02,234.000000000,236.000000000,2.000000000,0.334185144,0.000000000,0.000000000
CR-C02-015-A0119,CR-C02-015,DS04,cerro_rojo,CAMPAIGN_02,236.000000000,238.000000000,2.000000000,0.344475224,0.000000000,0.000000000
CR-C02-015-A0120,CR-C02-015,DS04,cerro_rojo,CAMPAIGN_02,238.000000000,240.000000000,2.000000000,0.365195401,0.000000000,0.000000000
CR-C02-015-A0121,CR-C02-015,DS04,cerro_rojo,CAMPAIGN_02,240.000000000,242.000000000,2.000000000,0.347187097,0.000000000,0.000000000
CR-C02-015-A0122,CR-C02-015,DS04,cerro_rojo,CAMPAIGN_02,242.000000000,244.000000000,2.000000000,0.359243467,0.000000000,0.000000000
CR-C02-015-A0123,CR-C02-015,DS04,cerro_rojo,CAMPAIGN_02,244.000000000,246.000000000,2.000000000,0.352064241,0.000000000,0.000000000
CR-C02-015-A0124,CR-C02-015,DS04,cerro_rojo,CAMPAIGN_02,246.000000000,248.000000000,2.000000000,0.365477661,0.000000000,0.000000000
CR-C02-015-A0125,CR-C02-015,DS04,cerro_rojo,CAMPAIGN_02,248.000000000,250.000000000,2.000000000,0.346126678,0.000000000,0.000000000
CR-C02-015-A0126,CR-C02-015,DS04,cerro_rojo,CAMPAIGN_02,250.000000000,252.000000000,2.000000000,0.355513696,0.000000000,0.000000000
CR-C02-015-A0127,CR-C02-015,DS04,cerro_rojo,CAMPAIGN_02,252.000000000,254.000000000,2.000000000,0.351512854,0.000000000,0.000000000
CR-C02-015-A0128,CR-C02-015,DS04,cerro_rojo,CAMPAIGN_02,254.000000000,256.000000000,2.000000000,0.336295678,0.000000000,0.000000000
CR-C02-015-A0129,CR-C02-015,DS04,cerro_rojo,CAMPAIGN_02,256.000000000,258.000000000,2.000000000,0.353329826,0.000000000,0.000000000
CR-C02-015-A0130,CR-C02-015,DS04,cerro_rojo,CAMPAIGN_02,258.000000000,260.000000000,2.000000000,0.379984829,0.000000000,0.000000000
CR-C02-015-A0131,CR-C02-015,DS04,cerro_rojo,CAMPAIGN_02,260.000000000,262.000000000,2.000000000,0.351925847,0.000000000,0.000000000
CR-C02-015-A0132,CR-C02-015,DS04,cerro_rojo,CAMPAIGN_02,262.000000000,264.000000000,2.000000000,0.354155564,0.000000000,0.000000000
CR-C02-015-A0133,CR-C02-015,DS04,cerro_rojo,CAMPAIGN_02,264.000000000,266.000000000,2.000000000,0.334894354,0.000000000,0.000000000
CR-C02-015-A0134,CR-C02-015,DS04,cerro_rojo,CAMPAIGN_02,266.000000000,268.000000000,2.000000000,0.345908590,0.000000000,0.000000000
CR-C02-015-A0135,CR-C02-015,DS04,cerro_rojo,CAMPAIGN_02,268.000000000,270.000000000,2.000000000,0.340127124,0.000000000,0.000000000
CR-C02-015-A0136,CR-C02-015,DS04,cerro_rojo,CAMPAIGN_02,270.000000000,272.000000000,2.000000000,0.364750350,0.000000000,0.000000000
CR-C02-015-A0137,CR-C02-015,DS04,cerro_rojo,CAMPAIGN_02,272.000000000,274.000000000,2.000000000,0.337836021,0.000000000,0.000000000
CR-C02-015-A0138,CR-C02-015,DS04,cerro_rojo,CAMPAIGN_02,274.000000000,276.000000000,2.000000000,0.324924769,0.000000000,0.000000000
CR-C02-015-A0139,CR-C02-015,DS04,cerro_rojo,CAMPAIGN_02,276.000000000,278.000000000,2.000000000,0.339426262,0.000000000,0.000000000
CR-C02-015-A0140,CR-C02-015,DS04,cerro_rojo,CAMPAIGN_02,278.000000000,280.000000000,2.000000000,0.317697566,0.000000000,0.000000000
CR-C02-015-A0141,CR-C02-015,DS04,cerro_rojo,CAMPAIGN_02,280.000000000,281.874414600,1.874414600,0.347312994,0.000000000,0.000000000
CR-C02-016-A0001,CR-C02-016,DS04,cerro_rojo,CAMPAIGN_02,0.000000000,2.000000000,2.000000000,0.021605600,0.000000000,0.000000000
CR-C02-016-A0002,CR-C02-016,DS04,cerro_rojo,CAMPAIGN_02,2.000000000,4.000000000,2.000000000,0.021733553,0.000000000,0.000000000
CR-C02-016-A0003,CR-C02-016,DS04,cerro_rojo,CAMPAIGN_02,4.000000000,6.000000000,2.000000000,0.021199277,0.000000000,0.000000000
CR-C02-016-A0004,CR-C02-016,DS04,cerro_rojo,CAMPAIGN_02,6.000000000,8.000000000,2.000000000,0.023624458,0.000000000,0.000000000
CR-C02-016-A0005,CR-C02-016,DS04,cerro_rojo,CAMPAIGN_02,8.000000000,10.000000000,2.000000000,0.023156136,0.000000000,0.000000000
CR-C02-016-A0006,CR-C02-016,DS04,cerro_rojo,CAMPAIGN_02,10.000000000,12.000000000,2.000000000,0.021727370,0.000000000,0.000000000
CR-C02-016-A0007,CR-C02-016,DS04,cerro_rojo,CAMPAIGN_02,12.000000000,14.000000000,2.000000000,0.023131139,0.000000000,0.000000000
CR-C02-016-A0008,CR-C02-016,DS04,cerro_rojo,CAMPAIGN_02,14.000000000,16.000000000,2.000000000,0.020519343,0.000000000,0.000000000
CR-C02-016-A0009,CR-C02-016,DS04,cerro_rojo,CAMPAIGN_02,16.000000000,18.000000000,2.000000000,0.020377796,0.000000000,0.000000000
CR-C02-016-A0010,CR-C02-016,DS04,cerro_rojo,CAMPAIGN_02,18.000000000,20.000000000,2.000000000,0.023835968,0.000000000,0.000000000
CR-C02-016-A0011,CR-C02-016,DS04,cerro_rojo,CAMPAIGN_02,20.000000000,22.000000000,2.000000000,0.022005227,0.000000000,0.000000000
CR-C02-016-A0012,CR-C02-016,DS04,cerro_rojo,CAMPAIGN_02,22.000000000,24.000000000,2.000000000,0.019973656,0.000000000,0.000000000
CR-C02-016-A0013,CR-C02-016,DS04,cerro_rojo,CAMPAIGN_02,24.000000000,26.000000000,2.000000000,0.021878994,0.000000000,0.000000000
CR-C02-016-A0014,CR-C02-016,DS04,cerro_rojo,CAMPAIGN_02,26.000000000,28.000000000,2.000000000,0.025551638,0.000000000,0.000000000
CR-C02-016-A0015,CR-C02-016,DS04,cerro_rojo,CAMPAIGN_02,28.000000000,30.000000000,2.000000000,0.019199686,0.000000000,0.000000000
CR-C02-016-A0016,CR-C02-016,DS04,cerro_rojo,CAMPAIGN_02,30.000000000,32.000000000,2.000000000,0.023432012,0.000000000,0.000000000
CR-C02-016-A0017,CR-C02-016,DS04,cerro_rojo,CAMPAIGN_02,32.000000000,34.000000000,2.000000000,0.020297532,0.000000000,0.000000000
CR-C02-016-A0018,CR-C02-016,DS04,cerro_rojo,CAMPAIGN_02,34.000000000,36.000000000,2.000000000,0.022422635,0.000000000,0.000000000
CR-C02-016-A0019,CR-C02-016,DS04,cerro_rojo,CAMPAIGN_02,36.000000000,38.000000000,2.000000000,0.023379909,0.000000000,0.000000000
CR-C02-016-A0020,CR-C02-016,DS04,cerro_rojo,CAMPAIGN_02,38.000000000,40.000000000,2.000000000,0.024670316,0.000000000,0.000000000
CR-C02-016-A0021,CR-C02-016,DS04,cerro_rojo,CAMPAIGN_02,40.000000000,42.000000000,2.000000000,0.024072487,0.000000000,0.000000000
CR-C02-016-A0022,CR-C02-016,DS04,cerro_rojo,CAMPAIGN_02,42.000000000,44.000000000,2.000000000,0.024495465,0.000000000,0.000000000
CR-C02-016-A0023,CR-C02-016,DS04,cerro_rojo,CAMPAIGN_02,44.000000000,46.000000000,2.000000000,0.022074837,0.000000000,0.000000000
CR-C02-016-A0024,CR-C02-016,DS04,cerro_rojo,CAMPAIGN_02,46.000000000,48.000000000,2.000000000,0.019559112,0.000000000,0.000000000
CR-C02-016-A0025,CR-C02-016,DS04,cerro_rojo,CAMPAIGN_02,48.000000000,50.000000000,2.000000000,0.026350738,0.000000000,0.000000000
CR-C02-016-A0026,CR-C02-016,DS04,cerro_rojo,CAMPAIGN_02,50.000000000,52.000000000,2.000000000,0.025605495,0.000000000,0.000000000
CR-C02-016-A0027,CR-C02-016,DS04,cerro_rojo,CAMPAIGN_02,52.000000000,54.000000000,2.000000000,0.024622524,0.000000000,0.000000000
CR-C02-016-A0028,CR-C02-016,DS04,cerro_rojo,CAMPAIGN_02,54.000000000,56.000000000,2.000000000,0.026564246,0.000000000,0.000000000
CR-C02-016-A0029,CR-C02-016,DS04,cerro_rojo,CAMPAIGN_02,56.000000000,58.000000000,2.000000000,0.021632030,0.000000000,0.000000000
CR-C02-016-A0030,CR-C02-016,DS04,cerro_rojo,CAMPAIGN_02,58.000000000,60.000000000,2.000000000,0.021767860,0.000000000,0.000000000
CR-C02-016-A0031,CR-C02-016,DS04,cerro_rojo,CAMPAIGN_02,60.000000000,62.000000000,2.000000000,0.023169171,0.000000000,0.000000000
CR-C02-016-A0032,CR-C02-016,DS04,cerro_rojo,CAMPAIGN_02,62.000000000,64.000000000,2.000000000,0.025302131,0.000000000,0.000000000
CR-C02-016-A0033,CR-C02-016,DS04,cerro_rojo,CAMPAIGN_02,64.000000000,66.000000000,2.000000000,0.023747080,0.000000000,0.000000000
CR-C02-016-A0034,CR-C02-016,DS04,cerro_rojo,CAMPAIGN_02,66.000000000,68.000000000,2.000000000,0.025028680,0.000000000,0.000000000
CR-C02-016-A0035,CR-C02-016,DS04,cerro_rojo,CAMPAIGN_02,68.000000000,70.000000000,2.000000000,0.026360791,0.000000000,0.000000000
CR-C02-016-A0036,CR-C02-016,DS04,cerro_rojo,CAMPAIGN_02,70.000000000,72.000000000,2.000000000,0.024242472,0.000000000,0.000000000
CR-C02-016-A0037,CR-C02-016,DS04,cerro_rojo,CAMPAIGN_02,72.000000000,74.000000000,2.000000000,0.027239021,0.000000000,0.000000000
CR-C02-016-A0038,CR-C02-016,DS04,cerro_rojo,CAMPAIGN_02,74.000000000,76.000000000,2.000000000,0.028021832,0.000000000,0.000000000
CR-C02-016-A0039,CR-C02-016,DS04,cerro_rojo,CAMPAIGN_02,76.000000000,78.000000000,2.000000000,0.027011654,0.000000000,0.000000000
CR-C02-016-A0040,CR-C02-016,DS04,cerro_rojo,CAMPAIGN_02,78.000000000,80.000000000,2.000000000,0.025534962,0.000000000,0.000000000
CR-C02-016-A0041,CR-C02-016,DS04,cerro_rojo,CAMPAIGN_02,80.000000000,82.000000000,2.000000000,0.027165657,0.000000000,0.000000000
CR-C02-016-A0042,CR-C02-016,DS04,cerro_rojo,CAMPAIGN_02,82.000000000,84.000000000,2.000000000,0.027085125,0.000000000,0.000000000
CR-C02-016-A0043,CR-C02-016,DS04,cerro_rojo,CAMPAIGN_02,84.000000000,86.000000000,2.000000000,0.023632636,0.000000000,0.000000000
CR-C02-016-A0044,CR-C02-016,DS04,cerro_rojo,CAMPAIGN_02,86.000000000,88.000000000,2.000000000,0.025555717,0.000000000,0.000000000
CR-C02-016-A0045,CR-C02-016,DS04,cerro_rojo,CAMPAIGN_02,88.000000000,90.000000000,2.000000000,0.026281196,0.000000000,0.000000000
CR-C02-016-A0046,CR-C02-016,DS04,cerro_rojo,CAMPAIGN_02,90.000000000,92.000000000,2.000000000,0.029603330,0.000000000,0.000000000
CR-C02-016-A0047,CR-C02-016,DS04,cerro_rojo,CAMPAIGN_02,92.000000000,94.000000000,2.000000000,0.029548639,0.000000000,0.000000000
CR-C02-016-A0048,CR-C02-016,DS04,cerro_rojo,CAMPAIGN_02,94.000000000,96.000000000,2.000000000,0.025883433,0.000000000,0.000000000
CR-C02-016-A0049,CR-C02-016,DS04,cerro_rojo,CAMPAIGN_02,96.000000000,98.000000000,2.000000000,0.029051272,0.000000000,0.000000000
CR-C02-016-A0050,CR-C02-016,DS04,cerro_rojo,CAMPAIGN_02,98.000000000,100.000000000,2.000000000,0.028831108,0.000000000,0.000000000
CR-C02-016-A0051,CR-C02-016,DS04,cerro_rojo,CAMPAIGN_02,100.000000000,102.000000000,2.000000000,0.028329242,0.000000000,0.000000000
CR-C02-016-A0052,CR-C02-016,DS04,cerro_rojo,CAMPAIGN_02,102.000000000,104.000000000,2.000000000,0.030216395,0.000000000,0.000000000
CR-C02-016-A0053,CR-C02-016,DS04,cerro_rojo,CAMPAIGN_02,104.000000000,106.000000000,2.000000000,0.030037123,0.000000000,0.000000000
CR-C02-016-A0054,CR-C02-016,DS04,cerro_rojo,CAMPAIGN_02,106.000000000,108.000000000,2.000000000,0.031665107,0.000000000,0.000000000
CR-C02-016-A0055,CR-C02-016,DS04,cerro_rojo,CAMPAIGN_02,108.000000000,110.000000000,2.000000000,0.029823474,0.000000000,0.000000000
CR-C02-016-A0056,CR-C02-016,DS04,cerro_rojo,CAMPAIGN_02,110.000000000,112.000000000,2.000000000,0.030937638,0.000000000,0.000000000
CR-C02-016-A0057,CR-C02-016,DS04,cerro_rojo,CAMPAIGN_02,112.000000000,114.000000000,2.000000000,0.032838091,0.000000000,0.000000000
CR-C02-016-A0058,CR-C02-016,DS04,cerro_rojo,CAMPAIGN_02,114.000000000,116.000000000,2.000000000,0.028045884,0.000000000,0.000000000
CR-C02-016-A0059,CR-C02-016,DS04,cerro_rojo,CAMPAIGN_02,116.000000000,118.000000000,2.000000000,0.029177899,0.000000000,0.000000000
CR-C02-016-A0060,CR-C02-016,DS04,cerro_rojo,CAMPAIGN_02,118.000000000,120.000000000,2.000000000,0.031515442,0.000000000,0.000000000
CR-C02-016-A0061,CR-C02-016,DS04,cerro_rojo,CAMPAIGN_02,120.000000000,122.000000000,2.000000000,0.029863687,0.000000000,0.000000000
CR-C02-016-A0062,CR-C02-016,DS04,cerro_rojo,CAMPAIGN_02,122.000000000,124.000000000,2.000000000,0.033221699,0.000000000,0.000000000
CR-C02-016-A0063,CR-C02-016,DS04,cerro_rojo,CAMPAIGN_02,124.000000000,126.000000000,2.000000000,0.026854223,0.000000000,0.000000000
CR-C02-016-A0064,CR-C02-016,DS04,cerro_rojo,CAMPAIGN_02,126.000000000,128.000000000,2.000000000,0.030527289,0.000000000,0.000000000
CR-C02-016-A0065,CR-C02-016,DS04,cerro_rojo,CAMPAIGN_02,128.000000000,130.000000000,2.000000000,0.034213822,0.000000000,0.000000000
CR-C02-016-A0066,CR-C02-016,DS04,cerro_rojo,CAMPAIGN_02,130.000000000,132.000000000,2.000000000,0.032263720,0.000000000,0.000000000
CR-C02-016-A0067,CR-C02-016,DS04,cerro_rojo,CAMPAIGN_02,132.000000000,134.000000000,2.000000000,0.031481335,0.000000000,0.000000000
CR-C02-016-A0068,CR-C02-016,DS04,cerro_rojo,CAMPAIGN_02,134.000000000,136.000000000,2.000000000,0.032838969,0.000000000,0.000000000
CR-C02-016-A0069,CR-C02-016,DS04,cerro_rojo,CAMPAIGN_02,136.000000000,138.000000000,2.000000000,0.034671982,0.000000000,0.000000000
CR-C02-016-A0070,CR-C02-016,DS04,cerro_rojo,CAMPAIGN_02,138.000000000,140.000000000,2.000000000,0.036770906,0.000000000,0.000000000
CR-C02-016-A0071,CR-C02-016,DS04,cerro_rojo,CAMPAIGN_02,140.000000000,142.000000000,2.000000000,0.035377091,0.000000000,0.000000000
CR-C02-016-A0072,CR-C02-016,DS04,cerro_rojo,CAMPAIGN_02,142.000000000,144.000000000,2.000000000,0.034040302,0.000000000,0.000000000
CR-C02-016-A0073,CR-C02-016,DS04,cerro_rojo,CAMPAIGN_02,144.000000000,146.000000000,2.000000000,0.039859585,0.000000000,0.000000000
CR-C02-016-A0074,CR-C02-016,DS04,cerro_rojo,CAMPAIGN_02,146.000000000,148.000000000,2.000000000,0.037791320,0.000000000,0.000000000
CR-C02-016-A0075,CR-C02-016,DS04,cerro_rojo,CAMPAIGN_02,148.000000000,150.000000000,2.000000000,0.038837058,0.000000000,0.000000000
CR-C02-016-A0076,CR-C02-016,DS04,cerro_rojo,CAMPAIGN_02,150.000000000,152.000000000,2.000000000,0.037534539,0.000000000,0.000000000
CR-C02-016-A0077,CR-C02-016,DS04,cerro_rojo,CAMPAIGN_02,152.000000000,154.000000000,2.000000000,0.041677406,0.000000000,0.000000000
CR-C02-016-A0078,CR-C02-016,DS04,cerro_rojo,CAMPAIGN_02,154.000000000,156.000000000,2.000000000,0.037048897,0.000000000,0.000000000
CR-C02-016-A0079,CR-C02-016,DS04,cerro_rojo,CAMPAIGN_02,156.000000000,158.000000000,2.000000000,0.040438497,0.000000000,0.000000000
CR-C02-016-A0080,CR-C02-016,DS04,cerro_rojo,CAMPAIGN_02,158.000000000,160.000000000,2.000000000,0.042024440,0.000000000,0.000000000
CR-C02-016-A0081,CR-C02-016,DS04,cerro_rojo,CAMPAIGN_02,160.000000000,162.000000000,2.000000000,0.041337261,0.000000000,0.000000000
CR-C02-016-A0082,CR-C02-016,DS04,cerro_rojo,CAMPAIGN_02,162.000000000,164.000000000,2.000000000,0.043170074,0.000000000,0.000000000
CR-C02-016-A0083,CR-C02-016,DS04,cerro_rojo,CAMPAIGN_02,164.000000000,166.000000000,2.000000000,0.046977351,0.000000000,0.000000000
CR-C02-016-A0084,CR-C02-016,DS04,cerro_rojo,CAMPAIGN_02,166.000000000,168.000000000,2.000000000,0.043395762,0.000000000,0.000000000
CR-C02-016-A0085,CR-C02-016,DS04,cerro_rojo,CAMPAIGN_02,168.000000000,170.000000000,2.000000000,0.044003306,0.000000000,0.000000000
CR-C02-016-A0086,CR-C02-016,DS04,cerro_rojo,CAMPAIGN_02,170.000000000,172.000000000,2.000000000,0.042467684,0.000000000,0.000000000
CR-C02-016-A0087,CR-C02-016,DS04,cerro_rojo,CAMPAIGN_02,172.000000000,174.000000000,2.000000000,0.045368101,0.000000000,0.000000000
CR-C02-016-A0088,CR-C02-016,DS04,cerro_rojo,CAMPAIGN_02,174.000000000,176.000000000,2.000000000,0.047278674,0.000000000,0.000000000
CR-C02-016-A0089,CR-C02-016,DS04,cerro_rojo,CAMPAIGN_02,176.000000000,178.000000000,2.000000000,0.047126933,0.000000000,0.000000000
CR-C02-016-A0090,CR-C02-016,DS04,cerro_rojo,CAMPAIGN_02,178.000000000,180.000000000,2.000000000,0.050408182,0.000000000,0.000000000
CR-C02-016-A0091,CR-C02-016,DS04,cerro_rojo,CAMPAIGN_02,180.000000000,182.000000000,2.000000000,0.050639006,0.000000000,0.000000000
CR-C02-016-A0092,CR-C02-016,DS04,cerro_rojo,CAMPAIGN_02,182.000000000,184.000000000,2.000000000,0.052002720,0.000000000,0.000000000
CR-C02-016-A0093,CR-C02-016,DS04,cerro_rojo,CAMPAIGN_02,184.000000000,186.000000000,2.000000000,0.055625581,0.000000000,0.000000000
CR-C02-016-A0094,CR-C02-016,DS04,cerro_rojo,CAMPAIGN_02,186.000000000,188.000000000,2.000000000,0.054671206,0.000000000,0.000000000
CR-C02-016-A0095,CR-C02-016,DS04,cerro_rojo,CAMPAIGN_02,188.000000000,190.000000000,2.000000000,0.056572465,0.000000000,0.000000000
CR-C02-016-A0096,CR-C02-016,DS04,cerro_rojo,CAMPAIGN_02,190.000000000,192.000000000,2.000000000,0.058889179,0.000000000,0.000000000
CR-C02-016-A0097,CR-C02-016,DS04,cerro_rojo,CAMPAIGN_02,192.000000000,194.000000000,2.000000000,0.060130539,0.000000000,0.000000000
CR-C02-016-A0098,CR-C02-016,DS04,cerro_rojo,CAMPAIGN_02,194.000000000,196.000000000,2.000000000,0.061502698,0.000000000,0.000000000
CR-C02-016-A0099,CR-C02-016,DS04,cerro_rojo,CAMPAIGN_02,196.000000000,198.000000000,2.000000000,0.061590249,0.000000000,0.000000000
CR-C02-016-A0100,CR-C02-016,DS04,cerro_rojo,CAMPAIGN_02,198.000000000,200.000000000,2.000000000,0.061612427,0.000000000,0.000000000
CR-C02-016-A0101,CR-C02-016,DS04,cerro_rojo,CAMPAIGN_02,200.000000000,202.000000000,2.000000000,0.064445384,0.000000000,0.000000000
CR-C02-016-A0102,CR-C02-016,DS04,cerro_rojo,CAMPAIGN_02,202.000000000,204.000000000,2.000000000,0.060593138,0.000000000,0.000000000
CR-C02-016-A0103,CR-C02-016,DS04,cerro_rojo,CAMPAIGN_02,204.000000000,206.000000000,2.000000000,0.062752727,0.000000000,0.000000000
CR-C02-016-A0104,CR-C02-016,DS04,cerro_rojo,CAMPAIGN_02,206.000000000,208.000000000,2.000000000,0.063711081,0.000000000,0.000000000
CR-C02-016-A0105,CR-C02-016,DS04,cerro_rojo,CAMPAIGN_02,208.000000000,210.000000000,2.000000000,0.061326367,0.000000000,0.000000000
CR-C02-016-A0106,CR-C02-016,DS04,cerro_rojo,CAMPAIGN_02,210.000000000,212.000000000,2.000000000,0.066457174,0.000000000,0.000000000
CR-C02-016-A0107,CR-C02-016,DS04,cerro_rojo,CAMPAIGN_02,212.000000000,214.000000000,2.000000000,0.071746747,0.000000000,0.000000000
CR-C02-016-A0108,CR-C02-016,DS04,cerro_rojo,CAMPAIGN_02,214.000000000,216.000000000,2.000000000,0.071418182,0.000000000,0.000000000
CR-C02-016-A0109,CR-C02-016,DS04,cerro_rojo,CAMPAIGN_02,216.000000000,218.000000000,2.000000000,0.073404698,0.000000000,0.000000000
CR-C02-016-A0110,CR-C02-016,DS04,cerro_rojo,CAMPAIGN_02,218.000000000,220.000000000,2.000000000,0.071330860,0.000000000,0.000000000
CR-C02-016-A0111,CR-C02-016,DS04,cerro_rojo,CAMPAIGN_02,220.000000000,222.000000000,2.000000000,0.071385345,0.000000000,0.000000000
CR-C02-016-A0112,CR-C02-016,DS04,cerro_rojo,CAMPAIGN_02,222.000000000,224.000000000,2.000000000,0.082023950,0.000000000,0.000000000
CR-C02-016-A0113,CR-C02-016,DS04,cerro_rojo,CAMPAIGN_02,224.000000000,226.000000000,2.000000000,0.077772058,0.000000000,0.000000000
CR-C02-016-A0114,CR-C02-016,DS04,cerro_rojo,CAMPAIGN_02,226.000000000,228.000000000,2.000000000,0.076271576,0.000000000,0.000000000
CR-C02-016-A0115,CR-C02-016,DS04,cerro_rojo,CAMPAIGN_02,228.000000000,230.000000000,2.000000000,0.085312722,0.000000000,0.000000000
CR-C02-016-A0116,CR-C02-016,DS04,cerro_rojo,CAMPAIGN_02,230.000000000,232.000000000,2.000000000,0.089140486,0.000000000,0.000000000
CR-C02-016-A0117,CR-C02-016,DS04,cerro_rojo,CAMPAIGN_02,232.000000000,234.000000000,2.000000000,0.085073203,0.000000000,0.000000000
CR-C02-016-A0118,CR-C02-016,DS04,cerro_rojo,CAMPAIGN_02,234.000000000,236.000000000,2.000000000,0.090661450,0.000000000,0.000000000
CR-C02-016-A0119,CR-C02-016,DS04,cerro_rojo,CAMPAIGN_02,236.000000000,238.000000000,2.000000000,0.083134562,0.000000000,0.000000000
CR-C02-016-A0120,CR-C02-016,DS04,cerro_rojo,CAMPAIGN_02,238.000000000,240.000000000,2.000000000,0.086166011,0.000000000,0.000000000
CR-C02-016-A0121,CR-C02-016,DS04,cerro_rojo,CAMPAIGN_02,240.000000000,242.000000000,2.000000000,0.087552390,0.000000000,0.000000000
CR-C02-016-A0122,CR-C02-016,DS04,cerro_rojo,CAMPAIGN_02,242.000000000,244.000000000,2.000000000,0.085655686,0.000000000,0.000000000
CR-C02-016-A0123,CR-C02-016,DS04,cerro_rojo,CAMPAIGN_02,244.000000000,246.000000000,2.000000000,0.091395283,0.000000000,0.000000000
CR-C02-016-A0124,CR-C02-016,DS04,cerro_rojo,CAMPAIGN_02,246.000000000,248.000000000,2.000000000,0.096665855,0.000000000,0.000000000
CR-C02-016-A0125,CR-C02-016,DS04,cerro_rojo,CAMPAIGN_02,248.000000000,250.000000000,2.000000000,0.094767663,0.000000000,0.000000000
CR-C02-016-A0126,CR-C02-016,DS04,cerro_rojo,CAMPAIGN_02,250.000000000,252.000000000,2.000000000,0.099165272,0.000000000,0.000000000
CR-C02-016-A0127,CR-C02-016,DS04,cerro_rojo,CAMPAIGN_02,252.000000000,254.000000000,2.000000000,0.104233372,0.000000000,0.000000000
CR-C02-016-A0128,CR-C02-016,DS04,cerro_rojo,CAMPAIGN_02,254.000000000,256.000000000,2.000000000,0.104049357,0.000000000,0.000000000
CR-C02-016-A0129,CR-C02-016,DS04,cerro_rojo,CAMPAIGN_02,256.000000000,258.000000000,2.000000000,0.107324648,0.000000000,0.000000000
CR-C02-016-A0130,CR-C02-016,DS04,cerro_rojo,CAMPAIGN_02,258.000000000,260.000000000,2.000000000,0.103092109,0.000000000,0.000000000
CR-C02-016-A0131,CR-C02-016,DS04,cerro_rojo,CAMPAIGN_02,260.000000000,262.000000000,2.000000000,0.107291893,0.000000000,0.000000000
CR-C02-016-A0132,CR-C02-016,DS04,cerro_rojo,CAMPAIGN_02,262.000000000,264.000000000,2.000000000,0.105638276,0.000000000,0.000000000
CR-C02-016-A0133,CR-C02-016,DS04,cerro_rojo,CAMPAIGN_02,264.000000000,266.000000000,2.000000000,0.115645084,0.000000000,0.000000000
CR-C02-016-A0134,CR-C02-016,DS04,cerro_rojo,CAMPAIGN_02,266.000000000,268.000000000,2.000000000,0.112578193,0.000000000,0.000000000
CR-C02-016-A0135,CR-C02-016,DS04,cerro_rojo,CAMPAIGN_02,268.000000000,270.000000000,2.000000000,0.102965435,0.000000000,0.000000000
CR-C02-016-A0136,CR-C02-016,DS04,cerro_rojo,CAMPAIGN_02,270.000000000,272.000000000,2.000000000,0.108455480,0.000000000,0.000000000
CR-C02-016-A0137,CR-C02-016,DS04,cerro_rojo,CAMPAIGN_02,272.000000000,274.000000000,2.000000000,0.116817780,0.000000000,0.000000000
CR-C02-016-A0138,CR-C02-016,DS04,cerro_rojo,CAMPAIGN_02,274.000000000,276.000000000,2.000000000,0.118434399,0.000000000,0.000000000
CR-C02-016-A0139,CR-C02-016,DS04,cerro_rojo,CAMPAIGN_02,276.000000000,278.000000000,2.000000000,0.115399815,0.000000000,0.000000000
CR-C02-016-A0140,CR-C02-016,DS04,cerro_rojo,CAMPAIGN_02,278.000000000,280.000000000,2.000000000,0.120486078,0.000000000,0.000000000
CR-C02-016-A0141,CR-C02-016,DS04,cerro_rojo,CAMPAIGN_02,280.000000000,282.000000000,2.000000000,0.117691685,0.000000000,0.000000000
CR-C02-016-A0142,CR-C02-016,DS04,cerro_rojo,CAMPAIGN_02,282.000000000,284.000000000,2.000000000,0.112844832,0.000000000,0.000000000
CR-C02-016-A0143,CR-C02-016,DS04,cerro_rojo,CAMPAIGN_02,284.000000000,286.000000000,2.000000000,0.116759132,0.000000000,0.000000000
CR-C02-016-A0144,CR-C02-016,DS04,cerro_rojo,CAMPAIGN_02,286.000000000,288.000000000,2.000000000,0.126625645,0.000000000,0.000000000
CR-C02-016-A0145,CR-C02-016,DS04,cerro_rojo,CAMPAIGN_02,288.000000000,290.000000000,2.000000000,0.119939666,0.000000000,0.000000000
CR-C02-016-A0146,CR-C02-016,DS04,cerro_rojo,CAMPAIGN_02,290.000000000,292.000000000,2.000000000,0.127379315,0.000000000,0.000000000
CR-C02-016-A0147,CR-C02-016,DS04,cerro_rojo,CAMPAIGN_02,292.000000000,294.000000000,2.000000000,0.133803626,0.000000000,0.000000000
CR-C02-016-A0148,CR-C02-016,DS04,cerro_rojo,CAMPAIGN_02,294.000000000,296.000000000,2.000000000,0.139157640,0.000000000,0.000000000
CR-C02-016-A0149,CR-C02-016,DS04,cerro_rojo,CAMPAIGN_02,296.000000000,298.000000000,2.000000000,0.128967481,0.000000000,0.000000000
CR-C02-016-A0150,CR-C02-016,DS04,cerro_rojo,CAMPAIGN_02,298.000000000,300.000000000,2.000000000,0.135084512,0.000000000,0.000000000
CR-C02-016-A0151,CR-C02-016,DS04,cerro_rojo,CAMPAIGN_02,300.000000000,302.000000000,2.000000000,0.141727246,0.000000000,0.000000000
CR-C02-016-A0152,CR-C02-016,DS04,cerro_rojo,CAMPAIGN_02,302.000000000,304.000000000,2.000000000,0.132694152,0.000000000,0.000000000
CR-C02-016-A0153,CR-C02-016,DS04,cerro_rojo,CAMPAIGN_02,304.000000000,306.000000000,2.000000000,0.135609153,0.000000000,0.000000000
CR-C02-016-A0154,CR-C02-016,DS04,cerro_rojo,CAMPAIGN_02,306.000000000,308.000000000,2.000000000,0.134919651,0.000000000,0.000000000
CR-C02-016-A0155,CR-C02-016,DS04,cerro_rojo,CAMPAIGN_02,308.000000000,310.000000000,2.000000000,0.133515204,0.000000000,0.000000000
CR-C02-016-A0156,CR-C02-016,DS04,cerro_rojo,CAMPAIGN_02,310.000000000,312.000000000,2.000000000,0.135901312,0.000000000,0.000000000
CR-C02-016-A0157,CR-C02-016,DS04,cerro_rojo,CAMPAIGN_02,312.000000000,314.000000000,2.000000000,0.149088685,0.000000000,0.000000000
CR-C02-016-A0158,CR-C02-016,DS04,cerro_rojo,CAMPAIGN_02,314.000000000,316.000000000,2.000000000,0.135362805,0.000000000,0.000000000
CR-C02-016-A0159,CR-C02-016,DS04,cerro_rojo,CAMPAIGN_02,316.000000000,318.000000000,2.000000000,0.140838623,0.000000000,0.000000000
CR-C02-016-A0160,CR-C02-016,DS04,cerro_rojo,CAMPAIGN_02,318.000000000,320.000000000,2.000000000,0.143704618,0.000000000,0.000000000
CR-C02-016-A0161,CR-C02-016,DS04,cerro_rojo,CAMPAIGN_02,320.000000000,322.000000000,2.000000000,0.143208014,0.000000000,0.000000000
CR-C02-016-A0162,CR-C02-016,DS04,cerro_rojo,CAMPAIGN_02,322.000000000,324.000000000,2.000000000,0.149889553,0.000000000,0.000000000
CR-C02-016-A0163,CR-C02-016,DS04,cerro_rojo,CAMPAIGN_02,324.000000000,326.000000000,2.000000000,0.145173411,0.000000000,0.000000000
CR-C02-016-A0164,CR-C02-016,DS04,cerro_rojo,CAMPAIGN_02,326.000000000,328.000000000,2.000000000,0.150174916,0.000000000,0.000000000
CR-C02-016-A0165,CR-C02-016,DS04,cerro_rojo,CAMPAIGN_02,328.000000000,330.000000000,2.000000000,0.144469485,0.000000000,0.000000000
CR-C02-016-A0166,CR-C02-016,DS04,cerro_rojo,CAMPAIGN_02,330.000000000,330.572132118,0.572132118,0.153641998,0.000000000,0.000000000
CR-C02-017-A0001,CR-C02-017,DS04,cerro_rojo,CAMPAIGN_02,0.000000000,2.000000000,2.000000000,0.042128378,0.000000000,0.000000000
CR-C02-017-A0002,CR-C02-017,DS04,cerro_rojo,CAMPAIGN_02,2.000000000,4.000000000,2.000000000,0.040794764,0.000000000,0.000000000
CR-C02-017-A0003,CR-C02-017,DS04,cerro_rojo,CAMPAIGN_02,4.000000000,6.000000000,2.000000000,0.044829507,0.000000000,0.000000000
CR-C02-017-A0004,CR-C02-017,DS04,cerro_rojo,CAMPAIGN_02,6.000000000,8.000000000,2.000000000,0.040574593,0.000000000,0.000000000
CR-C02-017-A0005,CR-C02-017,DS04,cerro_rojo,CAMPAIGN_02,8.000000000,10.000000000,2.000000000,0.044160574,0.000000000,0.000000000
CR-C02-017-A0006,CR-C02-017,DS04,cerro_rojo,CAMPAIGN_02,10.000000000,12.000000000,2.000000000,0.044986394,0.000000000,0.000000000
CR-C02-017-A0007,CR-C02-017,DS04,cerro_rojo,CAMPAIGN_02,12.000000000,14.000000000,2.000000000,0.042117797,0.000000000,0.000000000
CR-C02-017-A0008,CR-C02-017,DS04,cerro_rojo,CAMPAIGN_02,14.000000000,16.000000000,2.000000000,0.044907124,0.000000000,0.000000000
CR-C02-017-A0009,CR-C02-017,DS04,cerro_rojo,CAMPAIGN_02,16.000000000,18.000000000,2.000000000,0.046948776,0.000000000,0.000000000
CR-C02-017-A0010,CR-C02-017,DS04,cerro_rojo,CAMPAIGN_02,18.000000000,20.000000000,2.000000000,0.048834152,0.000000000,0.000000000
CR-C02-017-A0011,CR-C02-017,DS04,cerro_rojo,CAMPAIGN_02,20.000000000,22.000000000,2.000000000,0.050349622,0.000000000,0.000000000
CR-C02-017-A0012,CR-C02-017,DS04,cerro_rojo,CAMPAIGN_02,22.000000000,24.000000000,2.000000000,0.053425690,0.000000000,0.000000000
CR-C02-017-A0013,CR-C02-017,DS04,cerro_rojo,CAMPAIGN_02,24.000000000,26.000000000,2.000000000,0.051751473,0.000000000,0.000000000
CR-C02-017-A0014,CR-C02-017,DS04,cerro_rojo,CAMPAIGN_02,26.000000000,28.000000000,2.000000000,0.053294955,0.000000000,0.000000000
CR-C02-017-A0015,CR-C02-017,DS04,cerro_rojo,CAMPAIGN_02,28.000000000,30.000000000,2.000000000,0.053021276,0.000000000,0.000000000
CR-C02-017-A0016,CR-C02-017,DS04,cerro_rojo,CAMPAIGN_02,30.000000000,32.000000000,2.000000000,0.053676047,0.000000000,0.000000000
CR-C02-017-A0017,CR-C02-017,DS04,cerro_rojo,CAMPAIGN_02,32.000000000,34.000000000,2.000000000,0.051616531,0.000000000,0.000000000
CR-C02-017-A0018,CR-C02-017,DS04,cerro_rojo,CAMPAIGN_02,34.000000000,36.000000000,2.000000000,0.057877731,0.000000000,0.000000000
CR-C02-017-A0019,CR-C02-017,DS04,cerro_rojo,CAMPAIGN_02,36.000000000,38.000000000,2.000000000,0.053790066,0.000000000,0.000000000
CR-C02-017-A0020,CR-C02-017,DS04,cerro_rojo,CAMPAIGN_02,38.000000000,40.000000000,2.000000000,0.051457127,0.000000000,0.000000000
CR-C02-017-A0021,CR-C02-017,DS04,cerro_rojo,CAMPAIGN_02,40.000000000,42.000000000,2.000000000,0.059151429,0.000000000,0.000000000
CR-C02-017-A0022,CR-C02-017,DS04,cerro_rojo,CAMPAIGN_02,42.000000000,44.000000000,2.000000000,0.056131034,0.000000000,0.000000000
CR-C02-017-A0023,CR-C02-017,DS04,cerro_rojo,CAMPAIGN_02,44.000000000,46.000000000,2.000000000,0.060798421,0.000000000,0.000000000
CR-C02-017-A0024,CR-C02-017,DS04,cerro_rojo,CAMPAIGN_02,46.000000000,48.000000000,2.000000000,0.060084631,0.000000000,0.000000000
CR-C02-017-A0025,CR-C02-017,DS04,cerro_rojo,CAMPAIGN_02,48.000000000,50.000000000,2.000000000,0.063793686,0.000000000,0.000000000
CR-C02-017-A0026,CR-C02-017,DS04,cerro_rojo,CAMPAIGN_02,50.000000000,52.000000000,2.000000000,0.059458306,0.000000000,0.000000000
CR-C02-017-A0027,CR-C02-017,DS04,cerro_rojo,CAMPAIGN_02,52.000000000,54.000000000,2.000000000,0.069207716,0.000000000,0.000000000
CR-C02-017-A0028,CR-C02-017,DS04,cerro_rojo,CAMPAIGN_02,54.000000000,56.000000000,2.000000000,0.061828561,0.000000000,0.000000000
CR-C02-017-A0029,CR-C02-017,DS04,cerro_rojo,CAMPAIGN_02,56.000000000,58.000000000,2.000000000,0.064314603,0.000000000,0.000000000
CR-C02-017-A0030,CR-C02-017,DS04,cerro_rojo,CAMPAIGN_02,58.000000000,60.000000000,2.000000000,0.068395857,0.000000000,0.000000000
CR-C02-017-A0031,CR-C02-017,DS04,cerro_rojo,CAMPAIGN_02,60.000000000,62.000000000,2.000000000,0.067124447,0.000000000,0.000000000
CR-C02-017-A0032,CR-C02-017,DS04,cerro_rojo,CAMPAIGN_02,62.000000000,64.000000000,2.000000000,0.069762642,0.000000000,0.000000000
CR-C02-017-A0033,CR-C02-017,DS04,cerro_rojo,CAMPAIGN_02,64.000000000,66.000000000,2.000000000,0.074547617,0.000000000,0.000000000
CR-C02-017-A0034,CR-C02-017,DS04,cerro_rojo,CAMPAIGN_02,66.000000000,68.000000000,2.000000000,0.074243944,0.000000000,0.000000000
CR-C02-017-A0035,CR-C02-017,DS04,cerro_rojo,CAMPAIGN_02,68.000000000,70.000000000,2.000000000,0.074296833,0.000000000,0.000000000
CR-C02-017-A0036,CR-C02-017,DS04,cerro_rojo,CAMPAIGN_02,70.000000000,72.000000000,2.000000000,0.073831794,0.000000000,0.000000000
CR-C02-017-A0037,CR-C02-017,DS04,cerro_rojo,CAMPAIGN_02,72.000000000,74.000000000,2.000000000,0.074136609,0.000000000,0.000000000
CR-C02-017-A0038,CR-C02-017,DS04,cerro_rojo,CAMPAIGN_02,74.000000000,76.000000000,2.000000000,0.073045777,0.000000000,0.000000000
CR-C02-017-A0039,CR-C02-017,DS04,cerro_rojo,CAMPAIGN_02,76.000000000,78.000000000,2.000000000,0.075640912,0.000000000,0.000000000
CR-C02-017-A0040,CR-C02-017,DS04,cerro_rojo,CAMPAIGN_02,78.000000000,80.000000000,2.000000000,0.077137955,0.000000000,0.000000000
CR-C02-017-A0041,CR-C02-017,DS04,cerro_rojo,CAMPAIGN_02,80.000000000,82.000000000,2.000000000,0.081881396,0.000000000,0.000000000
CR-C02-017-A0042,CR-C02-017,DS04,cerro_rojo,CAMPAIGN_02,82.000000000,84.000000000,2.000000000,0.080182051,0.000000000,0.000000000
CR-C02-017-A0043,CR-C02-017,DS04,cerro_rojo,CAMPAIGN_02,84.000000000,86.000000000,2.000000000,0.086167524,0.000000000,0.000000000
CR-C02-017-A0044,CR-C02-017,DS04,cerro_rojo,CAMPAIGN_02,86.000000000,88.000000000,2.000000000,0.077986031,0.000000000,0.000000000
CR-C02-017-A0045,CR-C02-017,DS04,cerro_rojo,CAMPAIGN_02,88.000000000,90.000000000,2.000000000,0.089015291,0.000000000,0.000000000
CR-C02-017-A0046,CR-C02-017,DS04,cerro_rojo,CAMPAIGN_02,90.000000000,92.000000000,2.000000000,0.083617960,0.000000000,0.000000000
CR-C02-017-A0047,CR-C02-017,DS04,cerro_rojo,CAMPAIGN_02,92.000000000,94.000000000,2.000000000,0.090415517,0.000000000,0.000000000
CR-C02-017-A0048,CR-C02-017,DS04,cerro_rojo,CAMPAIGN_02,94.000000000,96.000000000,2.000000000,0.092512216,0.000000000,0.000000000
CR-C02-017-A0049,CR-C02-017,DS04,cerro_rojo,CAMPAIGN_02,96.000000000,98.000000000,2.000000000,0.090835108,0.000000000,0.000000000
CR-C02-017-A0050,CR-C02-017,DS04,cerro_rojo,CAMPAIGN_02,98.000000000,100.000000000,2.000000000,0.096112389,0.000000000,0.000000000
CR-C02-017-A0051,CR-C02-017,DS04,cerro_rojo,CAMPAIGN_02,100.000000000,102.000000000,2.000000000,0.093314346,0.000000000,0.000000000
CR-C02-017-A0052,CR-C02-017,DS04,cerro_rojo,CAMPAIGN_02,102.000000000,104.000000000,2.000000000,0.098585155,0.000000000,0.000000000
CR-C02-017-A0053,CR-C02-017,DS04,cerro_rojo,CAMPAIGN_02,104.000000000,106.000000000,2.000000000,0.088362945,0.000000000,0.000000000
CR-C02-017-A0054,CR-C02-017,DS04,cerro_rojo,CAMPAIGN_02,106.000000000,108.000000000,2.000000000,0.091994437,0.000000000,0.000000000
CR-C02-017-A0055,CR-C02-017,DS04,cerro_rojo,CAMPAIGN_02,108.000000000,110.000000000,2.000000000,0.102102062,0.000000000,0.000000000
CR-C02-017-A0056,CR-C02-017,DS04,cerro_rojo,CAMPAIGN_02,110.000000000,112.000000000,2.000000000,0.092610037,0.000000000,0.000000000
CR-C02-017-A0057,CR-C02-017,DS04,cerro_rojo,CAMPAIGN_02,112.000000000,114.000000000,2.000000000,0.104505550,0.000000000,0.000000000
CR-C02-017-A0058,CR-C02-017,DS04,cerro_rojo,CAMPAIGN_02,114.000000000,116.000000000,2.000000000,0.097045781,0.000000000,0.000000000
CR-C02-017-A0059,CR-C02-017,DS04,cerro_rojo,CAMPAIGN_02,116.000000000,118.000000000,2.000000000,0.102315718,0.000000000,0.000000000
CR-C02-017-A0060,CR-C02-017,DS04,cerro_rojo,CAMPAIGN_02,118.000000000,120.000000000,2.000000000,0.103017494,0.000000000,0.000000000
CR-C02-017-A0061,CR-C02-017,DS04,cerro_rojo,CAMPAIGN_02,120.000000000,122.000000000,2.000000000,0.097007391,0.000000000,0.000000000
CR-C02-017-A0062,CR-C02-017,DS04,cerro_rojo,CAMPAIGN_02,122.000000000,124.000000000,2.000000000,0.102392876,0.000000000,0.000000000
CR-C02-017-A0063,CR-C02-017,DS04,cerro_rojo,CAMPAIGN_02,124.000000000,126.000000000,2.000000000,0.107325896,0.000000000,0.000000000
CR-C02-017-A0064,CR-C02-017,DS04,cerro_rojo,CAMPAIGN_02,126.000000000,128.000000000,2.000000000,0.097485766,0.000000000,0.000000000
CR-C02-017-A0065,CR-C02-017,DS04,cerro_rojo,CAMPAIGN_02,128.000000000,130.000000000,2.000000000,0.104389088,0.000000000,0.000000000
CR-C02-017-A0066,CR-C02-017,DS04,cerro_rojo,CAMPAIGN_02,130.000000000,132.000000000,2.000000000,0.108886982,0.000000000,0.000000000
CR-C02-017-A0067,CR-C02-017,DS04,cerro_rojo,CAMPAIGN_02,132.000000000,134.000000000,2.000000000,0.110939672,0.000000000,0.000000000
CR-C02-017-A0068,CR-C02-017,DS04,cerro_rojo,CAMPAIGN_02,134.000000000,136.000000000,2.000000000,0.101885915,0.000000000,0.000000000
CR-C02-017-A0069,CR-C02-017,DS04,cerro_rojo,CAMPAIGN_02,136.000000000,138.000000000,2.000000000,0.109956562,0.000000000,0.000000000
CR-C02-017-A0070,CR-C02-017,DS04,cerro_rojo,CAMPAIGN_02,138.000000000,140.000000000,2.000000000,0.108036638,0.000000000,0.000000000
CR-C02-017-A0071,CR-C02-017,DS04,cerro_rojo,CAMPAIGN_02,140.000000000,142.000000000,2.000000000,0.105359688,0.000000000,0.000000000
CR-C02-017-A0072,CR-C02-017,DS04,cerro_rojo,CAMPAIGN_02,142.000000000,144.000000000,2.000000000,0.115732739,0.000000000,0.000000000
CR-C02-017-A0073,CR-C02-017,DS04,cerro_rojo,CAMPAIGN_02,144.000000000,146.000000000,2.000000000,0.112086060,0.000000000,0.000000000
CR-C02-017-A0074,CR-C02-017,DS04,cerro_rojo,CAMPAIGN_02,146.000000000,148.000000000,2.000000000,0.115962552,0.000000000,0.000000000
CR-C02-017-A0075,CR-C02-017,DS04,cerro_rojo,CAMPAIGN_02,148.000000000,150.000000000,2.000000000,0.110454120,0.000000000,0.000000000
CR-C02-017-A0076,CR-C02-017,DS04,cerro_rojo,CAMPAIGN_02,150.000000000,152.000000000,2.000000000,0.119950808,0.000000000,0.000000000
CR-C02-017-A0077,CR-C02-017,DS04,cerro_rojo,CAMPAIGN_02,152.000000000,154.000000000,2.000000000,0.120540124,0.000000000,0.000000000
CR-C02-017-A0078,CR-C02-017,DS04,cerro_rojo,CAMPAIGN_02,154.000000000,156.000000000,2.000000000,0.108527101,0.000000000,0.000000000
CR-C02-017-A0079,CR-C02-017,DS04,cerro_rojo,CAMPAIGN_02,156.000000000,158.000000000,2.000000000,0.119762931,0.000000000,0.000000000
CR-C02-017-A0080,CR-C02-017,DS04,cerro_rojo,CAMPAIGN_02,158.000000000,160.000000000,2.000000000,0.107348200,0.000000000,0.000000000
CR-C02-017-A0081,CR-C02-017,DS04,cerro_rojo,CAMPAIGN_02,160.000000000,162.000000000,2.000000000,0.119887416,0.000000000,0.000000000
CR-C02-017-A0082,CR-C02-017,DS04,cerro_rojo,CAMPAIGN_02,162.000000000,164.000000000,2.000000000,0.115045226,0.000000000,0.000000000
CR-C02-017-A0083,CR-C02-017,DS04,cerro_rojo,CAMPAIGN_02,164.000000000,166.000000000,2.000000000,0.113693077,0.000000000,0.000000000
CR-C02-017-A0084,CR-C02-017,DS04,cerro_rojo,CAMPAIGN_02,166.000000000,168.000000000,2.000000000,0.122246428,0.000000000,0.000000000
CR-C02-017-A0085,CR-C02-017,DS04,cerro_rojo,CAMPAIGN_02,168.000000000,170.000000000,2.000000000,0.117040345,0.000000000,0.000000000
CR-C02-017-A0086,CR-C02-017,DS04,cerro_rojo,CAMPAIGN_02,170.000000000,172.000000000,2.000000000,0.127481655,0.000000000,0.000000000
CR-C02-017-A0087,CR-C02-017,DS04,cerro_rojo,CAMPAIGN_02,172.000000000,174.000000000,2.000000000,0.118047171,0.000000000,0.000000000
CR-C02-017-A0088,CR-C02-017,DS04,cerro_rojo,CAMPAIGN_02,174.000000000,176.000000000,2.000000000,0.117567087,0.000000000,0.000000000
CR-C02-017-A0089,CR-C02-017,DS04,cerro_rojo,CAMPAIGN_02,176.000000000,178.000000000,2.000000000,0.126248495,0.000000000,0.000000000
CR-C02-017-A0090,CR-C02-017,DS04,cerro_rojo,CAMPAIGN_02,178.000000000,180.000000000,2.000000000,0.118138827,0.000000000,0.000000000
CR-C02-017-A0091,CR-C02-017,DS04,cerro_rojo,CAMPAIGN_02,180.000000000,182.000000000,2.000000000,0.123066455,0.000000000,0.000000000
CR-C02-017-A0092,CR-C02-017,DS04,cerro_rojo,CAMPAIGN_02,182.000000000,184.000000000,2.000000000,0.124552392,0.000000000,0.000000000
CR-C02-017-A0093,CR-C02-017,DS04,cerro_rojo,CAMPAIGN_02,184.000000000,186.000000000,2.000000000,0.113874024,0.000000000,0.000000000
CR-C02-017-A0094,CR-C02-017,DS04,cerro_rojo,CAMPAIGN_02,186.000000000,188.000000000,2.000000000,0.118936187,0.000000000,0.000000000
CR-C02-017-A0095,CR-C02-017,DS04,cerro_rojo,CAMPAIGN_02,188.000000000,190.000000000,2.000000000,0.123163086,0.000000000,0.000000000
CR-C02-017-A0096,CR-C02-017,DS04,cerro_rojo,CAMPAIGN_02,190.000000000,192.000000000,2.000000000,0.121003144,0.000000000,0.000000000
CR-C02-017-A0097,CR-C02-017,DS04,cerro_rojo,CAMPAIGN_02,192.000000000,194.000000000,2.000000000,0.119795273,0.000000000,0.000000000
CR-C02-017-A0098,CR-C02-017,DS04,cerro_rojo,CAMPAIGN_02,194.000000000,196.000000000,2.000000000,0.119500005,0.000000000,0.000000000
CR-C02-017-A0099,CR-C02-017,DS04,cerro_rojo,CAMPAIGN_02,196.000000000,198.000000000,2.000000000,0.123576856,0.000000000,0.000000000
CR-C02-017-A0100,CR-C02-017,DS04,cerro_rojo,CAMPAIGN_02,198.000000000,200.000000000,2.000000000,0.122274711,0.000000000,0.000000000
CR-C02-017-A0101,CR-C02-017,DS04,cerro_rojo,CAMPAIGN_02,200.000000000,202.000000000,2.000000000,0.119949221,0.000000000,0.000000000
CR-C02-017-A0102,CR-C02-017,DS04,cerro_rojo,CAMPAIGN_02,202.000000000,204.000000000,2.000000000,0.116441556,0.000000000,0.000000000
CR-C02-017-A0103,CR-C02-017,DS04,cerro_rojo,CAMPAIGN_02,204.000000000,206.000000000,2.000000000,0.120261896,0.000000000,0.000000000
CR-C02-017-A0104,CR-C02-017,DS04,cerro_rojo,CAMPAIGN_02,206.000000000,208.000000000,2.000000000,0.118377145,0.000000000,0.000000000
CR-C02-017-A0105,CR-C02-017,DS04,cerro_rojo,CAMPAIGN_02,208.000000000,210.000000000,2.000000000,0.108965725,0.000000000,0.000000000
CR-C02-017-A0106,CR-C02-017,DS04,cerro_rojo,CAMPAIGN_02,210.000000000,212.000000000,2.000000000,0.119478236,0.000000000,0.000000000
CR-C02-017-A0107,CR-C02-017,DS04,cerro_rojo,CAMPAIGN_02,212.000000000,214.000000000,2.000000000,0.113580214,0.000000000,0.000000000
CR-C02-017-A0108,CR-C02-017,DS04,cerro_rojo,CAMPAIGN_02,214.000000000,216.000000000,2.000000000,0.118353885,0.000000000,0.000000000
CR-C02-017-A0109,CR-C02-017,DS04,cerro_rojo,CAMPAIGN_02,216.000000000,218.000000000,2.000000000,0.117584019,0.000000000,0.000000000
CR-C02-017-A0110,CR-C02-017,DS04,cerro_rojo,CAMPAIGN_02,218.000000000,220.000000000,2.000000000,0.114410223,0.000000000,0.000000000
CR-C02-017-A0111,CR-C02-017,DS04,cerro_rojo,CAMPAIGN_02,220.000000000,222.000000000,2.000000000,0.113485450,0.000000000,0.000000000
CR-C02-017-A0112,CR-C02-017,DS04,cerro_rojo,CAMPAIGN_02,222.000000000,224.000000000,2.000000000,0.115425742,0.000000000,0.000000000
CR-C02-017-A0113,CR-C02-017,DS04,cerro_rojo,CAMPAIGN_02,224.000000000,226.000000000,2.000000000,0.116533251,0.000000000,0.000000000
CR-C02-017-A0114,CR-C02-017,DS04,cerro_rojo,CAMPAIGN_02,226.000000000,228.000000000,2.000000000,0.114124669,0.000000000,0.000000000
CR-C02-017-A0115,CR-C02-017,DS04,cerro_rojo,CAMPAIGN_02,228.000000000,230.000000000,2.000000000,0.120221613,0.000000000,0.000000000
CR-C02-018-A0001,CR-C02-018,DS04,cerro_rojo,CAMPAIGN_02,0.000000000,2.000000000,2.000000000,0.062832051,0.000000000,0.000000000
CR-C02-018-A0002,CR-C02-018,DS04,cerro_rojo,CAMPAIGN_02,2.000000000,4.000000000,2.000000000,0.065259037,0.000000000,0.000000000
CR-C02-018-A0003,CR-C02-018,DS04,cerro_rojo,CAMPAIGN_02,4.000000000,6.000000000,2.000000000,0.072641505,0.000000000,0.000000000
CR-C02-018-A0004,CR-C02-018,DS04,cerro_rojo,CAMPAIGN_02,6.000000000,8.000000000,2.000000000,0.072203136,0.000000000,0.000000000
CR-C02-018-A0005,CR-C02-018,DS04,cerro_rojo,CAMPAIGN_02,8.000000000,10.000000000,2.000000000,0.071922577,0.000000000,0.000000000
CR-C02-018-A0006,CR-C02-018,DS04,cerro_rojo,CAMPAIGN_02,10.000000000,12.000000000,2.000000000,0.067554857,0.000000000,0.000000000
CR-C02-018-A0007,CR-C02-018,DS04,cerro_rojo,CAMPAIGN_02,12.000000000,14.000000000,2.000000000,0.073973782,0.000000000,0.000000000
CR-C02-018-A0008,CR-C02-018,DS04,cerro_rojo,CAMPAIGN_02,14.000000000,16.000000000,2.000000000,0.077324484,0.000000000,0.000000000
CR-C02-018-A0009,CR-C02-018,DS04,cerro_rojo,CAMPAIGN_02,16.000000000,18.000000000,2.000000000,0.073604801,0.000000000,0.000000000
CR-C02-018-A0010,CR-C02-018,DS04,cerro_rojo,CAMPAIGN_02,18.000000000,20.000000000,2.000000000,0.074796709,0.000000000,0.000000000
CR-C02-018-A0011,CR-C02-018,DS04,cerro_rojo,CAMPAIGN_02,20.000000000,22.000000000,2.000000000,0.070845366,0.000000000,0.000000000
CR-C02-018-A0012,CR-C02-018,DS04,cerro_rojo,CAMPAIGN_02,22.000000000,24.000000000,2.000000000,0.077999551,0.000000000,0.000000000
CR-C02-018-A0013,CR-C02-018,DS04,cerro_rojo,CAMPAIGN_02,24.000000000,26.000000000,2.000000000,0.078747807,0.000000000,0.000000000
CR-C02-018-A0014,CR-C02-018,DS04,cerro_rojo,CAMPAIGN_02,26.000000000,28.000000000,2.000000000,0.078469372,0.000000000,0.000000000
CR-C02-018-A0015,CR-C02-018,DS04,cerro_rojo,CAMPAIGN_02,28.000000000,30.000000000,2.000000000,0.079450743,0.000000000,0.000000000
CR-C02-018-A0016,CR-C02-018,DS04,cerro_rojo,CAMPAIGN_02,30.000000000,32.000000000,2.000000000,0.078819238,0.000000000,0.000000000
CR-C02-018-A0017,CR-C02-018,DS04,cerro_rojo,CAMPAIGN_02,32.000000000,34.000000000,2.000000000,0.078762836,0.000000000,0.000000000
CR-C02-018-A0018,CR-C02-018,DS04,cerro_rojo,CAMPAIGN_02,34.000000000,36.000000000,2.000000000,0.096041538,0.000000000,0.000000000
CR-C02-018-A0019,CR-C02-018,DS04,cerro_rojo,CAMPAIGN_02,36.000000000,38.000000000,2.000000000,0.083641671,0.000000000,0.000000000
CR-C02-018-A0020,CR-C02-018,DS04,cerro_rojo,CAMPAIGN_02,38.000000000,40.000000000,2.000000000,0.087050853,0.000000000,0.000000000
CR-C02-018-A0021,CR-C02-018,DS04,cerro_rojo,CAMPAIGN_02,40.000000000,42.000000000,2.000000000,0.090552584,0.000000000,0.000000000
CR-C02-018-A0022,CR-C02-018,DS04,cerro_rojo,CAMPAIGN_02,42.000000000,44.000000000,2.000000000,0.093312997,0.000000000,0.000000000
CR-C02-018-A0023,CR-C02-018,DS04,cerro_rojo,CAMPAIGN_02,44.000000000,46.000000000,2.000000000,0.086872487,0.000000000,0.000000000
CR-C02-018-A0024,CR-C02-018,DS04,cerro_rojo,CAMPAIGN_02,46.000000000,48.000000000,2.000000000,0.090818197,0.000000000,0.000000000
CR-C02-018-A0025,CR-C02-018,DS04,cerro_rojo,CAMPAIGN_02,48.000000000,50.000000000,2.000000000,0.090482204,0.000000000,0.000000000
CR-C02-018-A0026,CR-C02-018,DS04,cerro_rojo,CAMPAIGN_02,50.000000000,52.000000000,2.000000000,0.100013605,0.000000000,0.000000000
CR-C02-018-A0027,CR-C02-018,DS04,cerro_rojo,CAMPAIGN_02,52.000000000,54.000000000,2.000000000,0.096607774,0.000000000,0.000000000
CR-C02-018-A0028,CR-C02-018,DS04,cerro_rojo,CAMPAIGN_02,54.000000000,56.000000000,2.000000000,0.098167958,0.000000000,0.000000000
CR-C02-018-A0029,CR-C02-018,DS04,cerro_rojo,CAMPAIGN_02,56.000000000,58.000000000,2.000000000,0.093033082,0.000000000,0.000000000
CR-C02-018-A0030,CR-C02-018,DS04,cerro_rojo,CAMPAIGN_02,58.000000000,60.000000000,2.000000000,0.109346102,0.000000000,0.000000000
CR-C02-018-A0031,CR-C02-018,DS04,cerro_rojo,CAMPAIGN_02,60.000000000,62.000000000,2.000000000,0.102941626,0.000000000,0.000000000
CR-C02-018-A0032,CR-C02-018,DS04,cerro_rojo,CAMPAIGN_02,62.000000000,64.000000000,2.000000000,0.115326964,0.000000000,0.000000000
CR-C02-018-A0033,CR-C02-018,DS04,cerro_rojo,CAMPAIGN_02,64.000000000,66.000000000,2.000000000,0.107232897,0.000000000,0.000000000
CR-C02-018-A0034,CR-C02-018,DS04,cerro_rojo,CAMPAIGN_02,66.000000000,68.000000000,2.000000000,0.104783481,0.000000000,0.000000000
CR-C02-018-A0035,CR-C02-018,DS04,cerro_rojo,CAMPAIGN_02,68.000000000,70.000000000,2.000000000,0.108787173,0.000000000,0.000000000
CR-C02-018-A0036,CR-C02-018,DS04,cerro_rojo,CAMPAIGN_02,70.000000000,72.000000000,2.000000000,0.102652145,0.000000000,0.000000000
CR-C02-018-A0037,CR-C02-018,DS04,cerro_rojo,CAMPAIGN_02,72.000000000,74.000000000,2.000000000,0.101330166,0.000000000,0.000000000
CR-C02-018-A0038,CR-C02-018,DS04,cerro_rojo,CAMPAIGN_02,74.000000000,76.000000000,2.000000000,0.117544095,0.000000000,0.000000000
CR-C02-018-A0039,CR-C02-018,DS04,cerro_rojo,CAMPAIGN_02,76.000000000,78.000000000,2.000000000,0.111540121,0.000000000,0.000000000
CR-C02-018-A0040,CR-C02-018,DS04,cerro_rojo,CAMPAIGN_02,78.000000000,80.000000000,2.000000000,0.121105104,0.000000000,0.000000000
CR-C02-018-A0041,CR-C02-018,DS04,cerro_rojo,CAMPAIGN_02,80.000000000,82.000000000,2.000000000,0.118521464,0.000000000,0.000000000
CR-C02-018-A0042,CR-C02-018,DS04,cerro_rojo,CAMPAIGN_02,82.000000000,84.000000000,2.000000000,0.118809382,0.000000000,0.000000000
CR-C02-018-A0043,CR-C02-018,DS04,cerro_rojo,CAMPAIGN_02,84.000000000,86.000000000,2.000000000,0.118739846,0.000000000,0.000000000
CR-C02-018-A0044,CR-C02-018,DS04,cerro_rojo,CAMPAIGN_02,86.000000000,88.000000000,2.000000000,0.121916731,0.000000000,0.000000000
CR-C02-018-A0045,CR-C02-018,DS04,cerro_rojo,CAMPAIGN_02,88.000000000,90.000000000,2.000000000,0.126093442,0.000000000,0.000000000
CR-C02-018-A0046,CR-C02-018,DS04,cerro_rojo,CAMPAIGN_02,90.000000000,92.000000000,2.000000000,0.120857704,0.000000000,0.000000000
CR-C02-018-A0047,CR-C02-018,DS04,cerro_rojo,CAMPAIGN_02,92.000000000,94.000000000,2.000000000,0.121589421,0.000000000,0.000000000
CR-C02-018-A0048,CR-C02-018,DS04,cerro_rojo,CAMPAIGN_02,94.000000000,96.000000000,2.000000000,0.128580894,0.000000000,0.000000000
CR-C02-018-A0049,CR-C02-018,DS04,cerro_rojo,CAMPAIGN_02,96.000000000,98.000000000,2.000000000,0.125527181,0.000000000,0.000000000
CR-C02-018-A0050,CR-C02-018,DS04,cerro_rojo,CAMPAIGN_02,98.000000000,100.000000000,2.000000000,0.136791512,0.000000000,0.000000000
CR-C02-018-A0051,CR-C02-018,DS04,cerro_rojo,CAMPAIGN_02,100.000000000,102.000000000,2.000000000,0.131715495,0.000000000,0.000000000
CR-C02-018-A0052,CR-C02-018,DS04,cerro_rojo,CAMPAIGN_02,102.000000000,104.000000000,2.000000000,0.129811731,0.000000000,0.000000000
CR-C02-018-A0053,CR-C02-018,DS04,cerro_rojo,CAMPAIGN_02,104.000000000,106.000000000,2.000000000,0.134302747,0.000000000,0.000000000
CR-C02-018-A0054,CR-C02-018,DS04,cerro_rojo,CAMPAIGN_02,106.000000000,108.000000000,2.000000000,0.135753025,0.000000000,0.000000000
CR-C02-018-A0055,CR-C02-018,DS04,cerro_rojo,CAMPAIGN_02,108.000000000,110.000000000,2.000000000,0.136204948,0.000000000,0.000000000
CR-C02-018-A0056,CR-C02-018,DS04,cerro_rojo,CAMPAIGN_02,110.000000000,112.000000000,2.000000000,0.132408216,0.000000000,0.000000000
CR-C02-018-A0057,CR-C02-018,DS04,cerro_rojo,CAMPAIGN_02,112.000000000,114.000000000,2.000000000,0.145136138,0.000000000,0.000000000
CR-C02-018-A0058,CR-C02-018,DS04,cerro_rojo,CAMPAIGN_02,114.000000000,116.000000000,2.000000000,0.143430892,0.000000000,0.000000000
CR-C02-018-A0059,CR-C02-018,DS04,cerro_rojo,CAMPAIGN_02,116.000000000,118.000000000,2.000000000,0.146256602,0.000000000,0.000000000
CR-C02-018-A0060,CR-C02-018,DS04,cerro_rojo,CAMPAIGN_02,118.000000000,120.000000000,2.000000000,0.140772629,0.000000000,0.000000000
CR-C02-018-A0061,CR-C02-018,DS04,cerro_rojo,CAMPAIGN_02,120.000000000,122.000000000,2.000000000,0.148131410,0.000000000,0.000000000
CR-C02-018-A0062,CR-C02-018,DS04,cerro_rojo,CAMPAIGN_02,122.000000000,124.000000000,2.000000000,0.141095108,0.000000000,0.000000000
CR-C02-018-A0063,CR-C02-018,DS04,cerro_rojo,CAMPAIGN_02,124.000000000,126.000000000,2.000000000,0.155936405,0.000000000,0.000000000
CR-C02-018-A0064,CR-C02-018,DS04,cerro_rojo,CAMPAIGN_02,126.000000000,128.000000000,2.000000000,0.142740395,0.000000000,0.000000000
CR-C02-018-A0065,CR-C02-018,DS04,cerro_rojo,CAMPAIGN_02,128.000000000,130.000000000,2.000000000,0.144390215,0.000000000,0.000000000
CR-C02-018-A0066,CR-C02-018,DS04,cerro_rojo,CAMPAIGN_02,130.000000000,132.000000000,2.000000000,0.145702873,0.000000000,0.000000000
CR-C02-018-A0067,CR-C02-018,DS04,cerro_rojo,CAMPAIGN_02,132.000000000,134.000000000,2.000000000,0.151899905,0.000000000,0.000000000
CR-C02-018-A0068,CR-C02-018,DS04,cerro_rojo,CAMPAIGN_02,134.000000000,136.000000000,2.000000000,0.150052190,0.000000000,0.000000000
CR-C02-018-A0069,CR-C02-018,DS04,cerro_rojo,CAMPAIGN_02,136.000000000,138.000000000,2.000000000,0.145790051,0.000000000,0.000000000
CR-C02-018-A0070,CR-C02-018,DS04,cerro_rojo,CAMPAIGN_02,138.000000000,140.000000000,2.000000000,0.158242323,0.000000000,0.000000000
CR-C02-018-A0071,CR-C02-018,DS04,cerro_rojo,CAMPAIGN_02,140.000000000,142.000000000,2.000000000,0.147427844,0.000000000,0.000000000
CR-C02-018-A0072,CR-C02-018,DS04,cerro_rojo,CAMPAIGN_02,142.000000000,144.000000000,2.000000000,0.153826012,0.000000000,0.000000000
CR-C02-018-A0073,CR-C02-018,DS04,cerro_rojo,CAMPAIGN_02,144.000000000,146.000000000,2.000000000,0.156466091,0.000000000,0.000000000
CR-C02-018-A0074,CR-C02-018,DS04,cerro_rojo,CAMPAIGN_02,146.000000000,148.000000000,2.000000000,0.158684564,0.000000000,0.000000000
CR-C02-018-A0075,CR-C02-018,DS04,cerro_rojo,CAMPAIGN_02,148.000000000,150.000000000,2.000000000,0.150297653,0.000000000,0.000000000
CR-C02-018-A0076,CR-C02-018,DS04,cerro_rojo,CAMPAIGN_02,150.000000000,152.000000000,2.000000000,0.152789971,0.000000000,0.000000000
CR-C02-018-A0077,CR-C02-018,DS04,cerro_rojo,CAMPAIGN_02,152.000000000,154.000000000,2.000000000,0.154984359,0.000000000,0.000000000
CR-C02-018-A0078,CR-C02-018,DS04,cerro_rojo,CAMPAIGN_02,154.000000000,156.000000000,2.000000000,0.162696479,0.000000000,0.000000000
CR-C02-018-A0079,CR-C02-018,DS04,cerro_rojo,CAMPAIGN_02,156.000000000,158.000000000,2.000000000,0.154480157,0.000000000,0.000000000
CR-C02-018-A0080,CR-C02-018,DS04,cerro_rojo,CAMPAIGN_02,158.000000000,160.000000000,2.000000000,0.157009403,0.000000000,0.000000000
CR-C02-018-A0081,CR-C02-018,DS04,cerro_rojo,CAMPAIGN_02,160.000000000,162.000000000,2.000000000,0.166492987,0.000000000,0.000000000
CR-C02-018-A0082,CR-C02-018,DS04,cerro_rojo,CAMPAIGN_02,162.000000000,164.000000000,2.000000000,0.161428847,0.000000000,0.000000000
CR-C02-018-A0083,CR-C02-018,DS04,cerro_rojo,CAMPAIGN_02,164.000000000,166.000000000,2.000000000,0.161431931,0.000000000,0.000000000
CR-C02-018-A0084,CR-C02-018,DS04,cerro_rojo,CAMPAIGN_02,166.000000000,168.000000000,2.000000000,0.157137892,0.000000000,0.000000000
CR-C02-018-A0085,CR-C02-018,DS04,cerro_rojo,CAMPAIGN_02,168.000000000,170.000000000,2.000000000,0.165035906,0.000000000,0.000000000
CR-C02-018-A0086,CR-C02-018,DS04,cerro_rojo,CAMPAIGN_02,170.000000000,172.000000000,2.000000000,0.156537737,0.000000000,0.000000000
CR-C02-018-A0087,CR-C02-018,DS04,cerro_rojo,CAMPAIGN_02,172.000000000,174.000000000,2.000000000,0.159964086,0.000000000,0.000000000
CR-C02-018-A0088,CR-C02-018,DS04,cerro_rojo,CAMPAIGN_02,174.000000000,176.000000000,2.000000000,0.145696874,0.000000000,0.000000000
CR-C02-018-A0089,CR-C02-018,DS04,cerro_rojo,CAMPAIGN_02,176.000000000,178.000000000,2.000000000,0.155519058,0.000000000,0.000000000
CR-C02-018-A0090,CR-C02-018,DS04,cerro_rojo,CAMPAIGN_02,178.000000000,180.000000000,2.000000000,0.153631242,0.000000000,0.000000000
CR-C02-018-A0091,CR-C02-018,DS04,cerro_rojo,CAMPAIGN_02,180.000000000,182.000000000,2.000000000,0.166631439,0.000000000,0.000000000
CR-C02-018-A0092,CR-C02-018,DS04,cerro_rojo,CAMPAIGN_02,182.000000000,184.000000000,2.000000000,0.163398021,0.000000000,0.000000000
CR-C02-018-A0093,CR-C02-018,DS04,cerro_rojo,CAMPAIGN_02,184.000000000,186.000000000,2.000000000,0.155615721,0.000000000,0.000000000
CR-C02-018-A0094,CR-C02-018,DS04,cerro_rojo,CAMPAIGN_02,186.000000000,188.000000000,2.000000000,0.157727061,0.000000000,0.000000000
CR-C02-018-A0095,CR-C02-018,DS04,cerro_rojo,CAMPAIGN_02,188.000000000,190.000000000,2.000000000,0.150760708,0.000000000,0.000000000
CR-C02-018-A0096,CR-C02-018,DS04,cerro_rojo,CAMPAIGN_02,190.000000000,192.000000000,2.000000000,0.151729208,0.000000000,0.000000000
CR-C02-018-A0097,CR-C02-018,DS04,cerro_rojo,CAMPAIGN_02,192.000000000,194.000000000,2.000000000,0.143092135,0.000000000,0.000000000
CR-C02-018-A0098,CR-C02-018,DS04,cerro_rojo,CAMPAIGN_02,194.000000000,196.000000000,2.000000000,0.169158582,0.000000000,0.000000000
CR-C02-018-A0099,CR-C02-018,DS04,cerro_rojo,CAMPAIGN_02,196.000000000,198.000000000,2.000000000,0.153059988,0.000000000,0.000000000
CR-C02-018-A0100,CR-C02-018,DS04,cerro_rojo,CAMPAIGN_02,198.000000000,200.000000000,2.000000000,0.155012287,0.000000000,0.000000000
CR-C02-018-A0101,CR-C02-018,DS04,cerro_rojo,CAMPAIGN_02,200.000000000,202.000000000,2.000000000,0.150415215,0.000000000,0.000000000
CR-C02-018-A0102,CR-C02-018,DS04,cerro_rojo,CAMPAIGN_02,202.000000000,204.000000000,2.000000000,0.160763758,0.000000000,0.000000000
CR-C02-018-A0103,CR-C02-018,DS04,cerro_rojo,CAMPAIGN_02,204.000000000,206.000000000,2.000000000,0.150728586,0.000000000,0.000000000
CR-C02-018-A0104,CR-C02-018,DS04,cerro_rojo,CAMPAIGN_02,206.000000000,208.000000000,2.000000000,0.149824836,0.000000000,0.000000000
CR-C02-018-A0105,CR-C02-018,DS04,cerro_rojo,CAMPAIGN_02,208.000000000,210.000000000,2.000000000,0.146467144,0.000000000,0.000000000
CR-C02-018-A0106,CR-C02-018,DS04,cerro_rojo,CAMPAIGN_02,210.000000000,212.000000000,2.000000000,0.159598135,0.000000000,0.000000000
CR-C02-018-A0107,CR-C02-018,DS04,cerro_rojo,CAMPAIGN_02,212.000000000,214.000000000,2.000000000,0.145914956,0.000000000,0.000000000
CR-C02-018-A0108,CR-C02-018,DS04,cerro_rojo,CAMPAIGN_02,214.000000000,216.000000000,2.000000000,0.147590276,0.000000000,0.000000000
CR-C02-018-A0109,CR-C02-018,DS04,cerro_rojo,CAMPAIGN_02,216.000000000,218.000000000,2.000000000,0.150240669,0.000000000,0.000000000
CR-C02-018-A0110,CR-C02-018,DS04,cerro_rojo,CAMPAIGN_02,218.000000000,220.000000000,2.000000000,0.145394090,0.000000000,0.000000000
CR-C02-018-A0111,CR-C02-018,DS04,cerro_rojo,CAMPAIGN_02,220.000000000,222.000000000,2.000000000,0.149151602,0.000000000,0.000000000
CR-C02-018-A0112,CR-C02-018,DS04,cerro_rojo,CAMPAIGN_02,222.000000000,224.000000000,2.000000000,0.144532251,0.000000000,0.000000000
CR-C02-018-A0113,CR-C02-018,DS04,cerro_rojo,CAMPAIGN_02,224.000000000,226.000000000,2.000000000,0.148586697,0.000000000,0.000000000
CR-C02-018-A0114,CR-C02-018,DS04,cerro_rojo,CAMPAIGN_02,226.000000000,228.000000000,2.000000000,0.138469333,0.000000000,0.000000000
CR-C02-018-A0115,CR-C02-018,DS04,cerro_rojo,CAMPAIGN_02,228.000000000,230.000000000,2.000000000,0.134411672,0.000000000,0.000000000
CR-C02-018-A0116,CR-C02-018,DS04,cerro_rojo,CAMPAIGN_02,230.000000000,232.000000000,2.000000000,0.133201738,0.000000000,0.000000000
CR-C02-018-A0117,CR-C02-018,DS04,cerro_rojo,CAMPAIGN_02,232.000000000,232.322656260,0.322656260,0.137700757,0.000000000,0.000000000
CR-C02-019-A0001,CR-C02-019,DS04,cerro_rojo,CAMPAIGN_02,0.000000000,2.000000000,2.000000000,0.029262920,0.000000000,0.000000000
CR-C02-019-A0002,CR-C02-019,DS04,cerro_rojo,CAMPAIGN_02,2.000000000,4.000000000,2.000000000,0.033233923,0.000000000,0.000000000
CR-C02-019-A0003,CR-C02-019,DS04,cerro_rojo,CAMPAIGN_02,4.000000000,6.000000000,2.000000000,0.027616590,0.000000000,0.000000000
CR-C02-019-A0004,CR-C02-019,DS04,cerro_rojo,CAMPAIGN_02,6.000000000,8.000000000,2.000000000,0.030931077,0.000000000,0.000000000
CR-C02-019-A0005,CR-C02-019,DS04,cerro_rojo,CAMPAIGN_02,8.000000000,10.000000000,2.000000000,0.032399089,0.000000000,0.000000000
CR-C02-019-A0006,CR-C02-019,DS04,cerro_rojo,CAMPAIGN_02,10.000000000,12.000000000,2.000000000,0.032172783,0.000000000,0.000000000
CR-C02-019-A0007,CR-C02-019,DS04,cerro_rojo,CAMPAIGN_02,12.000000000,14.000000000,2.000000000,0.030926135,0.000000000,0.000000000
CR-C02-019-A0008,CR-C02-019,DS04,cerro_rojo,CAMPAIGN_02,14.000000000,16.000000000,2.000000000,0.033502835,0.000000000,0.000000000
CR-C02-019-A0009,CR-C02-019,DS04,cerro_rojo,CAMPAIGN_02,16.000000000,18.000000000,2.000000000,0.032488434,0.000000000,0.000000000
CR-C02-019-A0010,CR-C02-019,DS04,cerro_rojo,CAMPAIGN_02,18.000000000,20.000000000,2.000000000,0.033058736,0.000000000,0.000000000
CR-C02-019-A0011,CR-C02-019,DS04,cerro_rojo,CAMPAIGN_02,20.000000000,22.000000000,2.000000000,0.032270370,0.000000000,0.000000000
CR-C02-019-A0012,CR-C02-019,DS04,cerro_rojo,CAMPAIGN_02,22.000000000,24.000000000,2.000000000,0.035946567,0.000000000,0.000000000
CR-C02-019-A0013,CR-C02-019,DS04,cerro_rojo,CAMPAIGN_02,24.000000000,26.000000000,2.000000000,0.034148755,0.000000000,0.000000000
CR-C02-019-A0014,CR-C02-019,DS04,cerro_rojo,CAMPAIGN_02,26.000000000,28.000000000,2.000000000,0.038235326,0.000000000,0.000000000
CR-C02-019-A0015,CR-C02-019,DS04,cerro_rojo,CAMPAIGN_02,28.000000000,30.000000000,2.000000000,0.035789737,0.000000000,0.000000000
CR-C02-019-A0016,CR-C02-019,DS04,cerro_rojo,CAMPAIGN_02,30.000000000,32.000000000,2.000000000,0.035368976,0.000000000,0.000000000
CR-C02-019-A0017,CR-C02-019,DS04,cerro_rojo,CAMPAIGN_02,32.000000000,34.000000000,2.000000000,0.039379481,0.000000000,0.000000000
CR-C02-019-A0018,CR-C02-019,DS04,cerro_rojo,CAMPAIGN_02,34.000000000,36.000000000,2.000000000,0.038126719,0.000000000,0.000000000
CR-C02-019-A0019,CR-C02-019,DS04,cerro_rojo,CAMPAIGN_02,36.000000000,38.000000000,2.000000000,0.037034712,0.000000000,0.000000000
CR-C02-019-A0020,CR-C02-019,DS04,cerro_rojo,CAMPAIGN_02,38.000000000,40.000000000,2.000000000,0.040356082,0.000000000,0.000000000
CR-C02-019-A0021,CR-C02-019,DS04,cerro_rojo,CAMPAIGN_02,40.000000000,42.000000000,2.000000000,0.041101121,0.000000000,0.000000000
CR-C02-019-A0022,CR-C02-019,DS04,cerro_rojo,CAMPAIGN_02,42.000000000,44.000000000,2.000000000,0.040450011,0.000000000,0.000000000
CR-C02-019-A0023,CR-C02-019,DS04,cerro_rojo,CAMPAIGN_02,44.000000000,46.000000000,2.000000000,0.043808204,0.000000000,0.000000000
CR-C02-019-A0024,CR-C02-019,DS04,cerro_rojo,CAMPAIGN_02,46.000000000,48.000000000,2.000000000,0.044238103,0.000000000,0.000000000
CR-C02-019-A0025,CR-C02-019,DS04,cerro_rojo,CAMPAIGN_02,48.000000000,50.000000000,2.000000000,0.042887513,0.000000000,0.000000000
CR-C02-019-A0026,CR-C02-019,DS04,cerro_rojo,CAMPAIGN_02,50.000000000,52.000000000,2.000000000,0.042622998,0.000000000,0.000000000
CR-C02-019-A0027,CR-C02-019,DS04,cerro_rojo,CAMPAIGN_02,52.000000000,54.000000000,2.000000000,0.041852394,0.000000000,0.000000000
CR-C02-019-A0028,CR-C02-019,DS04,cerro_rojo,CAMPAIGN_02,54.000000000,56.000000000,2.000000000,0.048357293,0.000000000,0.000000000
CR-C02-019-A0029,CR-C02-019,DS04,cerro_rojo,CAMPAIGN_02,56.000000000,58.000000000,2.000000000,0.043969841,0.000000000,0.000000000
CR-C02-019-A0030,CR-C02-019,DS04,cerro_rojo,CAMPAIGN_02,58.000000000,60.000000000,2.000000000,0.045839214,0.000000000,0.000000000
CR-C02-019-A0031,CR-C02-019,DS04,cerro_rojo,CAMPAIGN_02,60.000000000,62.000000000,2.000000000,0.043101602,0.000000000,0.000000000
CR-C02-019-A0032,CR-C02-019,DS04,cerro_rojo,CAMPAIGN_02,62.000000000,64.000000000,2.000000000,0.046392406,0.000000000,0.000000000
CR-C02-019-A0033,CR-C02-019,DS04,cerro_rojo,CAMPAIGN_02,64.000000000,66.000000000,2.000000000,0.047866961,0.000000000,0.000000000
CR-C02-019-A0034,CR-C02-019,DS04,cerro_rojo,CAMPAIGN_02,66.000000000,68.000000000,2.000000000,0.049980226,0.000000000,0.000000000
CR-C02-019-A0035,CR-C02-019,DS04,cerro_rojo,CAMPAIGN_02,68.000000000,70.000000000,2.000000000,0.049744895,0.000000000,0.000000000
CR-C02-019-A0036,CR-C02-019,DS04,cerro_rojo,CAMPAIGN_02,70.000000000,72.000000000,2.000000000,0.049044245,0.000000000,0.000000000
CR-C02-019-A0037,CR-C02-019,DS04,cerro_rojo,CAMPAIGN_02,72.000000000,74.000000000,2.000000000,0.051636897,0.000000000,0.000000000
CR-C02-019-A0038,CR-C02-019,DS04,cerro_rojo,CAMPAIGN_02,74.000000000,76.000000000,2.000000000,0.049199924,0.000000000,0.000000000
CR-C02-019-A0039,CR-C02-019,DS04,cerro_rojo,CAMPAIGN_02,76.000000000,78.000000000,2.000000000,0.055201792,0.000000000,0.000000000
CR-C02-019-A0040,CR-C02-019,DS04,cerro_rojo,CAMPAIGN_02,78.000000000,80.000000000,2.000000000,0.056226275,0.000000000,0.000000000
CR-C02-019-A0041,CR-C02-019,DS04,cerro_rojo,CAMPAIGN_02,80.000000000,82.000000000,2.000000000,0.057926315,0.000000000,0.000000000
CR-C02-019-A0042,CR-C02-019,DS04,cerro_rojo,CAMPAIGN_02,82.000000000,84.000000000,2.000000000,0.051806253,0.000000000,0.000000000
CR-C02-019-A0043,CR-C02-019,DS04,cerro_rojo,CAMPAIGN_02,84.000000000,86.000000000,2.000000000,0.055372958,0.000000000,0.000000000
CR-C02-019-A0044,CR-C02-019,DS04,cerro_rojo,CAMPAIGN_02,86.000000000,88.000000000,2.000000000,0.054625940,0.000000000,0.000000000
CR-C02-019-A0045,CR-C02-019,DS04,cerro_rojo,CAMPAIGN_02,88.000000000,90.000000000,2.000000000,0.059319749,0.000000000,0.000000000
CR-C02-019-A0046,CR-C02-019,DS04,cerro_rojo,CAMPAIGN_02,90.000000000,92.000000000,2.000000000,0.056621672,0.000000000,0.000000000
CR-C02-019-A0047,CR-C02-019,DS04,cerro_rojo,CAMPAIGN_02,92.000000000,94.000000000,2.000000000,0.058288243,0.000000000,0.000000000
CR-C02-019-A0048,CR-C02-019,DS04,cerro_rojo,CAMPAIGN_02,94.000000000,96.000000000,2.000000000,0.059310963,0.000000000,0.000000000
CR-C02-019-A0049,CR-C02-019,DS04,cerro_rojo,CAMPAIGN_02,96.000000000,98.000000000,2.000000000,0.063709665,0.000000000,0.000000000
CR-C02-019-A0050,CR-C02-019,DS04,cerro_rojo,CAMPAIGN_02,98.000000000,100.000000000,2.000000000,0.062290340,0.000000000,0.000000000
CR-C02-019-A0051,CR-C02-019,DS04,cerro_rojo,CAMPAIGN_02,100.000000000,102.000000000,2.000000000,0.068918784,0.000000000,0.000000000
CR-C02-019-A0052,CR-C02-019,DS04,cerro_rojo,CAMPAIGN_02,102.000000000,104.000000000,2.000000000,0.067112050,0.000000000,0.000000000
CR-C02-019-A0053,CR-C02-019,DS04,cerro_rojo,CAMPAIGN_02,104.000000000,106.000000000,2.000000000,0.063957760,0.000000000,0.000000000
CR-C02-019-A0054,CR-C02-019,DS04,cerro_rojo,CAMPAIGN_02,106.000000000,108.000000000,2.000000000,0.062539466,0.000000000,0.000000000
CR-C02-019-A0055,CR-C02-019,DS04,cerro_rojo,CAMPAIGN_02,108.000000000,110.000000000,2.000000000,0.066370505,0.000000000,0.000000000
CR-C02-019-A0056,CR-C02-019,DS04,cerro_rojo,CAMPAIGN_02,110.000000000,112.000000000,2.000000000,0.072161849,0.000000000,0.000000000
CR-C02-019-A0057,CR-C02-019,DS04,cerro_rojo,CAMPAIGN_02,112.000000000,114.000000000,2.000000000,0.073805389,0.000000000,0.000000000
CR-C02-019-A0058,CR-C02-019,DS04,cerro_rojo,CAMPAIGN_02,114.000000000,116.000000000,2.000000000,0.071550892,0.000000000,0.000000000
CR-C02-019-A0059,CR-C02-019,DS04,cerro_rojo,CAMPAIGN_02,116.000000000,118.000000000,2.000000000,0.074726916,0.000000000,0.000000000
CR-C02-019-A0060,CR-C02-019,DS04,cerro_rojo,CAMPAIGN_02,118.000000000,120.000000000,2.000000000,0.075842112,0.000000000,0.000000000
CR-C02-019-A0061,CR-C02-019,DS04,cerro_rojo,CAMPAIGN_02,120.000000000,122.000000000,2.000000000,0.072649378,0.000000000,0.000000000
CR-C02-019-A0062,CR-C02-019,DS04,cerro_rojo,CAMPAIGN_02,122.000000000,124.000000000,2.000000000,0.079594537,0.000000000,0.000000000
CR-C02-019-A0063,CR-C02-019,DS04,cerro_rojo,CAMPAIGN_02,124.000000000,126.000000000,2.000000000,0.079935358,0.000000000,0.000000000
CR-C02-019-A0064,CR-C02-019,DS04,cerro_rojo,CAMPAIGN_02,126.000000000,128.000000000,2.000000000,0.079994279,0.000000000,0.000000000
CR-C02-019-A0065,CR-C02-019,DS04,cerro_rojo,CAMPAIGN_02,128.000000000,130.000000000,2.000000000,0.082729055,0.000000000,0.000000000
CR-C02-019-A0066,CR-C02-019,DS04,cerro_rojo,CAMPAIGN_02,130.000000000,132.000000000,2.000000000,0.083598159,0.000000000,0.000000000
CR-C02-019-A0067,CR-C02-019,DS04,cerro_rojo,CAMPAIGN_02,132.000000000,134.000000000,2.000000000,0.086874811,0.000000000,0.000000000
CR-C02-019-A0068,CR-C02-019,DS04,cerro_rojo,CAMPAIGN_02,134.000000000,136.000000000,2.000000000,0.087120161,0.000000000,0.000000000
CR-C02-019-A0069,CR-C02-019,DS04,cerro_rojo,CAMPAIGN_02,136.000000000,138.000000000,2.000000000,0.079727097,0.000000000,0.000000000
CR-C02-019-A0070,CR-C02-019,DS04,cerro_rojo,CAMPAIGN_02,138.000000000,140.000000000,2.000000000,0.081643877,0.000000000,0.000000000
CR-C02-019-A0071,CR-C02-019,DS04,cerro_rojo,CAMPAIGN_02,140.000000000,142.000000000,2.000000000,0.085343971,0.000000000,0.000000000
CR-C02-019-A0072,CR-C02-019,DS04,cerro_rojo,CAMPAIGN_02,142.000000000,144.000000000,2.000000000,0.080162011,0.000000000,0.000000000
CR-C02-019-A0073,CR-C02-019,DS04,cerro_rojo,CAMPAIGN_02,144.000000000,146.000000000,2.000000000,0.092153338,0.000000000,0.000000000
CR-C02-019-A0074,CR-C02-019,DS04,cerro_rojo,CAMPAIGN_02,146.000000000,148.000000000,2.000000000,0.091188889,0.000000000,0.000000000
CR-C02-019-A0075,CR-C02-019,DS04,cerro_rojo,CAMPAIGN_02,148.000000000,150.000000000,2.000000000,0.092973390,0.000000000,0.000000000
CR-C02-019-A0076,CR-C02-019,DS04,cerro_rojo,CAMPAIGN_02,150.000000000,152.000000000,2.000000000,0.091335066,0.000000000,0.000000000
CR-C02-019-A0077,CR-C02-019,DS04,cerro_rojo,CAMPAIGN_02,152.000000000,154.000000000,2.000000000,0.099217145,0.000000000,0.000000000
CR-C02-019-A0078,CR-C02-019,DS04,cerro_rojo,CAMPAIGN_02,154.000000000,156.000000000,2.000000000,0.098029003,0.000000000,0.000000000
CR-C02-019-A0079,CR-C02-019,DS04,cerro_rojo,CAMPAIGN_02,156.000000000,158.000000000,2.000000000,0.094250558,0.000000000,0.000000000
CR-C02-019-A0080,CR-C02-019,DS04,cerro_rojo,CAMPAIGN_02,158.000000000,160.000000000,2.000000000,0.097331487,0.000000000,0.000000000
CR-C02-019-A0081,CR-C02-019,DS04,cerro_rojo,CAMPAIGN_02,160.000000000,162.000000000,2.000000000,0.103413368,0.000000000,0.000000000
CR-C02-019-A0082,CR-C02-019,DS04,cerro_rojo,CAMPAIGN_02,162.000000000,164.000000000,2.000000000,0.092523536,0.000000000,0.000000000
CR-C02-019-A0083,CR-C02-019,DS04,cerro_rojo,CAMPAIGN_02,164.000000000,166.000000000,2.000000000,0.100755011,0.000000000,0.000000000
CR-C02-019-A0084,CR-C02-019,DS04,cerro_rojo,CAMPAIGN_02,166.000000000,168.000000000,2.000000000,0.098385078,0.000000000,0.000000000
CR-C02-019-A0085,CR-C02-019,DS04,cerro_rojo,CAMPAIGN_02,168.000000000,170.000000000,2.000000000,0.108612691,0.000000000,0.000000000
CR-C02-019-A0086,CR-C02-019,DS04,cerro_rojo,CAMPAIGN_02,170.000000000,172.000000000,2.000000000,0.101373033,0.000000000,0.000000000
CR-C02-019-A0087,CR-C02-019,DS04,cerro_rojo,CAMPAIGN_02,172.000000000,174.000000000,2.000000000,0.103493575,0.000000000,0.000000000
CR-C02-019-A0088,CR-C02-019,DS04,cerro_rojo,CAMPAIGN_02,174.000000000,176.000000000,2.000000000,0.105537694,0.000000000,0.000000000
CR-C02-019-A0089,CR-C02-019,DS04,cerro_rojo,CAMPAIGN_02,176.000000000,178.000000000,2.000000000,0.104277803,0.000000000,0.000000000
CR-C02-019-A0090,CR-C02-019,DS04,cerro_rojo,CAMPAIGN_02,178.000000000,180.000000000,2.000000000,0.109701257,0.000000000,0.000000000
CR-C02-019-A0091,CR-C02-019,DS04,cerro_rojo,CAMPAIGN_02,180.000000000,182.000000000,2.000000000,0.112756114,0.000000000,0.000000000
CR-C02-019-A0092,CR-C02-019,DS04,cerro_rojo,CAMPAIGN_02,182.000000000,184.000000000,2.000000000,0.111395310,0.000000000,0.000000000
CR-C02-019-A0093,CR-C02-019,DS04,cerro_rojo,CAMPAIGN_02,184.000000000,186.000000000,2.000000000,0.109941421,0.000000000,0.000000000
CR-C02-019-A0094,CR-C02-019,DS04,cerro_rojo,CAMPAIGN_02,186.000000000,188.000000000,2.000000000,0.111235491,0.000000000,0.000000000
CR-C02-019-A0095,CR-C02-019,DS04,cerro_rojo,CAMPAIGN_02,188.000000000,190.000000000,2.000000000,0.111807725,0.000000000,0.000000000
CR-C02-019-A0096,CR-C02-019,DS04,cerro_rojo,CAMPAIGN_02,190.000000000,192.000000000,2.000000000,0.119366733,0.000000000,0.000000000
CR-C02-019-A0097,CR-C02-019,DS04,cerro_rojo,CAMPAIGN_02,192.000000000,194.000000000,2.000000000,0.116463049,0.000000000,0.000000000
CR-C02-019-A0098,CR-C02-019,DS04,cerro_rojo,CAMPAIGN_02,194.000000000,196.000000000,2.000000000,0.114460157,0.000000000,0.000000000
CR-C02-019-A0099,CR-C02-019,DS04,cerro_rojo,CAMPAIGN_02,196.000000000,198.000000000,2.000000000,0.112736846,0.000000000,0.000000000
CR-C02-019-A0100,CR-C02-019,DS04,cerro_rojo,CAMPAIGN_02,198.000000000,200.000000000,2.000000000,0.116234887,0.000000000,0.000000000
CR-C02-019-A0101,CR-C02-019,DS04,cerro_rojo,CAMPAIGN_02,200.000000000,202.000000000,2.000000000,0.127973077,0.000000000,0.000000000
CR-C02-019-A0102,CR-C02-019,DS04,cerro_rojo,CAMPAIGN_02,202.000000000,204.000000000,2.000000000,0.116390257,0.000000000,0.000000000
CR-C02-019-A0103,CR-C02-019,DS04,cerro_rojo,CAMPAIGN_02,204.000000000,206.000000000,2.000000000,0.122092915,0.000000000,0.000000000
CR-C02-019-A0104,CR-C02-019,DS04,cerro_rojo,CAMPAIGN_02,206.000000000,208.000000000,2.000000000,0.115999532,0.000000000,0.000000000
CR-C02-019-A0105,CR-C02-019,DS04,cerro_rojo,CAMPAIGN_02,208.000000000,210.000000000,2.000000000,0.118526058,0.000000000,0.000000000
CR-C02-019-A0106,CR-C02-019,DS04,cerro_rojo,CAMPAIGN_02,210.000000000,212.000000000,2.000000000,0.114271341,0.000000000,0.000000000
CR-C02-019-A0107,CR-C02-019,DS04,cerro_rojo,CAMPAIGN_02,212.000000000,214.000000000,2.000000000,0.111691536,0.000000000,0.000000000
CR-C02-019-A0108,CR-C02-019,DS04,cerro_rojo,CAMPAIGN_02,214.000000000,216.000000000,2.000000000,0.117264848,0.000000000,0.000000000
CR-C02-019-A0109,CR-C02-019,DS04,cerro_rojo,CAMPAIGN_02,216.000000000,218.000000000,2.000000000,0.117944520,0.000000000,0.000000000
CR-C02-019-A0110,CR-C02-019,DS04,cerro_rojo,CAMPAIGN_02,218.000000000,220.000000000,2.000000000,0.129989970,0.000000000,0.000000000
CR-C02-019-A0111,CR-C02-019,DS04,cerro_rojo,CAMPAIGN_02,220.000000000,222.000000000,2.000000000,0.116632766,0.000000000,0.000000000
CR-C02-019-A0112,CR-C02-019,DS04,cerro_rojo,CAMPAIGN_02,222.000000000,224.000000000,2.000000000,0.113845284,0.000000000,0.000000000
CR-C02-019-A0113,CR-C02-019,DS04,cerro_rojo,CAMPAIGN_02,224.000000000,226.000000000,2.000000000,0.116821865,0.000000000,0.000000000
CR-C02-019-A0114,CR-C02-019,DS04,cerro_rojo,CAMPAIGN_02,226.000000000,228.000000000,2.000000000,0.113994983,0.000000000,0.000000000
CR-C02-019-A0115,CR-C02-019,DS04,cerro_rojo,CAMPAIGN_02,228.000000000,230.000000000,2.000000000,0.123456530,0.000000000,0.000000000
CR-C02-019-A0116,CR-C02-019,DS04,cerro_rojo,CAMPAIGN_02,230.000000000,232.000000000,2.000000000,0.125282445,0.000000000,0.000000000
CR-C02-019-A0117,CR-C02-019,DS04,cerro_rojo,CAMPAIGN_02,232.000000000,234.000000000,2.000000000,0.130371271,0.000000000,0.000000000
CR-C02-019-A0118,CR-C02-019,DS04,cerro_rojo,CAMPAIGN_02,234.000000000,236.000000000,2.000000000,0.122380443,0.000000000,0.000000000
CR-C02-019-A0119,CR-C02-019,DS04,cerro_rojo,CAMPAIGN_02,236.000000000,238.000000000,2.000000000,0.111663994,0.000000000,0.000000000
CR-C02-019-A0120,CR-C02-019,DS04,cerro_rojo,CAMPAIGN_02,238.000000000,240.000000000,2.000000000,0.131081416,0.000000000,0.000000000
CR-C02-019-A0121,CR-C02-019,DS04,cerro_rojo,CAMPAIGN_02,240.000000000,242.000000000,2.000000000,0.122370865,0.000000000,0.000000000
CR-C02-019-A0122,CR-C02-019,DS04,cerro_rojo,CAMPAIGN_02,242.000000000,244.000000000,2.000000000,0.113487941,0.000000000,0.000000000
CR-C02-019-A0123,CR-C02-019,DS04,cerro_rojo,CAMPAIGN_02,244.000000000,246.000000000,2.000000000,0.120964080,0.000000000,0.000000000
CR-C02-019-A0124,CR-C02-019,DS04,cerro_rojo,CAMPAIGN_02,246.000000000,248.000000000,2.000000000,0.125531307,0.000000000,0.000000000
CR-C02-019-A0125,CR-C02-019,DS04,cerro_rojo,CAMPAIGN_02,248.000000000,250.000000000,2.000000000,0.118234671,0.000000000,0.000000000
CR-C02-019-A0126,CR-C02-019,DS04,cerro_rojo,CAMPAIGN_02,250.000000000,252.000000000,2.000000000,0.127699424,0.000000000,0.000000000
CR-C02-019-A0127,CR-C02-019,DS04,cerro_rojo,CAMPAIGN_02,252.000000000,254.000000000,2.000000000,0.123925282,0.000000000,0.000000000
CR-C02-019-A0128,CR-C02-019,DS04,cerro_rojo,CAMPAIGN_02,254.000000000,256.000000000,2.000000000,0.131621752,0.000000000,0.000000000
CR-C02-019-A0129,CR-C02-019,DS04,cerro_rojo,CAMPAIGN_02,256.000000000,258.000000000,2.000000000,0.126418800,0.000000000,0.000000000
CR-C02-019-A0130,CR-C02-019,DS04,cerro_rojo,CAMPAIGN_02,258.000000000,260.000000000,2.000000000,0.117215329,0.000000000,0.000000000
CR-C02-019-A0131,CR-C02-019,DS04,cerro_rojo,CAMPAIGN_02,260.000000000,262.000000000,2.000000000,0.127861566,0.000000000,0.000000000
CR-C02-019-A0132,CR-C02-019,DS04,cerro_rojo,CAMPAIGN_02,262.000000000,264.000000000,2.000000000,0.121763106,0.000000000,0.000000000
CR-C02-019-A0133,CR-C02-019,DS04,cerro_rojo,CAMPAIGN_02,264.000000000,266.000000000,2.000000000,0.121002999,0.000000000,0.000000000
CR-C02-019-A0134,CR-C02-019,DS04,cerro_rojo,CAMPAIGN_02,266.000000000,268.000000000,2.000000000,0.111682013,0.000000000,0.000000000
CR-C02-019-A0135,CR-C02-019,DS04,cerro_rojo,CAMPAIGN_02,268.000000000,270.000000000,2.000000000,0.119948755,0.000000000,0.000000000
CR-C02-019-A0136,CR-C02-019,DS04,cerro_rojo,CAMPAIGN_02,270.000000000,272.000000000,2.000000000,0.122500414,0.000000000,0.000000000
CR-C02-019-A0137,CR-C02-019,DS04,cerro_rojo,CAMPAIGN_02,272.000000000,273.979451091,1.979451091,0.118059702,0.000000000,0.000000000
CR-C02-020-A0001,CR-C02-020,DS04,cerro_rojo,CAMPAIGN_02,0.000000000,2.000000000,2.000000000,0.023829307,0.000000000,0.000000000
CR-C02-020-A0002,CR-C02-020,DS04,cerro_rojo,CAMPAIGN_02,2.000000000,4.000000000,2.000000000,0.022163215,0.000000000,0.000000000
CR-C02-020-A0003,CR-C02-020,DS04,cerro_rojo,CAMPAIGN_02,4.000000000,6.000000000,2.000000000,0.022347899,0.000000000,0.000000000
CR-C02-020-A0004,CR-C02-020,DS04,cerro_rojo,CAMPAIGN_02,6.000000000,8.000000000,2.000000000,0.021773169,0.000000000,0.000000000
CR-C02-020-A0005,CR-C02-020,DS04,cerro_rojo,CAMPAIGN_02,8.000000000,10.000000000,2.000000000,0.026970886,0.000000000,0.000000000
CR-C02-020-A0006,CR-C02-020,DS04,cerro_rojo,CAMPAIGN_02,10.000000000,12.000000000,2.000000000,0.024613898,0.000000000,0.000000000
CR-C02-020-A0007,CR-C02-020,DS04,cerro_rojo,CAMPAIGN_02,12.000000000,14.000000000,2.000000000,0.020039590,0.000000000,0.000000000
CR-C02-020-A0008,CR-C02-020,DS04,cerro_rojo,CAMPAIGN_02,14.000000000,16.000000000,2.000000000,0.018584543,0.000000000,0.000000000
CR-C02-020-A0009,CR-C02-020,DS04,cerro_rojo,CAMPAIGN_02,16.000000000,18.000000000,2.000000000,0.022040521,0.000000000,0.000000000
CR-C02-020-A0010,CR-C02-020,DS04,cerro_rojo,CAMPAIGN_02,18.000000000,20.000000000,2.000000000,0.024414273,0.000000000,0.000000000
CR-C02-020-A0011,CR-C02-020,DS04,cerro_rojo,CAMPAIGN_02,20.000000000,22.000000000,2.000000000,0.023233765,0.000000000,0.000000000
CR-C02-020-A0012,CR-C02-020,DS04,cerro_rojo,CAMPAIGN_02,22.000000000,24.000000000,2.000000000,0.022852857,0.000000000,0.000000000
CR-C02-020-A0013,CR-C02-020,DS04,cerro_rojo,CAMPAIGN_02,24.000000000,26.000000000,2.000000000,0.021284079,0.000000000,0.000000000
CR-C02-020-A0014,CR-C02-020,DS04,cerro_rojo,CAMPAIGN_02,26.000000000,28.000000000,2.000000000,0.024013081,0.000000000,0.000000000
CR-C02-020-A0015,CR-C02-020,DS04,cerro_rojo,CAMPAIGN_02,28.000000000,30.000000000,2.000000000,0.023407288,0.000000000,0.000000000
CR-C02-020-A0016,CR-C02-020,DS04,cerro_rojo,CAMPAIGN_02,30.000000000,32.000000000,2.000000000,0.021848431,0.000000000,0.000000000
CR-C02-020-A0017,CR-C02-020,DS04,cerro_rojo,CAMPAIGN_02,32.000000000,34.000000000,2.000000000,0.024429194,0.000000000,0.000000000
CR-C02-020-A0018,CR-C02-020,DS04,cerro_rojo,CAMPAIGN_02,34.000000000,36.000000000,2.000000000,0.021432246,0.000000000,0.000000000
CR-C02-020-A0019,CR-C02-020,DS04,cerro_rojo,CAMPAIGN_02,36.000000000,38.000000000,2.000000000,0.021350843,0.000000000,0.000000000
CR-C02-020-A0020,CR-C02-020,DS04,cerro_rojo,CAMPAIGN_02,38.000000000,40.000000000,2.000000000,0.020622746,0.000000000,0.000000000
CR-C02-020-A0021,CR-C02-020,DS04,cerro_rojo,CAMPAIGN_02,40.000000000,42.000000000,2.000000000,0.024569912,0.000000000,0.000000000
CR-C02-020-A0022,CR-C02-020,DS04,cerro_rojo,CAMPAIGN_02,42.000000000,44.000000000,2.000000000,0.021431041,0.000000000,0.000000000
CR-C02-020-A0023,CR-C02-020,DS04,cerro_rojo,CAMPAIGN_02,44.000000000,46.000000000,2.000000000,0.018109649,0.000000000,0.000000000
CR-C02-020-A0024,CR-C02-020,DS04,cerro_rojo,CAMPAIGN_02,46.000000000,48.000000000,2.000000000,0.023443487,0.000000000,0.000000000
CR-C02-020-A0025,CR-C02-020,DS04,cerro_rojo,CAMPAIGN_02,48.000000000,50.000000000,2.000000000,0.022650531,0.000000000,0.000000000
CR-C02-020-A0026,CR-C02-020,DS04,cerro_rojo,CAMPAIGN_02,50.000000000,52.000000000,2.000000000,0.023776257,0.000000000,0.000000000
CR-C02-020-A0027,CR-C02-020,DS04,cerro_rojo,CAMPAIGN_02,52.000000000,54.000000000,2.000000000,0.023370914,0.000000000,0.000000000
CR-C02-020-A0028,CR-C02-020,DS04,cerro_rojo,CAMPAIGN_02,54.000000000,56.000000000,2.000000000,0.021637976,0.000000000,0.000000000
CR-C02-020-A0029,CR-C02-020,DS04,cerro_rojo,CAMPAIGN_02,56.000000000,58.000000000,2.000000000,0.023435955,0.000000000,0.000000000
CR-C02-020-A0030,CR-C02-020,DS04,cerro_rojo,CAMPAIGN_02,58.000000000,60.000000000,2.000000000,0.021662972,0.000000000,0.000000000
CR-C02-020-A0031,CR-C02-020,DS04,cerro_rojo,CAMPAIGN_02,60.000000000,62.000000000,2.000000000,0.023726715,0.000000000,0.000000000
CR-C02-020-A0032,CR-C02-020,DS04,cerro_rojo,CAMPAIGN_02,62.000000000,64.000000000,2.000000000,0.024886998,0.000000000,0.000000000
CR-C02-020-A0033,CR-C02-020,DS04,cerro_rojo,CAMPAIGN_02,64.000000000,66.000000000,2.000000000,0.025681338,0.000000000,0.000000000
CR-C02-020-A0034,CR-C02-020,DS04,cerro_rojo,CAMPAIGN_02,66.000000000,68.000000000,2.000000000,0.024846690,0.000000000,0.000000000
CR-C02-020-A0035,CR-C02-020,DS04,cerro_rojo,CAMPAIGN_02,68.000000000,70.000000000,2.000000000,0.025956419,0.000000000,0.000000000
CR-C02-020-A0036,CR-C02-020,DS04,cerro_rojo,CAMPAIGN_02,70.000000000,72.000000000,2.000000000,0.023751448,0.000000000,0.000000000
CR-C02-020-A0037,CR-C02-020,DS04,cerro_rojo,CAMPAIGN_02,72.000000000,74.000000000,2.000000000,0.022418261,0.000000000,0.000000000
CR-C02-020-A0038,CR-C02-020,DS04,cerro_rojo,CAMPAIGN_02,74.000000000,76.000000000,2.000000000,0.020874573,0.000000000,0.000000000
CR-C02-020-A0039,CR-C02-020,DS04,cerro_rojo,CAMPAIGN_02,76.000000000,78.000000000,2.000000000,0.022758120,0.000000000,0.000000000
CR-C02-020-A0040,CR-C02-020,DS04,cerro_rojo,CAMPAIGN_02,78.000000000,80.000000000,2.000000000,0.020202669,0.000000000,0.000000000
CR-C02-020-A0041,CR-C02-020,DS04,cerro_rojo,CAMPAIGN_02,80.000000000,82.000000000,2.000000000,0.021105332,0.000000000,0.000000000
CR-C02-020-A0042,CR-C02-020,DS04,cerro_rojo,CAMPAIGN_02,82.000000000,84.000000000,2.000000000,0.022593815,0.000000000,0.000000000
CR-C02-020-A0043,CR-C02-020,DS04,cerro_rojo,CAMPAIGN_02,84.000000000,86.000000000,2.000000000,0.021841972,0.000000000,0.000000000
CR-C02-020-A0044,CR-C02-020,DS04,cerro_rojo,CAMPAIGN_02,86.000000000,88.000000000,2.000000000,0.026925551,0.000000000,0.000000000
CR-C02-020-A0045,CR-C02-020,DS04,cerro_rojo,CAMPAIGN_02,88.000000000,90.000000000,2.000000000,0.023680258,0.000000000,0.000000000
CR-C02-020-A0046,CR-C02-020,DS04,cerro_rojo,CAMPAIGN_02,90.000000000,92.000000000,2.000000000,0.024294260,0.000000000,0.000000000
CR-C02-020-A0047,CR-C02-020,DS04,cerro_rojo,CAMPAIGN_02,92.000000000,94.000000000,2.000000000,0.024326032,0.000000000,0.000000000
CR-C02-020-A0048,CR-C02-020,DS04,cerro_rojo,CAMPAIGN_02,94.000000000,96.000000000,2.000000000,0.024789873,0.000000000,0.000000000
CR-C02-020-A0049,CR-C02-020,DS04,cerro_rojo,CAMPAIGN_02,96.000000000,98.000000000,2.000000000,0.023459734,0.000000000,0.000000000
CR-C02-020-A0050,CR-C02-020,DS04,cerro_rojo,CAMPAIGN_02,98.000000000,100.000000000,2.000000000,0.022184162,0.000000000,0.000000000
CR-C02-020-A0051,CR-C02-020,DS04,cerro_rojo,CAMPAIGN_02,100.000000000,102.000000000,2.000000000,0.026819109,0.000000000,0.000000000
CR-C02-020-A0052,CR-C02-020,DS04,cerro_rojo,CAMPAIGN_02,102.000000000,104.000000000,2.000000000,0.024799519,0.000000000,0.000000000
CR-C02-020-A0053,CR-C02-020,DS04,cerro_rojo,CAMPAIGN_02,104.000000000,106.000000000,2.000000000,0.024388896,0.000000000,0.000000000
CR-C02-020-A0054,CR-C02-020,DS04,cerro_rojo,CAMPAIGN_02,106.000000000,108.000000000,2.000000000,0.026005337,0.000000000,0.000000000
CR-C02-020-A0055,CR-C02-020,DS04,cerro_rojo,CAMPAIGN_02,108.000000000,110.000000000,2.000000000,0.023860641,0.000000000,0.000000000
CR-C02-020-A0056,CR-C02-020,DS04,cerro_rojo,CAMPAIGN_02,110.000000000,112.000000000,2.000000000,0.027668746,0.000000000,0.000000000
CR-C02-020-A0057,CR-C02-020,DS04,cerro_rojo,CAMPAIGN_02,112.000000000,114.000000000,2.000000000,0.025640329,0.000000000,0.000000000
CR-C02-020-A0058,CR-C02-020,DS04,cerro_rojo,CAMPAIGN_02,114.000000000,116.000000000,2.000000000,0.027339549,0.000000000,0.000000000
CR-C02-020-A0059,CR-C02-020,DS04,cerro_rojo,CAMPAIGN_02,116.000000000,118.000000000,2.000000000,0.023943803,0.000000000,0.000000000
CR-C02-020-A0060,CR-C02-020,DS04,cerro_rojo,CAMPAIGN_02,118.000000000,120.000000000,2.000000000,0.027891853,0.000000000,0.000000000
CR-C02-020-A0061,CR-C02-020,DS04,cerro_rojo,CAMPAIGN_02,120.000000000,122.000000000,2.000000000,0.023903040,0.000000000,0.000000000
CR-C02-020-A0062,CR-C02-020,DS04,cerro_rojo,CAMPAIGN_02,122.000000000,124.000000000,2.000000000,0.028585843,0.000000000,0.000000000
CR-C02-020-A0063,CR-C02-020,DS04,cerro_rojo,CAMPAIGN_02,124.000000000,126.000000000,2.000000000,0.028810833,0.000000000,0.000000000
CR-C02-020-A0064,CR-C02-020,DS04,cerro_rojo,CAMPAIGN_02,126.000000000,128.000000000,2.000000000,0.028485018,0.000000000,0.000000000
CR-C02-020-A0065,CR-C02-020,DS04,cerro_rojo,CAMPAIGN_02,128.000000000,130.000000000,2.000000000,0.026467330,0.000000000,0.000000000
CR-C02-020-A0066,CR-C02-020,DS04,cerro_rojo,CAMPAIGN_02,130.000000000,132.000000000,2.000000000,0.029285017,0.000000000,0.000000000
CR-C02-020-A0067,CR-C02-020,DS04,cerro_rojo,CAMPAIGN_02,132.000000000,134.000000000,2.000000000,0.026674345,0.000000000,0.000000000
CR-C02-020-A0068,CR-C02-020,DS04,cerro_rojo,CAMPAIGN_02,134.000000000,136.000000000,2.000000000,0.029343600,0.000000000,0.000000000
CR-C02-020-A0069,CR-C02-020,DS04,cerro_rojo,CAMPAIGN_02,136.000000000,138.000000000,2.000000000,0.028059743,0.000000000,0.000000000
CR-C02-020-A0070,CR-C02-020,DS04,cerro_rojo,CAMPAIGN_02,138.000000000,140.000000000,2.000000000,0.030474497,0.000000000,0.000000000
CR-C02-020-A0071,CR-C02-020,DS04,cerro_rojo,CAMPAIGN_02,140.000000000,142.000000000,2.000000000,0.032750739,0.000000000,0.000000000
CR-C02-020-A0072,CR-C02-020,DS04,cerro_rojo,CAMPAIGN_02,142.000000000,144.000000000,2.000000000,0.028054333,0.000000000,0.000000000
CR-C02-020-A0073,CR-C02-020,DS04,cerro_rojo,CAMPAIGN_02,144.000000000,146.000000000,2.000000000,0.032022523,0.000000000,0.000000000
CR-C02-020-A0074,CR-C02-020,DS04,cerro_rojo,CAMPAIGN_02,146.000000000,148.000000000,2.000000000,0.029087201,0.000000000,0.000000000
CR-C02-020-A0075,CR-C02-020,DS04,cerro_rojo,CAMPAIGN_02,148.000000000,150.000000000,2.000000000,0.029341261,0.000000000,0.000000000
CR-C02-020-A0076,CR-C02-020,DS04,cerro_rojo,CAMPAIGN_02,150.000000000,152.000000000,2.000000000,0.031213383,0.000000000,0.000000000
CR-C02-020-A0077,CR-C02-020,DS04,cerro_rojo,CAMPAIGN_02,152.000000000,154.000000000,2.000000000,0.028642190,0.000000000,0.000000000
CR-C02-020-A0078,CR-C02-020,DS04,cerro_rojo,CAMPAIGN_02,154.000000000,156.000000000,2.000000000,0.028202634,0.000000000,0.000000000
CR-C02-020-A0079,CR-C02-020,DS04,cerro_rojo,CAMPAIGN_02,156.000000000,158.000000000,2.000000000,0.031696520,0.000000000,0.000000000
CR-C02-020-A0080,CR-C02-020,DS04,cerro_rojo,CAMPAIGN_02,158.000000000,160.000000000,2.000000000,0.030545820,0.000000000,0.000000000
CR-C02-020-A0081,CR-C02-020,DS04,cerro_rojo,CAMPAIGN_02,160.000000000,162.000000000,2.000000000,0.031485804,0.000000000,0.000000000
CR-C02-020-A0082,CR-C02-020,DS04,cerro_rojo,CAMPAIGN_02,162.000000000,164.000000000,2.000000000,0.031537409,0.000000000,0.000000000
CR-C02-020-A0083,CR-C02-020,DS04,cerro_rojo,CAMPAIGN_02,164.000000000,166.000000000,2.000000000,0.031903956,0.000000000,0.000000000
CR-C02-020-A0084,CR-C02-020,DS04,cerro_rojo,CAMPAIGN_02,166.000000000,168.000000000,2.000000000,0.034134285,0.000000000,0.000000000
CR-C02-020-A0085,CR-C02-020,DS04,cerro_rojo,CAMPAIGN_02,168.000000000,170.000000000,2.000000000,0.033250119,0.000000000,0.000000000
CR-C02-020-A0086,CR-C02-020,DS04,cerro_rojo,CAMPAIGN_02,170.000000000,172.000000000,2.000000000,0.031549159,0.000000000,0.000000000
CR-C02-020-A0087,CR-C02-020,DS04,cerro_rojo,CAMPAIGN_02,172.000000000,174.000000000,2.000000000,0.035128455,0.000000000,0.000000000
CR-C02-020-A0088,CR-C02-020,DS04,cerro_rojo,CAMPAIGN_02,174.000000000,176.000000000,2.000000000,0.034552154,0.000000000,0.000000000
CR-C02-020-A0089,CR-C02-020,DS04,cerro_rojo,CAMPAIGN_02,176.000000000,178.000000000,2.000000000,0.035160488,0.000000000,0.000000000
CR-C02-020-A0090,CR-C02-020,DS04,cerro_rojo,CAMPAIGN_02,178.000000000,180.000000000,2.000000000,0.038413744,0.000000000,0.000000000
CR-C02-020-A0091,CR-C02-020,DS04,cerro_rojo,CAMPAIGN_02,180.000000000,182.000000000,2.000000000,0.034141655,0.000000000,0.000000000
CR-C02-020-A0092,CR-C02-020,DS04,cerro_rojo,CAMPAIGN_02,182.000000000,184.000000000,2.000000000,0.032588471,0.000000000,0.000000000
CR-C02-020-A0093,CR-C02-020,DS04,cerro_rojo,CAMPAIGN_02,184.000000000,186.000000000,2.000000000,0.035957396,0.000000000,0.000000000
CR-C02-020-A0094,CR-C02-020,DS04,cerro_rojo,CAMPAIGN_02,186.000000000,188.000000000,2.000000000,0.038317368,0.000000000,0.000000000
CR-C02-020-A0095,CR-C02-020,DS04,cerro_rojo,CAMPAIGN_02,188.000000000,190.000000000,2.000000000,0.037419145,0.000000000,0.000000000
CR-C02-020-A0096,CR-C02-020,DS04,cerro_rojo,CAMPAIGN_02,190.000000000,192.000000000,2.000000000,0.038365149,0.000000000,0.000000000
CR-C02-020-A0097,CR-C02-020,DS04,cerro_rojo,CAMPAIGN_02,192.000000000,194.000000000,2.000000000,0.038824403,0.000000000,0.000000000
CR-C02-020-A0098,CR-C02-020,DS04,cerro_rojo,CAMPAIGN_02,194.000000000,196.000000000,2.000000000,0.038387351,0.000000000,0.000000000
CR-C02-020-A0099,CR-C02-020,DS04,cerro_rojo,CAMPAIGN_02,196.000000000,198.000000000,2.000000000,0.038425400,0.000000000,0.000000000
CR-C02-020-A0100,CR-C02-020,DS04,cerro_rojo,CAMPAIGN_02,198.000000000,200.000000000,2.000000000,0.035937775,0.000000000,0.000000000
CR-C02-020-A0101,CR-C02-020,DS04,cerro_rojo,CAMPAIGN_02,200.000000000,202.000000000,2.000000000,0.042269998,0.000000000,0.000000000
CR-C02-020-A0102,CR-C02-020,DS04,cerro_rojo,CAMPAIGN_02,202.000000000,204.000000000,2.000000000,0.041217950,0.000000000,0.000000000
CR-C02-020-A0103,CR-C02-020,DS04,cerro_rojo,CAMPAIGN_02,204.000000000,206.000000000,2.000000000,0.044866163,0.000000000,0.000000000
CR-C02-020-A0104,CR-C02-020,DS04,cerro_rojo,CAMPAIGN_02,206.000000000,208.000000000,2.000000000,0.041194976,0.000000000,0.000000000
CR-C02-020-A0105,CR-C02-020,DS04,cerro_rojo,CAMPAIGN_02,208.000000000,210.000000000,2.000000000,0.041763048,0.000000000,0.000000000
CR-C02-020-A0106,CR-C02-020,DS04,cerro_rojo,CAMPAIGN_02,210.000000000,212.000000000,2.000000000,0.041725285,0.000000000,0.000000000
CR-C02-020-A0107,CR-C02-020,DS04,cerro_rojo,CAMPAIGN_02,212.000000000,214.000000000,2.000000000,0.040099512,0.000000000,0.000000000
CR-C02-020-A0108,CR-C02-020,DS04,cerro_rojo,CAMPAIGN_02,214.000000000,216.000000000,2.000000000,0.044580123,0.000000000,0.000000000
CR-C02-020-A0109,CR-C02-020,DS04,cerro_rojo,CAMPAIGN_02,216.000000000,218.000000000,2.000000000,0.045698002,0.000000000,0.000000000
CR-C02-020-A0110,CR-C02-020,DS04,cerro_rojo,CAMPAIGN_02,218.000000000,220.000000000,2.000000000,0.040207260,0.000000000,0.000000000
CR-C02-020-A0111,CR-C02-020,DS04,cerro_rojo,CAMPAIGN_02,220.000000000,222.000000000,2.000000000,0.042236968,0.000000000,0.000000000
CR-C02-020-A0112,CR-C02-020,DS04,cerro_rojo,CAMPAIGN_02,222.000000000,224.000000000,2.000000000,0.044943006,0.000000000,0.000000000
CR-C02-020-A0113,CR-C02-020,DS04,cerro_rojo,CAMPAIGN_02,224.000000000,226.000000000,2.000000000,0.046286204,0.000000000,0.000000000
CR-C02-020-A0114,CR-C02-020,DS04,cerro_rojo,CAMPAIGN_02,226.000000000,228.000000000,2.000000000,0.052166545,0.000000000,0.000000000
CR-C02-020-A0115,CR-C02-020,DS04,cerro_rojo,CAMPAIGN_02,228.000000000,230.000000000,2.000000000,0.043914576,0.000000000,0.000000000
CR-C02-020-A0116,CR-C02-020,DS04,cerro_rojo,CAMPAIGN_02,230.000000000,232.000000000,2.000000000,0.049844246,0.000000000,0.000000000
CR-C02-020-A0117,CR-C02-020,DS04,cerro_rojo,CAMPAIGN_02,232.000000000,234.000000000,2.000000000,0.044815590,0.000000000,0.000000000
CR-C02-020-A0118,CR-C02-020,DS04,cerro_rojo,CAMPAIGN_02,234.000000000,236.000000000,2.000000000,0.051000708,0.000000000,0.000000000
CR-C02-020-A0119,CR-C02-020,DS04,cerro_rojo,CAMPAIGN_02,236.000000000,238.000000000,2.000000000,0.051055234,0.000000000,0.000000000
CR-C02-020-A0120,CR-C02-020,DS04,cerro_rojo,CAMPAIGN_02,238.000000000,240.000000000,2.000000000,0.046948075,0.000000000,0.000000000
CR-C02-020-A0121,CR-C02-020,DS04,cerro_rojo,CAMPAIGN_02,240.000000000,242.000000000,2.000000000,0.052046260,0.000000000,0.000000000
CR-C02-020-A0122,CR-C02-020,DS04,cerro_rojo,CAMPAIGN_02,242.000000000,244.000000000,2.000000000,0.045892847,0.000000000,0.000000000
CR-C02-020-A0123,CR-C02-020,DS04,cerro_rojo,CAMPAIGN_02,244.000000000,246.000000000,2.000000000,0.047995867,0.000000000,0.000000000
CR-C02-020-A0124,CR-C02-020,DS04,cerro_rojo,CAMPAIGN_02,246.000000000,248.000000000,2.000000000,0.048251945,0.000000000,0.000000000
CR-C02-020-A0125,CR-C02-020,DS04,cerro_rojo,CAMPAIGN_02,248.000000000,250.000000000,2.000000000,0.050899032,0.000000000,0.000000000
CR-C02-020-A0126,CR-C02-020,DS04,cerro_rojo,CAMPAIGN_02,250.000000000,252.000000000,2.000000000,0.049515878,0.000000000,0.000000000
CR-C02-020-A0127,CR-C02-020,DS04,cerro_rojo,CAMPAIGN_02,252.000000000,254.000000000,2.000000000,0.054849276,0.000000000,0.000000000
CR-C02-020-A0128,CR-C02-020,DS04,cerro_rojo,CAMPAIGN_02,254.000000000,256.000000000,2.000000000,0.053192676,0.000000000,0.000000000
CR-C02-020-A0129,CR-C02-020,DS04,cerro_rojo,CAMPAIGN_02,256.000000000,258.000000000,2.000000000,0.054016488,0.000000000,0.000000000
CR-C02-020-A0130,CR-C02-020,DS04,cerro_rojo,CAMPAIGN_02,258.000000000,260.000000000,2.000000000,0.055939549,0.000000000,0.000000000
CR-C02-020-A0131,CR-C02-020,DS04,cerro_rojo,CAMPAIGN_02,260.000000000,262.000000000,2.000000000,0.055345547,0.000000000,0.000000000
CR-C02-020-A0132,CR-C02-020,DS04,cerro_rojo,CAMPAIGN_02,262.000000000,264.000000000,2.000000000,0.055119804,0.000000000,0.000000000
CR-C02-020-A0133,CR-C02-020,DS04,cerro_rojo,CAMPAIGN_02,264.000000000,266.000000000,2.000000000,0.057566140,0.000000000,0.000000000
CR-C02-020-A0134,CR-C02-020,DS04,cerro_rojo,CAMPAIGN_02,266.000000000,268.000000000,2.000000000,0.053463362,0.000000000,0.000000000
CR-C02-020-A0135,CR-C02-020,DS04,cerro_rojo,CAMPAIGN_02,268.000000000,270.000000000,2.000000000,0.062306720,0.000000000,0.000000000
CR-C02-020-A0136,CR-C02-020,DS04,cerro_rojo,CAMPAIGN_02,270.000000000,272.000000000,2.000000000,0.058278427,0.000000000,0.000000000
CR-C02-020-A0137,CR-C02-020,DS04,cerro_rojo,CAMPAIGN_02,272.000000000,274.000000000,2.000000000,0.060693513,0.000000000,0.000000000
CR-C02-020-A0138,CR-C02-020,DS04,cerro_rojo,CAMPAIGN_02,274.000000000,276.000000000,2.000000000,0.060537085,0.000000000,0.000000000
CR-C02-020-A0139,CR-C02-020,DS04,cerro_rojo,CAMPAIGN_02,276.000000000,278.000000000,2.000000000,0.065284007,0.000000000,0.000000000
CR-C02-020-A0140,CR-C02-020,DS04,cerro_rojo,CAMPAIGN_02,278.000000000,280.000000000,2.000000000,0.060128809,0.000000000,0.000000000
CR-C02-020-A0141,CR-C02-020,DS04,cerro_rojo,CAMPAIGN_02,280.000000000,282.000000000,2.000000000,0.061045514,0.000000000,0.000000000
CR-C02-020-A0142,CR-C02-020,DS04,cerro_rojo,CAMPAIGN_02,282.000000000,284.000000000,2.000000000,0.064478432,0.000000000,0.000000000
CR-C02-020-A0143,CR-C02-020,DS04,cerro_rojo,CAMPAIGN_02,284.000000000,286.000000000,2.000000000,0.058281300,0.000000000,0.000000000
CR-C02-020-A0144,CR-C02-020,DS04,cerro_rojo,CAMPAIGN_02,286.000000000,288.000000000,2.000000000,0.061111967,0.000000000,0.000000000
CR-C02-020-A0145,CR-C02-020,DS04,cerro_rojo,CAMPAIGN_02,288.000000000,290.000000000,2.000000000,0.062893119,0.000000000,0.000000000
CR-C02-020-A0146,CR-C02-020,DS04,cerro_rojo,CAMPAIGN_02,290.000000000,292.000000000,2.000000000,0.054776419,0.000000000,0.000000000
CR-C02-020-A0147,CR-C02-020,DS04,cerro_rojo,CAMPAIGN_02,292.000000000,294.000000000,2.000000000,0.065552660,0.000000000,0.000000000
CR-C02-020-A0148,CR-C02-020,DS04,cerro_rojo,CAMPAIGN_02,294.000000000,296.000000000,2.000000000,0.059894385,0.000000000,0.000000000
CR-C02-020-A0149,CR-C02-020,DS04,cerro_rojo,CAMPAIGN_02,296.000000000,298.000000000,2.000000000,0.061298842,0.000000000,0.000000000
CR-C02-020-A0150,CR-C02-020,DS04,cerro_rojo,CAMPAIGN_02,298.000000000,300.000000000,2.000000000,0.063935033,0.000000000,0.000000000
CR-C02-020-A0151,CR-C02-020,DS04,cerro_rojo,CAMPAIGN_02,300.000000000,302.000000000,2.000000000,0.064618076,0.000000000,0.000000000
CR-C02-020-A0152,CR-C02-020,DS04,cerro_rojo,CAMPAIGN_02,302.000000000,304.000000000,2.000000000,0.064400337,0.000000000,0.000000000
CR-C02-020-A0153,CR-C02-020,DS04,cerro_rojo,CAMPAIGN_02,304.000000000,305.567356214,1.567356214,0.063050538,0.000000000,0.000000000
CR-C03-001-A0001,CR-C03-001,DS04,cerro_rojo,CAMPAIGN_03,0.000000000,2.000000000,2.000000000,0.114091049,0.000000000,0.000000000
CR-C03-001-A0002,CR-C03-001,DS04,cerro_rojo,CAMPAIGN_03,2.000000000,4.000000000,2.000000000,0.122748369,0.000000000,0.000000000
CR-C03-001-A0003,CR-C03-001,DS04,cerro_rojo,CAMPAIGN_03,4.000000000,6.000000000,2.000000000,0.125144377,0.000000000,0.000000000
CR-C03-001-A0004,CR-C03-001,DS04,cerro_rojo,CAMPAIGN_03,6.000000000,8.000000000,2.000000000,0.131828169,0.000000000,0.000000000
CR-C03-001-A0005,CR-C03-001,DS04,cerro_rojo,CAMPAIGN_03,8.000000000,10.000000000,2.000000000,0.129573913,0.000000000,0.000000000
CR-C03-001-A0006,CR-C03-001,DS04,cerro_rojo,CAMPAIGN_03,10.000000000,12.000000000,2.000000000,0.143431228,0.000000000,0.000000000
CR-C03-001-A0007,CR-C03-001,DS04,cerro_rojo,CAMPAIGN_03,12.000000000,14.000000000,2.000000000,0.149313336,0.000000000,0.000000000
CR-C03-001-A0008,CR-C03-001,DS04,cerro_rojo,CAMPAIGN_03,14.000000000,16.000000000,2.000000000,0.149134316,0.000000000,0.000000000
CR-C03-001-A0009,CR-C03-001,DS04,cerro_rojo,CAMPAIGN_03,16.000000000,18.000000000,2.000000000,0.149684337,0.000000000,0.000000000
CR-C03-001-A0010,CR-C03-001,DS04,cerro_rojo,CAMPAIGN_03,18.000000000,20.000000000,2.000000000,0.150741583,0.000000000,0.000000000
CR-C03-001-A0011,CR-C03-001,DS04,cerro_rojo,CAMPAIGN_03,20.000000000,22.000000000,2.000000000,0.153841126,0.000000000,0.000000000
CR-C03-001-A0012,CR-C03-001,DS04,cerro_rojo,CAMPAIGN_03,22.000000000,24.000000000,2.000000000,0.168561282,0.000000000,0.000000000
CR-C03-001-A0013,CR-C03-001,DS04,cerro_rojo,CAMPAIGN_03,24.000000000,26.000000000,2.000000000,0.178081951,0.000000000,0.000000000
CR-C03-001-A0014,CR-C03-001,DS04,cerro_rojo,CAMPAIGN_03,26.000000000,28.000000000,2.000000000,0.154246278,0.000000000,0.000000000
CR-C03-001-A0015,CR-C03-001,DS04,cerro_rojo,CAMPAIGN_03,28.000000000,30.000000000,2.000000000,0.178868994,0.000000000,0.000000000
CR-C03-001-A0016,CR-C03-001,DS04,cerro_rojo,CAMPAIGN_03,30.000000000,32.000000000,2.000000000,0.177851123,0.000000000,0.000000000
CR-C03-001-A0017,CR-C03-001,DS04,cerro_rojo,CAMPAIGN_03,32.000000000,34.000000000,2.000000000,0.189227266,0.000000000,0.000000000
CR-C03-001-A0018,CR-C03-001,DS04,cerro_rojo,CAMPAIGN_03,34.000000000,36.000000000,2.000000000,0.191238673,0.000000000,0.000000000
CR-C03-001-A0019,CR-C03-001,DS04,cerro_rojo,CAMPAIGN_03,36.000000000,38.000000000,2.000000000,0.205339857,0.000000000,0.000000000
CR-C03-001-A0020,CR-C03-001,DS04,cerro_rojo,CAMPAIGN_03,38.000000000,40.000000000,2.000000000,0.194828225,0.000000000,0.000000000
CR-C03-001-A0021,CR-C03-001,DS04,cerro_rojo,CAMPAIGN_03,40.000000000,42.000000000,2.000000000,0.211514979,0.000000000,0.000000000
CR-C03-001-A0022,CR-C03-001,DS04,cerro_rojo,CAMPAIGN_03,42.000000000,44.000000000,2.000000000,0.202760432,0.000000000,0.000000000
CR-C03-001-A0023,CR-C03-001,DS04,cerro_rojo,CAMPAIGN_03,44.000000000,46.000000000,2.000000000,0.226444187,0.000000000,0.000000000
CR-C03-001-A0024,CR-C03-001,DS04,cerro_rojo,CAMPAIGN_03,46.000000000,48.000000000,2.000000000,0.240409241,0.000000000,0.000000000
CR-C03-001-A0025,CR-C03-001,DS04,cerro_rojo,CAMPAIGN_03,48.000000000,50.000000000,2.000000000,0.215608986,0.000000000,0.000000000
CR-C03-001-A0026,CR-C03-001,DS04,cerro_rojo,CAMPAIGN_03,50.000000000,52.000000000,2.000000000,0.231818504,0.000000000,0.000000000
CR-C03-001-A0027,CR-C03-001,DS04,cerro_rojo,CAMPAIGN_03,52.000000000,54.000000000,2.000000000,0.249710933,0.000000000,0.000000000
CR-C03-001-A0028,CR-C03-001,DS04,cerro_rojo,CAMPAIGN_03,54.000000000,56.000000000,2.000000000,0.241939497,0.000000000,0.000000000
CR-C03-001-A0029,CR-C03-001,DS04,cerro_rojo,CAMPAIGN_03,56.000000000,58.000000000,2.000000000,0.252251609,0.000000000,0.000000000
CR-C03-001-A0030,CR-C03-001,DS04,cerro_rojo,CAMPAIGN_03,58.000000000,60.000000000,2.000000000,0.258650905,0.000000000,0.000000000
CR-C03-001-A0031,CR-C03-001,DS04,cerro_rojo,CAMPAIGN_03,60.000000000,62.000000000,2.000000000,0.267416610,0.000000000,0.000000000
CR-C03-001-A0032,CR-C03-001,DS04,cerro_rojo,CAMPAIGN_03,62.000000000,64.000000000,2.000000000,0.271314955,0.000000000,0.000000000
CR-C03-001-A0033,CR-C03-001,DS04,cerro_rojo,CAMPAIGN_03,64.000000000,66.000000000,2.000000000,0.280614128,0.000000000,0.000000000
CR-C03-001-A0034,CR-C03-001,DS04,cerro_rojo,CAMPAIGN_03,66.000000000,68.000000000,2.000000000,0.263008244,0.000000000,0.000000000
CR-C03-001-A0035,CR-C03-001,DS04,cerro_rojo,CAMPAIGN_03,68.000000000,70.000000000,2.000000000,0.293697797,0.000000000,0.000000000
CR-C03-001-A0036,CR-C03-001,DS04,cerro_rojo,CAMPAIGN_03,70.000000000,72.000000000,2.000000000,0.306214618,0.000000000,0.000000000
CR-C03-001-A0037,CR-C03-001,DS04,cerro_rojo,CAMPAIGN_03,72.000000000,74.000000000,2.000000000,0.316191208,0.000000000,0.000000000
CR-C03-001-A0038,CR-C03-001,DS04,cerro_rojo,CAMPAIGN_03,74.000000000,76.000000000,2.000000000,0.290586222,0.000000000,0.000000000
CR-C03-001-A0039,CR-C03-001,DS04,cerro_rojo,CAMPAIGN_03,76.000000000,78.000000000,2.000000000,0.339817531,0.000000000,0.000000000
CR-C03-001-A0040,CR-C03-001,DS04,cerro_rojo,CAMPAIGN_03,78.000000000,80.000000000,2.000000000,0.330074432,0.000000000,0.000000000
CR-C03-001-A0041,CR-C03-001,DS04,cerro_rojo,CAMPAIGN_03,80.000000000,82.000000000,2.000000000,0.329541109,0.000000000,0.000000000
CR-C03-001-A0042,CR-C03-001,DS04,cerro_rojo,CAMPAIGN_03,82.000000000,84.000000000,2.000000000,0.326163462,0.000000000,0.000000000
CR-C03-001-A0043,CR-C03-001,DS04,cerro_rojo,CAMPAIGN_03,84.000000000,86.000000000,2.000000000,0.352724285,0.000000000,0.000000000
CR-C03-001-A0044,CR-C03-001,DS04,cerro_rojo,CAMPAIGN_03,86.000000000,88.000000000,2.000000000,0.358693504,0.000000000,0.000000000
CR-C03-001-A0045,CR-C03-001,DS04,cerro_rojo,CAMPAIGN_03,88.000000000,90.000000000,2.000000000,0.364145075,0.000000000,0.000000000
CR-C03-001-A0046,CR-C03-001,DS04,cerro_rojo,CAMPAIGN_03,90.000000000,92.000000000,2.000000000,0.365701352,0.000000000,0.000000000
CR-C03-001-A0047,CR-C03-001,DS04,cerro_rojo,CAMPAIGN_03,92.000000000,94.000000000,2.000000000,0.395684602,0.000000000,0.000000000
CR-C03-001-A0048,CR-C03-001,DS04,cerro_rojo,CAMPAIGN_03,94.000000000,96.000000000,2.000000000,0.367055679,0.000000000,0.000000000
CR-C03-001-A0049,CR-C03-001,DS04,cerro_rojo,CAMPAIGN_03,96.000000000,98.000000000,2.000000000,0.393752350,0.000000000,0.000000000
CR-C03-001-A0050,CR-C03-001,DS04,cerro_rojo,CAMPAIGN_03,98.000000000,100.000000000,2.000000000,0.383209655,0.000000000,0.000000000
CR-C03-001-A0051,CR-C03-001,DS04,cerro_rojo,CAMPAIGN_03,100.000000000,102.000000000,2.000000000,0.417982099,0.000000000,0.000000000
CR-C03-001-A0052,CR-C03-001,DS04,cerro_rojo,CAMPAIGN_03,102.000000000,104.000000000,2.000000000,0.430408940,0.000000000,0.000000000
CR-C03-001-A0053,CR-C03-001,DS04,cerro_rojo,CAMPAIGN_03,104.000000000,106.000000000,2.000000000,0.388266733,0.000000000,0.000000000
CR-C03-001-A0054,CR-C03-001,DS04,cerro_rojo,CAMPAIGN_03,106.000000000,108.000000000,2.000000000,0.423787570,0.000000000,0.000000000
CR-C03-001-A0055,CR-C03-001,DS04,cerro_rojo,CAMPAIGN_03,108.000000000,110.000000000,2.000000000,0.400157326,0.000000000,0.000000000
CR-C03-001-A0056,CR-C03-001,DS04,cerro_rojo,CAMPAIGN_03,110.000000000,112.000000000,2.000000000,0.428716505,0.000000000,0.000000000
CR-C03-001-A0057,CR-C03-001,DS04,cerro_rojo,CAMPAIGN_03,112.000000000,114.000000000,2.000000000,0.470068408,0.000000000,0.000000000
CR-C03-001-A0058,CR-C03-001,DS04,cerro_rojo,CAMPAIGN_03,114.000000000,116.000000000,2.000000000,0.454505997,0.000000000,0.000000000
CR-C03-001-A0059,CR-C03-001,DS04,cerro_rojo,CAMPAIGN_03,116.000000000,118.000000000,2.000000000,0.463891760,0.000000000,0.000000000
CR-C03-001-A0060,CR-C03-001,DS04,cerro_rojo,CAMPAIGN_03,118.000000000,120.000000000,2.000000000,0.458602499,0.000000000,0.000000000
CR-C03-001-A0061,CR-C03-001,DS04,cerro_rojo,CAMPAIGN_03,120.000000000,122.000000000,2.000000000,0.440598762,0.000000000,0.000000000
CR-C03-001-A0062,CR-C03-001,DS04,cerro_rojo,CAMPAIGN_03,122.000000000,124.000000000,2.000000000,0.479007331,0.000000000,0.000000000
CR-C03-001-A0063,CR-C03-001,DS04,cerro_rojo,CAMPAIGN_03,124.000000000,126.000000000,2.000000000,0.463725201,0.000000000,0.000000000
CR-C03-001-A0064,CR-C03-001,DS04,cerro_rojo,CAMPAIGN_03,126.000000000,128.000000000,2.000000000,0.450189882,0.000000000,0.000000000
CR-C03-001-A0065,CR-C03-001,DS04,cerro_rojo,CAMPAIGN_03,128.000000000,130.000000000,2.000000000,0.507615441,0.000000000,0.000000000
CR-C03-001-A0066,CR-C03-001,DS04,cerro_rojo,CAMPAIGN_03,130.000000000,132.000000000,2.000000000,0.498955958,0.000000000,0.000000000
CR-C03-001-A0067,CR-C03-001,DS04,cerro_rojo,CAMPAIGN_03,132.000000000,134.000000000,2.000000000,0.541591929,0.000000000,0.000000000
CR-C03-001-A0068,CR-C03-001,DS04,cerro_rojo,CAMPAIGN_03,134.000000000,136.000000000,2.000000000,0.495139740,0.000000000,0.000000000
CR-C03-001-A0069,CR-C03-001,DS04,cerro_rojo,CAMPAIGN_03,136.000000000,138.000000000,2.000000000,0.544187990,0.000000000,0.000000000
CR-C03-001-A0070,CR-C03-001,DS04,cerro_rojo,CAMPAIGN_03,138.000000000,140.000000000,2.000000000,0.522472759,0.000000000,0.000000000
CR-C03-001-A0071,CR-C03-001,DS04,cerro_rojo,CAMPAIGN_03,140.000000000,142.000000000,2.000000000,0.548778231,0.000000000,0.000000000
CR-C03-001-A0072,CR-C03-001,DS04,cerro_rojo,CAMPAIGN_03,142.000000000,144.000000000,2.000000000,0.519628150,0.000000000,0.000000000
CR-C03-001-A0073,CR-C03-001,DS04,cerro_rojo,CAMPAIGN_03,144.000000000,146.000000000,2.000000000,0.532032371,0.000000000,0.000000000
CR-C03-001-A0074,CR-C03-001,DS04,cerro_rojo,CAMPAIGN_03,146.000000000,148.000000000,2.000000000,0.528580802,0.000000000,0.000000000
CR-C03-001-A0075,CR-C03-001,DS04,cerro_rojo,CAMPAIGN_03,148.000000000,150.000000000,2.000000000,0.549219933,0.000000000,0.000000000
CR-C03-001-A0076,CR-C03-001,DS04,cerro_rojo,CAMPAIGN_03,150.000000000,152.000000000,2.000000000,0.609983051,0.000000000,0.000000000
CR-C03-001-A0077,CR-C03-001,DS04,cerro_rojo,CAMPAIGN_03,152.000000000,154.000000000,2.000000000,0.555467878,0.000000000,0.000000000
CR-C03-001-A0078,CR-C03-001,DS04,cerro_rojo,CAMPAIGN_03,154.000000000,156.000000000,2.000000000,0.559894757,0.000000000,0.000000000
CR-C03-001-A0079,CR-C03-001,DS04,cerro_rojo,CAMPAIGN_03,156.000000000,158.000000000,2.000000000,0.568826232,0.000000000,0.000000000
CR-C03-001-A0080,CR-C03-001,DS04,cerro_rojo,CAMPAIGN_03,158.000000000,160.000000000,2.000000000,0.557290402,0.000000000,0.000000000
CR-C03-001-A0081,CR-C03-001,DS04,cerro_rojo,CAMPAIGN_03,160.000000000,162.000000000,2.000000000,0.580178792,0.000000000,0.000000000
CR-C03-001-A0082,CR-C03-001,DS04,cerro_rojo,CAMPAIGN_03,162.000000000,164.000000000,2.000000000,0.584218741,0.000000000,0.000000000
CR-C03-001-A0083,CR-C03-001,DS04,cerro_rojo,CAMPAIGN_03,164.000000000,166.000000000,2.000000000,0.624828291,0.000000000,0.000000000
CR-C03-001-A0084,CR-C03-001,DS04,cerro_rojo,CAMPAIGN_03,166.000000000,168.000000000,2.000000000,0.613131354,0.000000000,0.000000000
CR-C03-001-A0085,CR-C03-001,DS04,cerro_rojo,CAMPAIGN_03,168.000000000,170.000000000,2.000000000,0.668703437,0.000000000,0.000000000
CR-C03-001-A0086,CR-C03-001,DS04,cerro_rojo,CAMPAIGN_03,170.000000000,172.000000000,2.000000000,0.583752862,0.000000000,0.000000000
CR-C03-001-A0087,CR-C03-001,DS04,cerro_rojo,CAMPAIGN_03,172.000000000,174.000000000,2.000000000,0.624902167,0.000000000,0.000000000
CR-C03-001-A0088,CR-C03-001,DS04,cerro_rojo,CAMPAIGN_03,174.000000000,176.000000000,2.000000000,0.589009526,0.000000000,0.000000000
CR-C03-001-A0089,CR-C03-001,DS04,cerro_rojo,CAMPAIGN_03,176.000000000,178.000000000,2.000000000,0.616331949,0.000000000,0.000000000
CR-C03-001-A0090,CR-C03-001,DS04,cerro_rojo,CAMPAIGN_03,178.000000000,180.000000000,2.000000000,0.572021544,0.000000000,0.000000000
CR-C03-001-A0091,CR-C03-001,DS04,cerro_rojo,CAMPAIGN_03,180.000000000,182.000000000,2.000000000,0.615729537,0.000000000,0.000000000
CR-C03-001-A0092,CR-C03-001,DS04,cerro_rojo,CAMPAIGN_03,182.000000000,184.000000000,2.000000000,0.607419890,0.000000000,0.000000000
CR-C03-001-A0093,CR-C03-001,DS04,cerro_rojo,CAMPAIGN_03,184.000000000,186.000000000,2.000000000,0.614556199,0.000000000,0.000000000
CR-C03-001-A0094,CR-C03-001,DS04,cerro_rojo,CAMPAIGN_03,186.000000000,188.000000000,2.000000000,0.617989295,0.000000000,0.000000000
CR-C03-001-A0095,CR-C03-001,DS04,cerro_rojo,CAMPAIGN_03,188.000000000,190.000000000,2.000000000,0.607982064,0.000000000,0.000000000
CR-C03-001-A0096,CR-C03-001,DS04,cerro_rojo,CAMPAIGN_03,190.000000000,192.000000000,2.000000000,0.596892867,0.000000000,0.000000000
CR-C03-001-A0097,CR-C03-001,DS04,cerro_rojo,CAMPAIGN_03,192.000000000,194.000000000,2.000000000,0.632342355,0.000000000,0.000000000
CR-C03-001-A0098,CR-C03-001,DS04,cerro_rojo,CAMPAIGN_03,194.000000000,196.000000000,2.000000000,0.638690923,0.000000000,0.000000000
CR-C03-001-A0099,CR-C03-001,DS04,cerro_rojo,CAMPAIGN_03,196.000000000,198.000000000,2.000000000,0.623766442,0.000000000,0.000000000
CR-C03-001-A0100,CR-C03-001,DS04,cerro_rojo,CAMPAIGN_03,198.000000000,200.000000000,2.000000000,0.613038707,0.000000000,0.000000000
CR-C03-001-A0101,CR-C03-001,DS04,cerro_rojo,CAMPAIGN_03,200.000000000,202.000000000,2.000000000,0.659191259,0.000000000,0.000000000
CR-C03-001-A0102,CR-C03-001,DS04,cerro_rojo,CAMPAIGN_03,202.000000000,204.000000000,2.000000000,0.643732212,0.000000000,0.000000000
CR-C03-001-A0103,CR-C03-001,DS04,cerro_rojo,CAMPAIGN_03,204.000000000,206.000000000,2.000000000,0.591234471,0.000000000,0.000000000
CR-C03-001-A0104,CR-C03-001,DS04,cerro_rojo,CAMPAIGN_03,206.000000000,208.000000000,2.000000000,0.596319110,0.000000000,0.000000000
CR-C03-001-A0105,CR-C03-001,DS04,cerro_rojo,CAMPAIGN_03,208.000000000,210.000000000,2.000000000,0.667701063,0.000000000,0.000000000
CR-C03-001-A0106,CR-C03-001,DS04,cerro_rojo,CAMPAIGN_03,210.000000000,212.000000000,2.000000000,0.671817988,0.000000000,0.000000000
CR-C03-001-A0107,CR-C03-001,DS04,cerro_rojo,CAMPAIGN_03,212.000000000,214.000000000,2.000000000,0.631479951,0.000000000,0.000000000
CR-C03-001-A0108,CR-C03-001,DS04,cerro_rojo,CAMPAIGN_03,214.000000000,216.000000000,2.000000000,0.595832997,0.000000000,0.000000000
CR-C03-001-A0109,CR-C03-001,DS04,cerro_rojo,CAMPAIGN_03,216.000000000,218.000000000,2.000000000,0.608871296,0.000000000,0.000000000
CR-C03-001-A0110,CR-C03-001,DS04,cerro_rojo,CAMPAIGN_03,218.000000000,220.000000000,2.000000000,0.662958467,0.000000000,0.000000000
CR-C03-001-A0111,CR-C03-001,DS04,cerro_rojo,CAMPAIGN_03,220.000000000,222.000000000,2.000000000,0.676644549,0.000000000,0.000000000
CR-C03-001-A0112,CR-C03-001,DS04,cerro_rojo,CAMPAIGN_03,222.000000000,224.000000000,2.000000000,0.617088613,0.000000000,0.000000000
CR-C03-001-A0113,CR-C03-001,DS04,cerro_rojo,CAMPAIGN_03,224.000000000,226.000000000,2.000000000,0.656131067,0.000000000,0.000000000
CR-C03-001-A0114,CR-C03-001,DS04,cerro_rojo,CAMPAIGN_03,226.000000000,228.000000000,2.000000000,0.626020740,0.000000000,0.000000000
CR-C03-001-A0115,CR-C03-001,DS04,cerro_rojo,CAMPAIGN_03,228.000000000,230.000000000,2.000000000,0.637817089,0.000000000,0.000000000
CR-C03-001-A0116,CR-C03-001,DS04,cerro_rojo,CAMPAIGN_03,230.000000000,232.000000000,2.000000000,0.644832490,0.000000000,0.000000000
CR-C03-001-A0117,CR-C03-001,DS04,cerro_rojo,CAMPAIGN_03,232.000000000,234.000000000,2.000000000,0.644716979,0.000000000,0.000000000
CR-C03-001-A0118,CR-C03-001,DS04,cerro_rojo,CAMPAIGN_03,234.000000000,236.000000000,2.000000000,0.657906168,0.000000000,0.000000000
CR-C03-001-A0119,CR-C03-001,DS04,cerro_rojo,CAMPAIGN_03,236.000000000,238.000000000,2.000000000,0.666566256,0.000000000,0.000000000
CR-C03-001-A0120,CR-C03-001,DS04,cerro_rojo,CAMPAIGN_03,238.000000000,240.000000000,2.000000000,0.668020932,0.000000000,0.000000000
CR-C03-001-A0121,CR-C03-001,DS04,cerro_rojo,CAMPAIGN_03,240.000000000,242.000000000,2.000000000,0.697230950,0.000000000,0.000000000
CR-C03-001-A0122,CR-C03-001,DS04,cerro_rojo,CAMPAIGN_03,242.000000000,244.000000000,2.000000000,0.680438120,0.000000000,0.000000000
CR-C03-001-A0123,CR-C03-001,DS04,cerro_rojo,CAMPAIGN_03,244.000000000,246.000000000,2.000000000,0.714831696,0.000000000,0.000000000
CR-C03-001-A0124,CR-C03-001,DS04,cerro_rojo,CAMPAIGN_03,246.000000000,248.000000000,2.000000000,0.731774361,0.000000000,0.000000000
CR-C03-001-A0125,CR-C03-001,DS04,cerro_rojo,CAMPAIGN_03,248.000000000,250.000000000,2.000000000,0.698616189,0.000000000,0.000000000
CR-C03-001-A0126,CR-C03-001,DS04,cerro_rojo,CAMPAIGN_03,250.000000000,252.000000000,2.000000000,0.696847154,0.000000000,0.000000000
CR-C03-001-A0127,CR-C03-001,DS04,cerro_rojo,CAMPAIGN_03,252.000000000,254.000000000,2.000000000,0.685478996,0.000000000,0.000000000
CR-C03-001-A0128,CR-C03-001,DS04,cerro_rojo,CAMPAIGN_03,254.000000000,256.000000000,2.000000000,0.704961928,0.000000000,0.000000000
CR-C03-001-A0129,CR-C03-001,DS04,cerro_rojo,CAMPAIGN_03,256.000000000,258.000000000,2.000000000,0.707147685,0.000000000,0.000000000
CR-C03-001-A0130,CR-C03-001,DS04,cerro_rojo,CAMPAIGN_03,258.000000000,260.000000000,2.000000000,0.680202208,0.000000000,0.000000000
CR-C03-001-A0131,CR-C03-001,DS04,cerro_rojo,CAMPAIGN_03,260.000000000,262.000000000,2.000000000,0.734961953,0.000000000,0.000000000
CR-C03-001-A0132,CR-C03-001,DS04,cerro_rojo,CAMPAIGN_03,262.000000000,264.000000000,2.000000000,0.691498033,0.000000000,0.000000000
CR-C03-001-A0133,CR-C03-001,DS04,cerro_rojo,CAMPAIGN_03,264.000000000,266.000000000,2.000000000,0.716852955,0.000000000,0.000000000
CR-C03-001-A0134,CR-C03-001,DS04,cerro_rojo,CAMPAIGN_03,266.000000000,268.000000000,2.000000000,0.691759342,0.000000000,0.000000000
CR-C03-001-A0135,CR-C03-001,DS04,cerro_rojo,CAMPAIGN_03,268.000000000,270.000000000,2.000000000,0.652075147,0.000000000,0.000000000
CR-C03-001-A0136,CR-C03-001,DS04,cerro_rojo,CAMPAIGN_03,270.000000000,272.000000000,2.000000000,0.737356098,0.000000000,0.000000000
CR-C03-001-A0137,CR-C03-001,DS04,cerro_rojo,CAMPAIGN_03,272.000000000,274.000000000,2.000000000,0.683576526,0.000000000,0.000000000
CR-C03-001-A0138,CR-C03-001,DS04,cerro_rojo,CAMPAIGN_03,274.000000000,276.000000000,2.000000000,0.672696803,0.000000000,0.000000000
CR-C03-001-A0139,CR-C03-001,DS04,cerro_rojo,CAMPAIGN_03,276.000000000,278.000000000,2.000000000,0.714879542,0.000000000,0.000000000
CR-C03-001-A0140,CR-C03-001,DS04,cerro_rojo,CAMPAIGN_03,278.000000000,280.000000000,2.000000000,0.660260266,0.000000000,0.000000000
CR-C03-001-A0141,CR-C03-001,DS04,cerro_rojo,CAMPAIGN_03,280.000000000,282.000000000,2.000000000,0.648761910,0.000000000,0.000000000
CR-C03-001-A0142,CR-C03-001,DS04,cerro_rojo,CAMPAIGN_03,282.000000000,284.000000000,2.000000000,0.702346685,0.000000000,0.000000000
CR-C03-001-A0143,CR-C03-001,DS04,cerro_rojo,CAMPAIGN_03,284.000000000,286.000000000,2.000000000,0.706636131,0.000000000,0.000000000
CR-C03-001-A0144,CR-C03-001,DS04,cerro_rojo,CAMPAIGN_03,286.000000000,288.000000000,2.000000000,0.698614859,0.000000000,0.000000000
CR-C03-001-A0145,CR-C03-001,DS04,cerro_rojo,CAMPAIGN_03,288.000000000,290.000000000,2.000000000,0.647945911,0.000000000,0.000000000
CR-C03-001-A0146,CR-C03-001,DS04,cerro_rojo,CAMPAIGN_03,290.000000000,292.000000000,2.000000000,0.640890214,0.000000000,0.000000000
CR-C03-001-A0147,CR-C03-001,DS04,cerro_rojo,CAMPAIGN_03,292.000000000,294.000000000,2.000000000,0.695371046,0.000000000,0.000000000
CR-C03-001-A0148,CR-C03-001,DS04,cerro_rojo,CAMPAIGN_03,294.000000000,296.000000000,2.000000000,0.629917827,0.000000000,0.000000000
CR-C03-001-A0149,CR-C03-001,DS04,cerro_rojo,CAMPAIGN_03,296.000000000,296.406046069,0.406046069,0.613005295,0.000000000,0.000000000
CR-C03-002-A0001,CR-C03-002,DS04,cerro_rojo,CAMPAIGN_03,0.000000000,2.000000000,2.000000000,0.030102345,0.000000000,0.000000000
CR-C03-002-A0002,CR-C03-002,DS04,cerro_rojo,CAMPAIGN_03,2.000000000,4.000000000,2.000000000,0.030883908,0.000000000,0.000000000
CR-C03-002-A0003,CR-C03-002,DS04,cerro_rojo,CAMPAIGN_03,4.000000000,6.000000000,2.000000000,0.031389733,0.000000000,0.000000000
CR-C03-002-A0004,CR-C03-002,DS04,cerro_rojo,CAMPAIGN_03,6.000000000,8.000000000,2.000000000,0.029847145,0.000000000,0.000000000
CR-C03-002-A0005,CR-C03-002,DS04,cerro_rojo,CAMPAIGN_03,8.000000000,10.000000000,2.000000000,0.029834301,0.000000000,0.000000000
CR-C03-002-A0006,CR-C03-002,DS04,cerro_rojo,CAMPAIGN_03,10.000000000,12.000000000,2.000000000,0.036085572,0.000000000,0.000000000
CR-C03-002-A0007,CR-C03-002,DS04,cerro_rojo,CAMPAIGN_03,12.000000000,14.000000000,2.000000000,0.032148024,0.000000000,0.000000000
CR-C03-002-A0008,CR-C03-002,DS04,cerro_rojo,CAMPAIGN_03,14.000000000,16.000000000,2.000000000,0.036343680,0.000000000,0.000000000
CR-C03-002-A0009,CR-C03-002,DS04,cerro_rojo,CAMPAIGN_03,16.000000000,18.000000000,2.000000000,0.034992564,0.000000000,0.000000000
CR-C03-002-A0010,CR-C03-002,DS04,cerro_rojo,CAMPAIGN_03,18.000000000,20.000000000,2.000000000,0.033679663,0.000000000,0.000000000
CR-C03-002-A0011,CR-C03-002,DS04,cerro_rojo,CAMPAIGN_03,20.000000000,22.000000000,2.000000000,0.035870026,0.000000000,0.000000000
CR-C03-002-A0012,CR-C03-002,DS04,cerro_rojo,CAMPAIGN_03,22.000000000,24.000000000,2.000000000,0.036320045,0.000000000,0.000000000
CR-C03-002-A0013,CR-C03-002,DS04,cerro_rojo,CAMPAIGN_03,24.000000000,26.000000000,2.000000000,0.040459168,0.000000000,0.000000000
CR-C03-002-A0014,CR-C03-002,DS04,cerro_rojo,CAMPAIGN_03,26.000000000,28.000000000,2.000000000,0.036027326,0.000000000,0.000000000
CR-C03-002-A0015,CR-C03-002,DS04,cerro_rojo,CAMPAIGN_03,28.000000000,30.000000000,2.000000000,0.037710549,0.000000000,0.000000000
CR-C03-002-A0016,CR-C03-002,DS04,cerro_rojo,CAMPAIGN_03,30.000000000,32.000000000,2.000000000,0.035949223,0.000000000,0.000000000
CR-C03-002-A0017,CR-C03-002,DS04,cerro_rojo,CAMPAIGN_03,32.000000000,34.000000000,2.000000000,0.041913782,0.000000000,0.000000000
CR-C03-002-A0018,CR-C03-002,DS04,cerro_rojo,CAMPAIGN_03,34.000000000,36.000000000,2.000000000,0.036716313,0.000000000,0.000000000
CR-C03-002-A0019,CR-C03-002,DS04,cerro_rojo,CAMPAIGN_03,36.000000000,38.000000000,2.000000000,0.040408257,0.000000000,0.000000000
CR-C03-002-A0020,CR-C03-002,DS04,cerro_rojo,CAMPAIGN_03,38.000000000,40.000000000,2.000000000,0.041433745,0.000000000,0.000000000
CR-C03-002-A0021,CR-C03-002,DS04,cerro_rojo,CAMPAIGN_03,40.000000000,42.000000000,2.000000000,0.037901848,0.000000000,0.000000000
CR-C03-002-A0022,CR-C03-002,DS04,cerro_rojo,CAMPAIGN_03,42.000000000,44.000000000,2.000000000,0.042993952,0.000000000,0.000000000
CR-C03-002-A0023,CR-C03-002,DS04,cerro_rojo,CAMPAIGN_03,44.000000000,46.000000000,2.000000000,0.043945283,0.000000000,0.000000000
CR-C03-002-A0024,CR-C03-002,DS04,cerro_rojo,CAMPAIGN_03,46.000000000,48.000000000,2.000000000,0.047813976,0.000000000,0.000000000
CR-C03-002-A0025,CR-C03-002,DS04,cerro_rojo,CAMPAIGN_03,48.000000000,50.000000000,2.000000000,0.048254892,0.000000000,0.000000000
CR-C03-002-A0026,CR-C03-002,DS04,cerro_rojo,CAMPAIGN_03,50.000000000,52.000000000,2.000000000,0.047056434,0.000000000,0.000000000
CR-C03-002-A0027,CR-C03-002,DS04,cerro_rojo,CAMPAIGN_03,52.000000000,54.000000000,2.000000000,0.047642302,0.000000000,0.000000000
CR-C03-002-A0028,CR-C03-002,DS04,cerro_rojo,CAMPAIGN_03,54.000000000,56.000000000,2.000000000,0.049000000,0.000000000,0.000000000
CR-C03-002-A0029,CR-C03-002,DS04,cerro_rojo,CAMPAIGN_03,56.000000000,58.000000000,2.000000000,0.049380229,0.000000000,0.000000000
CR-C03-002-A0030,CR-C03-002,DS04,cerro_rojo,CAMPAIGN_03,58.000000000,60.000000000,2.000000000,0.050805538,0.000000000,0.000000000
CR-C03-002-A0031,CR-C03-002,DS04,cerro_rojo,CAMPAIGN_03,60.000000000,62.000000000,2.000000000,0.054565709,0.000000000,0.000000000
CR-C03-002-A0032,CR-C03-002,DS04,cerro_rojo,CAMPAIGN_03,62.000000000,64.000000000,2.000000000,0.055679601,0.000000000,0.000000000
CR-C03-002-A0033,CR-C03-002,DS04,cerro_rojo,CAMPAIGN_03,64.000000000,66.000000000,2.000000000,0.058718390,0.000000000,0.000000000
CR-C03-002-A0034,CR-C03-002,DS04,cerro_rojo,CAMPAIGN_03,66.000000000,68.000000000,2.000000000,0.060720991,0.000000000,0.000000000
CR-C03-002-A0035,CR-C03-002,DS04,cerro_rojo,CAMPAIGN_03,68.000000000,70.000000000,2.000000000,0.061538634,0.000000000,0.000000000
CR-C03-002-A0036,CR-C03-002,DS04,cerro_rojo,CAMPAIGN_03,70.000000000,72.000000000,2.000000000,0.064609962,0.000000000,0.000000000
CR-C03-002-A0037,CR-C03-002,DS04,cerro_rojo,CAMPAIGN_03,72.000000000,74.000000000,2.000000000,0.062941445,0.000000000,0.000000000
CR-C03-002-A0038,CR-C03-002,DS04,cerro_rojo,CAMPAIGN_03,74.000000000,76.000000000,2.000000000,0.065531582,0.000000000,0.000000000
CR-C03-002-A0039,CR-C03-002,DS04,cerro_rojo,CAMPAIGN_03,76.000000000,78.000000000,2.000000000,0.068292582,0.000000000,0.000000000
CR-C03-002-A0040,CR-C03-002,DS04,cerro_rojo,CAMPAIGN_03,78.000000000,80.000000000,2.000000000,0.062559766,0.000000000,0.000000000
CR-C03-002-A0041,CR-C03-002,DS04,cerro_rojo,CAMPAIGN_03,80.000000000,82.000000000,2.000000000,0.068718701,0.000000000,0.000000000
CR-C03-002-A0042,CR-C03-002,DS04,cerro_rojo,CAMPAIGN_03,82.000000000,84.000000000,2.000000000,0.077724549,0.000000000,0.000000000
CR-C03-002-A0043,CR-C03-002,DS04,cerro_rojo,CAMPAIGN_03,84.000000000,86.000000000,2.000000000,0.077749626,0.000000000,0.000000000
CR-C03-002-A0044,CR-C03-002,DS04,cerro_rojo,CAMPAIGN_03,86.000000000,88.000000000,2.000000000,0.078656405,0.000000000,0.000000000
CR-C03-002-A0045,CR-C03-002,DS04,cerro_rojo,CAMPAIGN_03,88.000000000,90.000000000,2.000000000,0.075566087,0.000000000,0.000000000
CR-C03-002-A0046,CR-C03-002,DS04,cerro_rojo,CAMPAIGN_03,90.000000000,92.000000000,2.000000000,0.080874980,0.000000000,0.000000000
CR-C03-002-A0047,CR-C03-002,DS04,cerro_rojo,CAMPAIGN_03,92.000000000,94.000000000,2.000000000,0.081682922,0.000000000,0.000000000
CR-C03-002-A0048,CR-C03-002,DS04,cerro_rojo,CAMPAIGN_03,94.000000000,96.000000000,2.000000000,0.086592680,0.000000000,0.000000000
CR-C03-002-A0049,CR-C03-002,DS04,cerro_rojo,CAMPAIGN_03,96.000000000,98.000000000,2.000000000,0.090385631,0.000000000,0.000000000
CR-C03-002-A0050,CR-C03-002,DS04,cerro_rojo,CAMPAIGN_03,98.000000000,100.000000000,2.000000000,0.084274589,0.000000000,0.000000000
CR-C03-002-A0051,CR-C03-002,DS04,cerro_rojo,CAMPAIGN_03,100.000000000,102.000000000,2.000000000,0.091084979,0.000000000,0.000000000
CR-C03-002-A0052,CR-C03-002,DS04,cerro_rojo,CAMPAIGN_03,102.000000000,104.000000000,2.000000000,0.095219931,0.000000000,0.000000000
CR-C03-002-A0053,CR-C03-002,DS04,cerro_rojo,CAMPAIGN_03,104.000000000,106.000000000,2.000000000,0.101274969,0.000000000,0.000000000
CR-C03-002-A0054,CR-C03-002,DS04,cerro_rojo,CAMPAIGN_03,106.000000000,108.000000000,2.000000000,0.093670612,0.000000000,0.000000000
CR-C03-002-A0055,CR-C03-002,DS04,cerro_rojo,CAMPAIGN_03,108.000000000,110.000000000,2.000000000,0.097796046,0.000000000,0.000000000
CR-C03-002-A0056,CR-C03-002,DS04,cerro_rojo,CAMPAIGN_03,110.000000000,112.000000000,2.000000000,0.104082657,0.000000000,0.000000000
CR-C03-002-A0057,CR-C03-002,DS04,cerro_rojo,CAMPAIGN_03,112.000000000,114.000000000,2.000000000,0.096662175,0.000000000,0.000000000
CR-C03-002-A0058,CR-C03-002,DS04,cerro_rojo,CAMPAIGN_03,114.000000000,116.000000000,2.000000000,0.114273360,0.000000000,0.000000000
CR-C03-002-A0059,CR-C03-002,DS04,cerro_rojo,CAMPAIGN_03,116.000000000,118.000000000,2.000000000,0.107078666,0.000000000,0.000000000
CR-C03-002-A0060,CR-C03-002,DS04,cerro_rojo,CAMPAIGN_03,118.000000000,120.000000000,2.000000000,0.113033386,0.000000000,0.000000000
CR-C03-002-A0061,CR-C03-002,DS04,cerro_rojo,CAMPAIGN_03,120.000000000,122.000000000,2.000000000,0.118257045,0.000000000,0.000000000
CR-C03-002-A0062,CR-C03-002,DS04,cerro_rojo,CAMPAIGN_03,122.000000000,124.000000000,2.000000000,0.123957589,0.000000000,0.000000000
CR-C03-002-A0063,CR-C03-002,DS04,cerro_rojo,CAMPAIGN_03,124.000000000,126.000000000,2.000000000,0.126736016,0.000000000,0.000000000
CR-C03-002-A0064,CR-C03-002,DS04,cerro_rojo,CAMPAIGN_03,126.000000000,128.000000000,2.000000000,0.112505434,0.000000000,0.000000000
CR-C03-002-A0065,CR-C03-002,DS04,cerro_rojo,CAMPAIGN_03,128.000000000,130.000000000,2.000000000,0.134447591,0.000000000,0.000000000
CR-C03-002-A0066,CR-C03-002,DS04,cerro_rojo,CAMPAIGN_03,130.000000000,132.000000000,2.000000000,0.124165895,0.000000000,0.000000000
CR-C03-002-A0067,CR-C03-002,DS04,cerro_rojo,CAMPAIGN_03,132.000000000,134.000000000,2.000000000,0.123378041,0.000000000,0.000000000
CR-C03-002-A0068,CR-C03-002,DS04,cerro_rojo,CAMPAIGN_03,134.000000000,136.000000000,2.000000000,0.149559717,0.000000000,0.000000000
CR-C03-002-A0069,CR-C03-002,DS04,cerro_rojo,CAMPAIGN_03,136.000000000,138.000000000,2.000000000,0.133788277,0.000000000,0.000000000
CR-C03-002-A0070,CR-C03-002,DS04,cerro_rojo,CAMPAIGN_03,138.000000000,140.000000000,2.000000000,0.156157453,0.000000000,0.000000000
CR-C03-002-A0071,CR-C03-002,DS04,cerro_rojo,CAMPAIGN_03,140.000000000,142.000000000,2.000000000,0.141443955,0.000000000,0.000000000
CR-C03-002-A0072,CR-C03-002,DS04,cerro_rojo,CAMPAIGN_03,142.000000000,144.000000000,2.000000000,0.152998121,0.000000000,0.000000000
CR-C03-002-A0073,CR-C03-002,DS04,cerro_rojo,CAMPAIGN_03,144.000000000,146.000000000,2.000000000,0.159946861,0.000000000,0.000000000
CR-C03-002-A0074,CR-C03-002,DS04,cerro_rojo,CAMPAIGN_03,146.000000000,148.000000000,2.000000000,0.174784425,0.000000000,0.000000000
CR-C03-002-A0075,CR-C03-002,DS04,cerro_rojo,CAMPAIGN_03,148.000000000,150.000000000,2.000000000,0.176995479,0.000000000,0.000000000
CR-C03-002-A0076,CR-C03-002,DS04,cerro_rojo,CAMPAIGN_03,150.000000000,152.000000000,2.000000000,0.169520203,0.000000000,0.000000000
CR-C03-002-A0077,CR-C03-002,DS04,cerro_rojo,CAMPAIGN_03,152.000000000,154.000000000,2.000000000,0.172061971,0.000000000,0.000000000
CR-C03-002-A0078,CR-C03-002,DS04,cerro_rojo,CAMPAIGN_03,154.000000000,156.000000000,2.000000000,0.178475407,0.000000000,0.000000000
CR-C03-002-A0079,CR-C03-002,DS04,cerro_rojo,CAMPAIGN_03,156.000000000,158.000000000,2.000000000,0.196825413,0.000000000,0.000000000
CR-C03-002-A0080,CR-C03-002,DS04,cerro_rojo,CAMPAIGN_03,158.000000000,160.000000000,2.000000000,0.188002985,0.000000000,0.000000000
CR-C03-002-A0081,CR-C03-002,DS04,cerro_rojo,CAMPAIGN_03,160.000000000,162.000000000,2.000000000,0.191624513,0.000000000,0.000000000
CR-C03-002-A0082,CR-C03-002,DS04,cerro_rojo,CAMPAIGN_03,162.000000000,164.000000000,2.000000000,0.197447251,0.000000000,0.000000000
CR-C03-002-A0083,CR-C03-002,DS04,cerro_rojo,CAMPAIGN_03,164.000000000,166.000000000,2.000000000,0.191786362,0.000000000,0.000000000
CR-C03-002-A0084,CR-C03-002,DS04,cerro_rojo,CAMPAIGN_03,166.000000000,168.000000000,2.000000000,0.191718673,0.000000000,0.000000000
CR-C03-002-A0085,CR-C03-002,DS04,cerro_rojo,CAMPAIGN_03,168.000000000,170.000000000,2.000000000,0.214883979,0.000000000,0.000000000
CR-C03-002-A0086,CR-C03-002,DS04,cerro_rojo,CAMPAIGN_03,170.000000000,172.000000000,2.000000000,0.228103858,0.000000000,0.000000000
CR-C03-002-A0087,CR-C03-002,DS04,cerro_rojo,CAMPAIGN_03,172.000000000,174.000000000,2.000000000,0.225200205,0.000000000,0.000000000
CR-C03-002-A0088,CR-C03-002,DS04,cerro_rojo,CAMPAIGN_03,174.000000000,176.000000000,2.000000000,0.223442910,0.000000000,0.000000000
CR-C03-002-A0089,CR-C03-002,DS04,cerro_rojo,CAMPAIGN_03,176.000000000,178.000000000,2.000000000,0.239103851,0.000000000,0.000000000
CR-C03-002-A0090,CR-C03-002,DS04,cerro_rojo,CAMPAIGN_03,178.000000000,180.000000000,2.000000000,0.239715242,0.000000000,0.000000000
CR-C03-002-A0091,CR-C03-002,DS04,cerro_rojo,CAMPAIGN_03,180.000000000,182.000000000,2.000000000,0.231139548,0.000000000,0.000000000
CR-C03-002-A0092,CR-C03-002,DS04,cerro_rojo,CAMPAIGN_03,182.000000000,184.000000000,2.000000000,0.237473322,0.000000000,0.000000000
CR-C03-002-A0093,CR-C03-002,DS04,cerro_rojo,CAMPAIGN_03,184.000000000,186.000000000,2.000000000,0.255652225,0.000000000,0.000000000
CR-C03-002-A0094,CR-C03-002,DS04,cerro_rojo,CAMPAIGN_03,186.000000000,188.000000000,2.000000000,0.253844773,0.000000000,0.000000000
CR-C03-002-A0095,CR-C03-002,DS04,cerro_rojo,CAMPAIGN_03,188.000000000,190.000000000,2.000000000,0.256483181,0.000000000,0.000000000
CR-C03-002-A0096,CR-C03-002,DS04,cerro_rojo,CAMPAIGN_03,190.000000000,192.000000000,2.000000000,0.260481464,0.000000000,0.000000000
CR-C03-002-A0097,CR-C03-002,DS04,cerro_rojo,CAMPAIGN_03,192.000000000,194.000000000,2.000000000,0.261775555,0.000000000,0.000000000
CR-C03-002-A0098,CR-C03-002,DS04,cerro_rojo,CAMPAIGN_03,194.000000000,196.000000000,2.000000000,0.293094246,0.000000000,0.000000000
CR-C03-002-A0099,CR-C03-002,DS04,cerro_rojo,CAMPAIGN_03,196.000000000,198.000000000,2.000000000,0.273506721,0.000000000,0.000000000
CR-C03-002-A0100,CR-C03-002,DS04,cerro_rojo,CAMPAIGN_03,198.000000000,200.000000000,2.000000000,0.296884225,0.000000000,0.000000000
CR-C03-002-A0101,CR-C03-002,DS04,cerro_rojo,CAMPAIGN_03,200.000000000,202.000000000,2.000000000,0.290985998,0.000000000,0.000000000
CR-C03-002-A0102,CR-C03-002,DS04,cerro_rojo,CAMPAIGN_03,202.000000000,204.000000000,2.000000000,0.293980275,0.000000000,0.000000000
CR-C03-002-A0103,CR-C03-002,DS04,cerro_rojo,CAMPAIGN_03,204.000000000,206.000000000,2.000000000,0.305307595,0.000000000,0.000000000
CR-C03-002-A0104,CR-C03-002,DS04,cerro_rojo,CAMPAIGN_03,206.000000000,208.000000000,2.000000000,0.308030979,0.000000000,0.000000000
CR-C03-002-A0105,CR-C03-002,DS04,cerro_rojo,CAMPAIGN_03,208.000000000,210.000000000,2.000000000,0.337527379,0.000000000,0.000000000
CR-C03-002-A0106,CR-C03-002,DS04,cerro_rojo,CAMPAIGN_03,210.000000000,212.000000000,2.000000000,0.324428091,0.000000000,0.000000000
CR-C03-002-A0107,CR-C03-002,DS04,cerro_rojo,CAMPAIGN_03,212.000000000,214.000000000,2.000000000,0.329609142,0.000000000,0.000000000
CR-C03-002-A0108,CR-C03-002,DS04,cerro_rojo,CAMPAIGN_03,214.000000000,216.000000000,2.000000000,0.335156236,0.000000000,0.000000000
CR-C03-002-A0109,CR-C03-002,DS04,cerro_rojo,CAMPAIGN_03,216.000000000,218.000000000,2.000000000,0.352208743,0.000000000,0.000000000
CR-C03-002-A0110,CR-C03-002,DS04,cerro_rojo,CAMPAIGN_03,218.000000000,220.000000000,2.000000000,0.331956013,0.000000000,0.000000000
CR-C03-002-A0111,CR-C03-002,DS04,cerro_rojo,CAMPAIGN_03,220.000000000,222.000000000,2.000000000,0.357458184,0.000000000,0.000000000
CR-C03-002-A0112,CR-C03-002,DS04,cerro_rojo,CAMPAIGN_03,222.000000000,224.000000000,2.000000000,0.363908184,0.000000000,0.000000000
CR-C03-002-A0113,CR-C03-002,DS04,cerro_rojo,CAMPAIGN_03,224.000000000,226.000000000,2.000000000,0.379512057,0.000000000,0.000000000
CR-C03-002-A0114,CR-C03-002,DS04,cerro_rojo,CAMPAIGN_03,226.000000000,228.000000000,2.000000000,0.377794795,0.000000000,0.000000000
CR-C03-002-A0115,CR-C03-002,DS04,cerro_rojo,CAMPAIGN_03,228.000000000,230.000000000,2.000000000,0.381762292,0.000000000,0.000000000
CR-C03-002-A0116,CR-C03-002,DS04,cerro_rojo,CAMPAIGN_03,230.000000000,232.000000000,2.000000000,0.389659741,0.000000000,0.000000000
CR-C03-002-A0117,CR-C03-002,DS04,cerro_rojo,CAMPAIGN_03,232.000000000,234.000000000,2.000000000,0.395471632,0.000000000,0.000000000
CR-C03-002-A0118,CR-C03-002,DS04,cerro_rojo,CAMPAIGN_03,234.000000000,236.000000000,2.000000000,0.399008069,0.000000000,0.000000000
CR-C03-002-A0119,CR-C03-002,DS04,cerro_rojo,CAMPAIGN_03,236.000000000,238.000000000,2.000000000,0.373080721,0.000000000,0.000000000
CR-C03-002-A0120,CR-C03-002,DS04,cerro_rojo,CAMPAIGN_03,238.000000000,240.000000000,2.000000000,0.405849606,0.000000000,0.000000000
CR-C03-002-A0121,CR-C03-002,DS04,cerro_rojo,CAMPAIGN_03,240.000000000,242.000000000,2.000000000,0.382863010,0.000000000,0.000000000
CR-C03-002-A0122,CR-C03-002,DS04,cerro_rojo,CAMPAIGN_03,242.000000000,244.000000000,2.000000000,0.416758570,0.000000000,0.000000000
CR-C03-002-A0123,CR-C03-002,DS04,cerro_rojo,CAMPAIGN_03,244.000000000,246.000000000,2.000000000,0.426067394,0.000000000,0.000000000
CR-C03-002-A0124,CR-C03-002,DS04,cerro_rojo,CAMPAIGN_03,246.000000000,248.000000000,2.000000000,0.413380724,0.000000000,0.000000000
CR-C03-002-A0125,CR-C03-002,DS04,cerro_rojo,CAMPAIGN_03,248.000000000,250.000000000,2.000000000,0.392879041,0.000000000,0.000000000
CR-C03-002-A0126,CR-C03-002,DS04,cerro_rojo,CAMPAIGN_03,250.000000000,252.000000000,2.000000000,0.453366257,0.000000000,0.000000000
CR-C03-002-A0127,CR-C03-002,DS04,cerro_rojo,CAMPAIGN_03,252.000000000,254.000000000,2.000000000,0.440192216,0.000000000,0.000000000
CR-C03-002-A0128,CR-C03-002,DS04,cerro_rojo,CAMPAIGN_03,254.000000000,256.000000000,2.000000000,0.436333006,0.000000000,0.000000000
CR-C03-002-A0129,CR-C03-002,DS04,cerro_rojo,CAMPAIGN_03,256.000000000,258.000000000,2.000000000,0.459320524,0.000000000,0.000000000
CR-C03-002-A0130,CR-C03-002,DS04,cerro_rojo,CAMPAIGN_03,258.000000000,260.000000000,2.000000000,0.431013033,0.000000000,0.000000000
CR-C03-002-A0131,CR-C03-002,DS04,cerro_rojo,CAMPAIGN_03,260.000000000,262.000000000,2.000000000,0.434670264,0.000000000,0.000000000
CR-C03-002-A0132,CR-C03-002,DS04,cerro_rojo,CAMPAIGN_03,262.000000000,264.000000000,2.000000000,0.419532971,0.000000000,0.000000000
CR-C03-002-A0133,CR-C03-002,DS04,cerro_rojo,CAMPAIGN_03,264.000000000,266.000000000,2.000000000,0.461724480,0.000000000,0.000000000
CR-C03-002-A0134,CR-C03-002,DS04,cerro_rojo,CAMPAIGN_03,266.000000000,268.000000000,2.000000000,0.443105465,0.000000000,0.000000000
CR-C03-002-A0135,CR-C03-002,DS04,cerro_rojo,CAMPAIGN_03,268.000000000,270.000000000,2.000000000,0.471326997,0.000000000,0.000000000
CR-C03-002-A0136,CR-C03-002,DS04,cerro_rojo,CAMPAIGN_03,270.000000000,272.000000000,2.000000000,0.472528483,0.000000000,0.000000000
CR-C03-002-A0137,CR-C03-002,DS04,cerro_rojo,CAMPAIGN_03,272.000000000,274.000000000,2.000000000,0.484786199,0.000000000,0.000000000
CR-C03-002-A0138,CR-C03-002,DS04,cerro_rojo,CAMPAIGN_03,274.000000000,276.000000000,2.000000000,0.522187590,0.000000000,0.000000000
CR-C03-002-A0139,CR-C03-002,DS04,cerro_rojo,CAMPAIGN_03,276.000000000,278.000000000,2.000000000,0.511804611,0.000000000,0.000000000
CR-C03-002-A0140,CR-C03-002,DS04,cerro_rojo,CAMPAIGN_03,278.000000000,280.000000000,2.000000000,0.522930697,0.000000000,0.000000000
CR-C03-002-A0141,CR-C03-002,DS04,cerro_rojo,CAMPAIGN_03,280.000000000,282.000000000,2.000000000,0.498249260,0.000000000,0.000000000
CR-C03-002-A0142,CR-C03-002,DS04,cerro_rojo,CAMPAIGN_03,282.000000000,284.000000000,2.000000000,0.550954334,0.000000000,0.000000000
CR-C03-002-A0143,CR-C03-002,DS04,cerro_rojo,CAMPAIGN_03,284.000000000,286.000000000,2.000000000,0.592339654,0.000000000,0.000000000
CR-C03-002-A0144,CR-C03-002,DS04,cerro_rojo,CAMPAIGN_03,286.000000000,288.000000000,2.000000000,0.538037680,0.000000000,0.000000000
CR-C03-002-A0145,CR-C03-002,DS04,cerro_rojo,CAMPAIGN_03,288.000000000,290.000000000,2.000000000,0.590015389,0.000000000,0.000000000
CR-C03-002-A0146,CR-C03-002,DS04,cerro_rojo,CAMPAIGN_03,290.000000000,292.000000000,2.000000000,0.605665313,0.000000000,0.000000000
CR-C03-002-A0147,CR-C03-002,DS04,cerro_rojo,CAMPAIGN_03,292.000000000,294.000000000,2.000000000,0.618749522,0.000000000,0.000000000
CR-C03-002-A0148,CR-C03-002,DS04,cerro_rojo,CAMPAIGN_03,294.000000000,296.000000000,2.000000000,0.612074645,0.000000000,0.000000000
CR-C03-002-A0149,CR-C03-002,DS04,cerro_rojo,CAMPAIGN_03,296.000000000,298.000000000,2.000000000,0.632034079,0.000000000,0.000000000
CR-C03-002-A0150,CR-C03-002,DS04,cerro_rojo,CAMPAIGN_03,298.000000000,300.000000000,2.000000000,0.594537202,0.000000000,0.000000000
CR-C03-002-A0151,CR-C03-002,DS04,cerro_rojo,CAMPAIGN_03,300.000000000,302.000000000,2.000000000,0.636404580,0.000000000,0.000000000
CR-C03-002-A0152,CR-C03-002,DS04,cerro_rojo,CAMPAIGN_03,302.000000000,304.000000000,2.000000000,0.663135901,0.000000000,0.000000000
CR-C03-002-A0153,CR-C03-002,DS04,cerro_rojo,CAMPAIGN_03,304.000000000,306.000000000,2.000000000,0.658607495,0.000000000,0.000000000
CR-C03-002-A0154,CR-C03-002,DS04,cerro_rojo,CAMPAIGN_03,306.000000000,308.000000000,2.000000000,0.687508175,0.000000000,0.000000000
CR-C03-002-A0155,CR-C03-002,DS04,cerro_rojo,CAMPAIGN_03,308.000000000,310.000000000,2.000000000,0.693664571,0.000000000,0.000000000
CR-C03-002-A0156,CR-C03-002,DS04,cerro_rojo,CAMPAIGN_03,310.000000000,312.000000000,2.000000000,0.674353109,0.000000000,0.000000000
CR-C03-002-A0157,CR-C03-002,DS04,cerro_rojo,CAMPAIGN_03,312.000000000,314.000000000,2.000000000,0.728096078,0.000000000,0.000000000
CR-C03-002-A0158,CR-C03-002,DS04,cerro_rojo,CAMPAIGN_03,314.000000000,316.000000000,2.000000000,0.735059973,0.000000000,0.000000000
CR-C03-002-A0159,CR-C03-002,DS04,cerro_rojo,CAMPAIGN_03,316.000000000,318.000000000,2.000000000,0.663264256,0.000000000,0.000000000
CR-C03-002-A0160,CR-C03-002,DS04,cerro_rojo,CAMPAIGN_03,318.000000000,320.000000000,2.000000000,0.740489975,0.000000000,0.000000000
CR-C03-002-A0161,CR-C03-002,DS04,cerro_rojo,CAMPAIGN_03,320.000000000,322.000000000,2.000000000,0.737608823,0.000000000,0.000000000
CR-C03-002-A0162,CR-C03-002,DS04,cerro_rojo,CAMPAIGN_03,322.000000000,324.000000000,2.000000000,0.713130183,0.000000000,0.000000000
CR-C03-002-A0163,CR-C03-002,DS04,cerro_rojo,CAMPAIGN_03,324.000000000,326.000000000,2.000000000,0.689280294,0.000000000,0.000000000
CR-C03-002-A0164,CR-C03-002,DS04,cerro_rojo,CAMPAIGN_03,326.000000000,328.000000000,2.000000000,0.742728793,0.000000000,0.000000000
CR-C03-002-A0165,CR-C03-002,DS04,cerro_rojo,CAMPAIGN_03,328.000000000,330.000000000,2.000000000,0.750351399,0.000000000,0.000000000
CR-C03-002-A0166,CR-C03-002,DS04,cerro_rojo,CAMPAIGN_03,330.000000000,332.000000000,2.000000000,0.751358024,0.000000000,0.000000000
CR-C03-002-A0167,CR-C03-002,DS04,cerro_rojo,CAMPAIGN_03,332.000000000,334.000000000,2.000000000,0.784948668,0.000000000,0.000000000
CR-C03-002-A0168,CR-C03-002,DS04,cerro_rojo,CAMPAIGN_03,334.000000000,336.000000000,2.000000000,0.786622134,0.000000000,0.000000000
CR-C03-002-A0169,CR-C03-002,DS04,cerro_rojo,CAMPAIGN_03,336.000000000,338.000000000,2.000000000,0.736629624,0.000000000,0.000000000
CR-C03-002-A0170,CR-C03-002,DS04,cerro_rojo,CAMPAIGN_03,338.000000000,340.000000000,2.000000000,0.696731474,0.000000000,0.000000000
CR-C03-002-A0171,CR-C03-002,DS04,cerro_rojo,CAMPAIGN_03,340.000000000,342.000000000,2.000000000,0.735841680,0.000000000,0.000000000
CR-C03-002-A0172,CR-C03-002,DS04,cerro_rojo,CAMPAIGN_03,342.000000000,344.000000000,2.000000000,0.699329377,0.000000000,0.000000000
CR-C03-002-A0173,CR-C03-002,DS04,cerro_rojo,CAMPAIGN_03,344.000000000,346.000000000,2.000000000,0.729307973,0.000000000,0.000000000
CR-C03-002-A0174,CR-C03-002,DS04,cerro_rojo,CAMPAIGN_03,346.000000000,348.000000000,2.000000000,0.731071749,0.000000000,0.000000000
CR-C03-002-A0175,CR-C03-002,DS04,cerro_rojo,CAMPAIGN_03,348.000000000,350.000000000,2.000000000,0.745935942,0.000000000,0.000000000
CR-C03-002-A0176,CR-C03-002,DS04,cerro_rojo,CAMPAIGN_03,350.000000000,352.000000000,2.000000000,0.703926700,0.000000000,0.000000000
CR-C03-002-A0177,CR-C03-002,DS04,cerro_rojo,CAMPAIGN_03,352.000000000,354.000000000,2.000000000,0.730836362,0.000000000,0.000000000
CR-C03-002-A0178,CR-C03-002,DS04,cerro_rojo,CAMPAIGN_03,354.000000000,356.000000000,2.000000000,0.690423838,0.000000000,0.000000000
CR-C03-002-A0179,CR-C03-002,DS04,cerro_rojo,CAMPAIGN_03,356.000000000,358.000000000,2.000000000,0.625586663,0.000000000,0.000000000
CR-C03-002-A0180,CR-C03-002,DS04,cerro_rojo,CAMPAIGN_03,358.000000000,360.000000000,2.000000000,0.723780759,0.000000000,0.000000000
CR-C03-002-A0181,CR-C03-002,DS04,cerro_rojo,CAMPAIGN_03,360.000000000,362.000000000,2.000000000,0.720331817,0.000000000,0.000000000
CR-C03-002-A0182,CR-C03-002,DS04,cerro_rojo,CAMPAIGN_03,362.000000000,364.000000000,2.000000000,0.708304914,0.000000000,0.000000000
CR-C03-002-A0183,CR-C03-002,DS04,cerro_rojo,CAMPAIGN_03,364.000000000,366.000000000,2.000000000,0.675680068,0.000000000,0.000000000
CR-C03-002-A0184,CR-C03-002,DS04,cerro_rojo,CAMPAIGN_03,366.000000000,368.000000000,2.000000000,0.683631283,0.000000000,0.000000000
CR-C03-002-A0185,CR-C03-002,DS04,cerro_rojo,CAMPAIGN_03,368.000000000,370.000000000,2.000000000,0.667209470,0.000000000,0.000000000
CR-C03-002-A0186,CR-C03-002,DS04,cerro_rojo,CAMPAIGN_03,370.000000000,372.000000000,2.000000000,0.651837137,0.000000000,0.000000000
CR-C03-002-A0187,CR-C03-002,DS04,cerro_rojo,CAMPAIGN_03,372.000000000,374.000000000,2.000000000,0.686874774,0.000000000,0.000000000
CR-C03-002-A0188,CR-C03-002,DS04,cerro_rojo,CAMPAIGN_03,374.000000000,376.000000000,2.000000000,0.701740823,0.000000000,0.000000000
CR-C03-002-A0189,CR-C03-002,DS04,cerro_rojo,CAMPAIGN_03,376.000000000,378.000000000,2.000000000,0.618195476,0.000000000,0.000000000
CR-C03-002-A0190,CR-C03-002,DS04,cerro_rojo,CAMPAIGN_03,378.000000000,379.228963437,1.228963437,0.669909928,0.000000000,0.000000000
CR-C03-003-A0001,CR-C03-003,DS04,cerro_rojo,CAMPAIGN_03,0.000000000,2.000000000,2.000000000,0.034908703,0.000000000,0.000000000
CR-C03-003-A0002,CR-C03-003,DS04,cerro_rojo,CAMPAIGN_03,2.000000000,4.000000000,2.000000000,0.033807201,0.000000000,0.000000000
CR-C03-003-A0003,CR-C03-003,DS04,cerro_rojo,CAMPAIGN_03,4.000000000,6.000000000,2.000000000,0.032771155,0.000000000,0.000000000
CR-C03-003-A0004,CR-C03-003,DS04,cerro_rojo,CAMPAIGN_03,6.000000000,8.000000000,2.000000000,0.032320034,0.000000000,0.000000000
CR-C03-003-A0005,CR-C03-003,DS04,cerro_rojo,CAMPAIGN_03,8.000000000,10.000000000,2.000000000,0.033720889,0.000000000,0.000000000
CR-C03-003-A0006,CR-C03-003,DS04,cerro_rojo,CAMPAIGN_03,10.000000000,12.000000000,2.000000000,0.032486901,0.000000000,0.000000000
CR-C03-003-A0007,CR-C03-003,DS04,cerro_rojo,CAMPAIGN_03,12.000000000,14.000000000,2.000000000,0.037134797,0.000000000,0.000000000
CR-C03-003-A0008,CR-C03-003,DS04,cerro_rojo,CAMPAIGN_03,14.000000000,16.000000000,2.000000000,0.034576217,0.000000000,0.000000000
CR-C03-003-A0009,CR-C03-003,DS04,cerro_rojo,CAMPAIGN_03,16.000000000,18.000000000,2.000000000,0.036476933,0.000000000,0.000000000
CR-C03-003-A0010,CR-C03-003,DS04,cerro_rojo,CAMPAIGN_03,18.000000000,20.000000000,2.000000000,0.038563952,0.000000000,0.000000000
CR-C03-003-A0011,CR-C03-003,DS04,cerro_rojo,CAMPAIGN_03,20.000000000,22.000000000,2.000000000,0.036945395,0.000000000,0.000000000
CR-C03-003-A0012,CR-C03-003,DS04,cerro_rojo,CAMPAIGN_03,22.000000000,24.000000000,2.000000000,0.041267138,0.000000000,0.000000000
CR-C03-003-A0013,CR-C03-003,DS04,cerro_rojo,CAMPAIGN_03,24.000000000,26.000000000,2.000000000,0.042094671,0.000000000,0.000000000
CR-C03-003-A0014,CR-C03-003,DS04,cerro_rojo,CAMPAIGN_03,26.000000000,28.000000000,2.000000000,0.041576543,0.000000000,0.000000000
CR-C03-003-A0015,CR-C03-003,DS04,cerro_rojo,CAMPAIGN_03,28.000000000,30.000000000,2.000000000,0.041917230,0.000000000,0.000000000
CR-C03-003-A0016,CR-C03-003,DS04,cerro_rojo,CAMPAIGN_03,30.000000000,32.000000000,2.000000000,0.043022862,0.000000000,0.000000000
CR-C03-003-A0017,CR-C03-003,DS04,cerro_rojo,CAMPAIGN_03,32.000000000,34.000000000,2.000000000,0.044560413,0.000000000,0.000000000
CR-C03-003-A0018,CR-C03-003,DS04,cerro_rojo,CAMPAIGN_03,34.000000000,36.000000000,2.000000000,0.047111329,0.000000000,0.000000000
CR-C03-003-A0019,CR-C03-003,DS04,cerro_rojo,CAMPAIGN_03,36.000000000,38.000000000,2.000000000,0.050807963,0.000000000,0.000000000
CR-C03-003-A0020,CR-C03-003,DS04,cerro_rojo,CAMPAIGN_03,38.000000000,40.000000000,2.000000000,0.051841175,0.000000000,0.000000000
CR-C03-003-A0021,CR-C03-003,DS04,cerro_rojo,CAMPAIGN_03,40.000000000,42.000000000,2.000000000,0.046918103,0.000000000,0.000000000
CR-C03-003-A0022,CR-C03-003,DS04,cerro_rojo,CAMPAIGN_03,42.000000000,44.000000000,2.000000000,0.049948275,0.000000000,0.000000000
CR-C03-003-A0023,CR-C03-003,DS04,cerro_rojo,CAMPAIGN_03,44.000000000,46.000000000,2.000000000,0.046480308,0.000000000,0.000000000
CR-C03-003-A0024,CR-C03-003,DS04,cerro_rojo,CAMPAIGN_03,46.000000000,48.000000000,2.000000000,0.050238346,0.000000000,0.000000000
CR-C03-003-A0025,CR-C03-003,DS04,cerro_rojo,CAMPAIGN_03,48.000000000,50.000000000,2.000000000,0.049014872,0.000000000,0.000000000
CR-C03-003-A0026,CR-C03-003,DS04,cerro_rojo,CAMPAIGN_03,50.000000000,52.000000000,2.000000000,0.052972346,0.000000000,0.000000000
CR-C03-003-A0027,CR-C03-003,DS04,cerro_rojo,CAMPAIGN_03,52.000000000,54.000000000,2.000000000,0.055223606,0.000000000,0.000000000
CR-C03-003-A0028,CR-C03-003,DS04,cerro_rojo,CAMPAIGN_03,54.000000000,56.000000000,2.000000000,0.058666583,0.000000000,0.000000000
CR-C03-003-A0029,CR-C03-003,DS04,cerro_rojo,CAMPAIGN_03,56.000000000,58.000000000,2.000000000,0.056719097,0.000000000,0.000000000
CR-C03-003-A0030,CR-C03-003,DS04,cerro_rojo,CAMPAIGN_03,58.000000000,60.000000000,2.000000000,0.066080023,0.000000000,0.000000000
CR-C03-003-A0031,CR-C03-003,DS04,cerro_rojo,CAMPAIGN_03,60.000000000,62.000000000,2.000000000,0.069318031,0.000000000,0.000000000
CR-C03-003-A0032,CR-C03-003,DS04,cerro_rojo,CAMPAIGN_03,62.000000000,64.000000000,2.000000000,0.064394940,0.000000000,0.000000000
CR-C03-003-A0033,CR-C03-003,DS04,cerro_rojo,CAMPAIGN_03,64.000000000,66.000000000,2.000000000,0.064966611,0.000000000,0.000000000
CR-C03-003-A0034,CR-C03-003,DS04,cerro_rojo,CAMPAIGN_03,66.000000000,68.000000000,2.000000000,0.065786172,0.000000000,0.000000000
CR-C03-003-A0035,CR-C03-003,DS04,cerro_rojo,CAMPAIGN_03,68.000000000,70.000000000,2.000000000,0.058724434,0.000000000,0.000000000
CR-C03-003-A0036,CR-C03-003,DS04,cerro_rojo,CAMPAIGN_03,70.000000000,72.000000000,2.000000000,0.070545587,0.000000000,0.000000000
CR-C03-003-A0037,CR-C03-003,DS04,cerro_rojo,CAMPAIGN_03,72.000000000,74.000000000,2.000000000,0.066254994,0.000000000,0.000000000
CR-C03-003-A0038,CR-C03-003,DS04,cerro_rojo,CAMPAIGN_03,74.000000000,76.000000000,2.000000000,0.076473241,0.000000000,0.000000000
CR-C03-003-A0039,CR-C03-003,DS04,cerro_rojo,CAMPAIGN_03,76.000000000,78.000000000,2.000000000,0.078660018,0.000000000,0.000000000
CR-C03-003-A0040,CR-C03-003,DS04,cerro_rojo,CAMPAIGN_03,78.000000000,80.000000000,2.000000000,0.073906074,0.000000000,0.000000000
CR-C03-003-A0041,CR-C03-003,DS04,cerro_rojo,CAMPAIGN_03,80.000000000,82.000000000,2.000000000,0.078826628,0.000000000,0.000000000
CR-C03-003-A0042,CR-C03-003,DS04,cerro_rojo,CAMPAIGN_03,82.000000000,84.000000000,2.000000000,0.085976702,0.000000000,0.000000000
CR-C03-003-A0043,CR-C03-003,DS04,cerro_rojo,CAMPAIGN_03,84.000000000,86.000000000,2.000000000,0.087925061,0.000000000,0.000000000
CR-C03-003-A0044,CR-C03-003,DS04,cerro_rojo,CAMPAIGN_03,86.000000000,88.000000000,2.000000000,0.089885387,0.000000000,0.000000000
CR-C03-003-A0045,CR-C03-003,DS04,cerro_rojo,CAMPAIGN_03,88.000000000,90.000000000,2.000000000,0.092244705,0.000000000,0.000000000
CR-C03-003-A0046,CR-C03-003,DS04,cerro_rojo,CAMPAIGN_03,90.000000000,92.000000000,2.000000000,0.090807601,0.000000000,0.000000000
CR-C03-003-A0047,CR-C03-003,DS04,cerro_rojo,CAMPAIGN_03,92.000000000,94.000000000,2.000000000,0.096322282,0.000000000,0.000000000
CR-C03-003-A0048,CR-C03-003,DS04,cerro_rojo,CAMPAIGN_03,94.000000000,96.000000000,2.000000000,0.105697696,0.000000000,0.000000000
CR-C03-003-A0049,CR-C03-003,DS04,cerro_rojo,CAMPAIGN_03,96.000000000,98.000000000,2.000000000,0.102174064,0.000000000,0.000000000
CR-C03-003-A0050,CR-C03-003,DS04,cerro_rojo,CAMPAIGN_03,98.000000000,100.000000000,2.000000000,0.103736975,0.000000000,0.000000000
CR-C03-003-A0051,CR-C03-003,DS04,cerro_rojo,CAMPAIGN_03,100.000000000,102.000000000,2.000000000,0.122966809,0.000000000,0.000000000
CR-C03-003-A0052,CR-C03-003,DS04,cerro_rojo,CAMPAIGN_03,102.000000000,104.000000000,2.000000000,0.115831945,0.000000000,0.000000000
CR-C03-003-A0053,CR-C03-003,DS04,cerro_rojo,CAMPAIGN_03,104.000000000,106.000000000,2.000000000,0.122597810,0.000000000,0.000000000
CR-C03-003-A0054,CR-C03-003,DS04,cerro_rojo,CAMPAIGN_03,106.000000000,108.000000000,2.000000000,0.120741164,0.000000000,0.000000000
CR-C03-003-A0055,CR-C03-003,DS04,cerro_rojo,CAMPAIGN_03,108.000000000,110.000000000,2.000000000,0.132317452,0.000000000,0.000000000
CR-C03-003-A0056,CR-C03-003,DS04,cerro_rojo,CAMPAIGN_03,110.000000000,112.000000000,2.000000000,0.124038443,0.000000000,0.000000000
CR-C03-003-A0057,CR-C03-003,DS04,cerro_rojo,CAMPAIGN_03,112.000000000,114.000000000,2.000000000,0.138070831,0.000000000,0.000000000
CR-C03-003-A0058,CR-C03-003,DS04,cerro_rojo,CAMPAIGN_03,114.000000000,116.000000000,2.000000000,0.142597427,0.000000000,0.000000000
CR-C03-003-A0059,CR-C03-003,DS04,cerro_rojo,CAMPAIGN_03,116.000000000,118.000000000,2.000000000,0.138643826,0.000000000,0.000000000
CR-C03-003-A0060,CR-C03-003,DS04,cerro_rojo,CAMPAIGN_03,118.000000000,120.000000000,2.000000000,0.144218007,0.000000000,0.000000000
CR-C03-003-A0061,CR-C03-003,DS04,cerro_rojo,CAMPAIGN_03,120.000000000,122.000000000,2.000000000,0.146117009,0.000000000,0.000000000
CR-C03-003-A0062,CR-C03-003,DS04,cerro_rojo,CAMPAIGN_03,122.000000000,124.000000000,2.000000000,0.146887653,0.000000000,0.000000000
CR-C03-003-A0063,CR-C03-003,DS04,cerro_rojo,CAMPAIGN_03,124.000000000,126.000000000,2.000000000,0.162408607,0.000000000,0.000000000
CR-C03-003-A0064,CR-C03-003,DS04,cerro_rojo,CAMPAIGN_03,126.000000000,128.000000000,2.000000000,0.170818597,0.000000000,0.000000000
CR-C03-003-A0065,CR-C03-003,DS04,cerro_rojo,CAMPAIGN_03,128.000000000,130.000000000,2.000000000,0.172698499,0.000000000,0.000000000
CR-C03-003-A0066,CR-C03-003,DS04,cerro_rojo,CAMPAIGN_03,130.000000000,132.000000000,2.000000000,0.183666294,0.000000000,0.000000000
CR-C03-003-A0067,CR-C03-003,DS04,cerro_rojo,CAMPAIGN_03,132.000000000,134.000000000,2.000000000,0.181768305,0.000000000,0.000000000
CR-C03-003-A0068,CR-C03-003,DS04,cerro_rojo,CAMPAIGN_03,134.000000000,136.000000000,2.000000000,0.180891334,0.000000000,0.000000000
CR-C03-003-A0069,CR-C03-003,DS04,cerro_rojo,CAMPAIGN_03,136.000000000,138.000000000,2.000000000,0.181543808,0.000000000,0.000000000
CR-C03-003-A0070,CR-C03-003,DS04,cerro_rojo,CAMPAIGN_03,138.000000000,140.000000000,2.000000000,0.190323011,0.000000000,0.000000000
CR-C03-003-A0071,CR-C03-003,DS04,cerro_rojo,CAMPAIGN_03,140.000000000,142.000000000,2.000000000,0.185703458,0.000000000,0.000000000
CR-C03-003-A0072,CR-C03-003,DS04,cerro_rojo,CAMPAIGN_03,142.000000000,144.000000000,2.000000000,0.199537784,0.000000000,0.000000000
CR-C03-003-A0073,CR-C03-003,DS04,cerro_rojo,CAMPAIGN_03,144.000000000,146.000000000,2.000000000,0.218185589,0.000000000,0.000000000
CR-C03-003-A0074,CR-C03-003,DS04,cerro_rojo,CAMPAIGN_03,146.000000000,148.000000000,2.000000000,0.208340661,0.000000000,0.000000000
CR-C03-003-A0075,CR-C03-003,DS04,cerro_rojo,CAMPAIGN_03,148.000000000,150.000000000,2.000000000,0.224549615,0.000000000,0.000000000
CR-C03-003-A0076,CR-C03-003,DS04,cerro_rojo,CAMPAIGN_03,150.000000000,152.000000000,2.000000000,0.214330119,0.000000000,0.000000000
CR-C03-003-A0077,CR-C03-003,DS04,cerro_rojo,CAMPAIGN_03,152.000000000,154.000000000,2.000000000,0.243984400,0.000000000,0.000000000
CR-C03-003-A0078,CR-C03-003,DS04,cerro_rojo,CAMPAIGN_03,154.000000000,156.000000000,2.000000000,0.224525039,0.000000000,0.000000000
CR-C03-003-A0079,CR-C03-003,DS04,cerro_rojo,CAMPAIGN_03,156.000000000,158.000000000,2.000000000,0.232485492,0.000000000,0.000000000
CR-C03-003-A0080,CR-C03-003,DS04,cerro_rojo,CAMPAIGN_03,158.000000000,160.000000000,2.000000000,0.253018543,0.000000000,0.000000000
CR-C03-003-A0081,CR-C03-003,DS04,cerro_rojo,CAMPAIGN_03,160.000000000,162.000000000,2.000000000,0.248130921,0.000000000,0.000000000
CR-C03-003-A0082,CR-C03-003,DS04,cerro_rojo,CAMPAIGN_03,162.000000000,164.000000000,2.000000000,0.245015698,0.000000000,0.000000000
CR-C03-003-A0083,CR-C03-003,DS04,cerro_rojo,CAMPAIGN_03,164.000000000,166.000000000,2.000000000,0.281056396,0.000000000,0.000000000
CR-C03-003-A0084,CR-C03-003,DS04,cerro_rojo,CAMPAIGN_03,166.000000000,168.000000000,2.000000000,0.273344949,0.000000000,0.000000000
CR-C03-003-A0085,CR-C03-003,DS04,cerro_rojo,CAMPAIGN_03,168.000000000,170.000000000,2.000000000,0.287118161,0.000000000,0.000000000
CR-C03-003-A0086,CR-C03-003,DS04,cerro_rojo,CAMPAIGN_03,170.000000000,172.000000000,2.000000000,0.265794461,0.000000000,0.000000000
CR-C03-003-A0087,CR-C03-003,DS04,cerro_rojo,CAMPAIGN_03,172.000000000,174.000000000,2.000000000,0.301068733,0.000000000,0.000000000
CR-C03-003-A0088,CR-C03-003,DS04,cerro_rojo,CAMPAIGN_03,174.000000000,176.000000000,2.000000000,0.294088802,0.000000000,0.000000000
CR-C03-003-A0089,CR-C03-003,DS04,cerro_rojo,CAMPAIGN_03,176.000000000,178.000000000,2.000000000,0.302722229,0.000000000,0.000000000
CR-C03-003-A0090,CR-C03-003,DS04,cerro_rojo,CAMPAIGN_03,178.000000000,180.000000000,2.000000000,0.309903106,0.000000000,0.000000000
CR-C03-003-A0091,CR-C03-003,DS04,cerro_rojo,CAMPAIGN_03,180.000000000,182.000000000,2.000000000,0.345885734,0.000000000,0.000000000
CR-C03-003-A0092,CR-C03-003,DS04,cerro_rojo,CAMPAIGN_03,182.000000000,184.000000000,2.000000000,0.309676508,0.000000000,0.000000000
CR-C03-003-A0093,CR-C03-003,DS04,cerro_rojo,CAMPAIGN_03,184.000000000,186.000000000,2.000000000,0.327247880,0.000000000,0.000000000
CR-C03-003-A0094,CR-C03-003,DS04,cerro_rojo,CAMPAIGN_03,186.000000000,188.000000000,2.000000000,0.338464518,0.000000000,0.000000000
CR-C03-003-A0095,CR-C03-003,DS04,cerro_rojo,CAMPAIGN_03,188.000000000,190.000000000,2.000000000,0.389630946,0.000000000,0.000000000
CR-C03-003-A0096,CR-C03-003,DS04,cerro_rojo,CAMPAIGN_03,190.000000000,192.000000000,2.000000000,0.334084057,0.000000000,0.000000000
CR-C03-003-A0097,CR-C03-003,DS04,cerro_rojo,CAMPAIGN_03,192.000000000,194.000000000,2.000000000,0.358115675,0.000000000,0.000000000
CR-C03-003-A0098,CR-C03-003,DS04,cerro_rojo,CAMPAIGN_03,194.000000000,196.000000000,2.000000000,0.398843590,0.000000000,0.000000000
CR-C03-003-A0099,CR-C03-003,DS04,cerro_rojo,CAMPAIGN_03,196.000000000,198.000000000,2.000000000,0.356276900,0.000000000,0.000000000
CR-C03-003-A0100,CR-C03-003,DS04,cerro_rojo,CAMPAIGN_03,198.000000000,200.000000000,2.000000000,0.354676433,0.000000000,0.000000000
CR-C03-003-A0101,CR-C03-003,DS04,cerro_rojo,CAMPAIGN_03,200.000000000,202.000000000,2.000000000,0.399059153,0.000000000,0.000000000
CR-C03-003-A0102,CR-C03-003,DS04,cerro_rojo,CAMPAIGN_03,202.000000000,204.000000000,2.000000000,0.393324777,0.000000000,0.000000000
CR-C03-003-A0103,CR-C03-003,DS04,cerro_rojo,CAMPAIGN_03,204.000000000,206.000000000,2.000000000,0.431609905,0.000000000,0.000000000
CR-C03-003-A0104,CR-C03-003,DS04,cerro_rojo,CAMPAIGN_03,206.000000000,208.000000000,2.000000000,0.427215600,0.000000000,0.000000000
CR-C03-003-A0105,CR-C03-003,DS04,cerro_rojo,CAMPAIGN_03,208.000000000,210.000000000,2.000000000,0.425069877,0.000000000,0.000000000
CR-C03-003-A0106,CR-C03-003,DS04,cerro_rojo,CAMPAIGN_03,210.000000000,212.000000000,2.000000000,0.432971714,0.000000000,0.000000000
CR-C03-003-A0107,CR-C03-003,DS04,cerro_rojo,CAMPAIGN_03,212.000000000,214.000000000,2.000000000,0.445498754,0.000000000,0.000000000
CR-C03-003-A0108,CR-C03-003,DS04,cerro_rojo,CAMPAIGN_03,214.000000000,216.000000000,2.000000000,0.448788137,0.000000000,0.000000000
CR-C03-003-A0109,CR-C03-003,DS04,cerro_rojo,CAMPAIGN_03,216.000000000,218.000000000,2.000000000,0.429584618,0.000000000,0.000000000
CR-C03-003-A0110,CR-C03-003,DS04,cerro_rojo,CAMPAIGN_03,218.000000000,220.000000000,2.000000000,0.440945338,0.000000000,0.000000000
CR-C03-003-A0111,CR-C03-003,DS04,cerro_rojo,CAMPAIGN_03,220.000000000,222.000000000,2.000000000,0.448944262,0.000000000,0.000000000
CR-C03-003-A0112,CR-C03-003,DS04,cerro_rojo,CAMPAIGN_03,222.000000000,224.000000000,2.000000000,0.445090923,0.000000000,0.000000000
CR-C03-003-A0113,CR-C03-003,DS04,cerro_rojo,CAMPAIGN_03,224.000000000,226.000000000,2.000000000,0.489290991,0.000000000,0.000000000
CR-C03-003-A0114,CR-C03-003,DS04,cerro_rojo,CAMPAIGN_03,226.000000000,228.000000000,2.000000000,0.467850037,0.000000000,0.000000000
CR-C03-003-A0115,CR-C03-003,DS04,cerro_rojo,CAMPAIGN_03,228.000000000,230.000000000,2.000000000,0.462766221,0.000000000,0.000000000
CR-C03-003-A0116,CR-C03-003,DS04,cerro_rojo,CAMPAIGN_03,230.000000000,232.000000000,2.000000000,0.517576574,0.000000000,0.000000000
CR-C03-003-A0117,CR-C03-003,DS04,cerro_rojo,CAMPAIGN_03,232.000000000,234.000000000,2.000000000,0.511845432,0.000000000,0.000000000
CR-C03-003-A0118,CR-C03-003,DS04,cerro_rojo,CAMPAIGN_03,234.000000000,236.000000000,2.000000000,0.482670252,0.000000000,0.000000000
CR-C03-003-A0119,CR-C03-003,DS04,cerro_rojo,CAMPAIGN_03,236.000000000,238.000000000,2.000000000,0.515815403,0.000000000,0.000000000
CR-C03-003-A0120,CR-C03-003,DS04,cerro_rojo,CAMPAIGN_03,238.000000000,240.000000000,2.000000000,0.525532851,0.000000000,0.000000000
CR-C03-003-A0121,CR-C03-003,DS04,cerro_rojo,CAMPAIGN_03,240.000000000,242.000000000,2.000000000,0.521071818,0.000000000,0.000000000
CR-C03-003-A0122,CR-C03-003,DS04,cerro_rojo,CAMPAIGN_03,242.000000000,244.000000000,2.000000000,0.535810617,0.000000000,0.000000000
CR-C03-003-A0123,CR-C03-003,DS04,cerro_rojo,CAMPAIGN_03,244.000000000,246.000000000,2.000000000,0.569465522,0.000000000,0.000000000
CR-C03-003-A0124,CR-C03-003,DS04,cerro_rojo,CAMPAIGN_03,246.000000000,248.000000000,2.000000000,0.548692456,0.000000000,0.000000000
CR-C03-003-A0125,CR-C03-003,DS04,cerro_rojo,CAMPAIGN_03,248.000000000,250.000000000,2.000000000,0.535220889,0.000000000,0.000000000
CR-C03-003-A0126,CR-C03-003,DS04,cerro_rojo,CAMPAIGN_03,250.000000000,252.000000000,2.000000000,0.558412561,0.000000000,0.000000000
CR-C03-003-A0127,CR-C03-003,DS04,cerro_rojo,CAMPAIGN_03,252.000000000,254.000000000,2.000000000,0.539109104,0.000000000,0.000000000
CR-C03-003-A0128,CR-C03-003,DS04,cerro_rojo,CAMPAIGN_03,254.000000000,256.000000000,2.000000000,0.576813337,0.000000000,0.000000000
CR-C03-003-A0129,CR-C03-003,DS04,cerro_rojo,CAMPAIGN_03,256.000000000,258.000000000,2.000000000,0.575712622,0.000000000,0.000000000
CR-C03-003-A0130,CR-C03-003,DS04,cerro_rojo,CAMPAIGN_03,258.000000000,260.000000000,2.000000000,0.567485308,0.000000000,0.000000000
CR-C03-003-A0131,CR-C03-003,DS04,cerro_rojo,CAMPAIGN_03,260.000000000,262.000000000,2.000000000,0.602514831,0.000000000,0.000000000
CR-C03-003-A0132,CR-C03-003,DS04,cerro_rojo,CAMPAIGN_03,262.000000000,264.000000000,2.000000000,0.563275119,0.000000000,0.000000000
CR-C03-003-A0133,CR-C03-003,DS04,cerro_rojo,CAMPAIGN_03,264.000000000,266.000000000,2.000000000,0.538604897,0.000000000,0.000000000
CR-C03-003-A0134,CR-C03-003,DS04,cerro_rojo,CAMPAIGN_03,266.000000000,268.000000000,2.000000000,0.557296030,0.000000000,0.000000000
CR-C03-003-A0135,CR-C03-003,DS04,cerro_rojo,CAMPAIGN_03,268.000000000,270.000000000,2.000000000,0.556091545,0.000000000,0.000000000
CR-C03-003-A0136,CR-C03-003,DS04,cerro_rojo,CAMPAIGN_03,270.000000000,272.000000000,2.000000000,0.584433335,0.000000000,0.000000000
CR-C03-003-A0137,CR-C03-003,DS04,cerro_rojo,CAMPAIGN_03,272.000000000,274.000000000,2.000000000,0.575117379,0.000000000,0.000000000
CR-C03-003-A0138,CR-C03-003,DS04,cerro_rojo,CAMPAIGN_03,274.000000000,276.000000000,2.000000000,0.591198021,0.000000000,0.000000000
CR-C03-003-A0139,CR-C03-003,DS04,cerro_rojo,CAMPAIGN_03,276.000000000,278.000000000,2.000000000,0.578799434,0.000000000,0.000000000
CR-C03-003-A0140,CR-C03-003,DS04,cerro_rojo,CAMPAIGN_03,278.000000000,280.000000000,2.000000000,0.633989811,0.000000000,0.000000000
CR-C03-003-A0141,CR-C03-003,DS04,cerro_rojo,CAMPAIGN_03,280.000000000,282.000000000,2.000000000,0.610287295,0.000000000,0.000000000
CR-C03-003-A0142,CR-C03-003,DS04,cerro_rojo,CAMPAIGN_03,282.000000000,284.000000000,2.000000000,0.594373305,0.000000000,0.000000000
CR-C03-003-A0143,CR-C03-003,DS04,cerro_rojo,CAMPAIGN_03,284.000000000,286.000000000,2.000000000,0.596072839,0.000000000,0.000000000
CR-C03-003-A0144,CR-C03-003,DS04,cerro_rojo,CAMPAIGN_03,286.000000000,288.000000000,2.000000000,0.618017237,0.000000000,0.000000000
CR-C03-003-A0145,CR-C03-003,DS04,cerro_rojo,CAMPAIGN_03,288.000000000,290.000000000,2.000000000,0.621795811,0.000000000,0.000000000
CR-C03-003-A0146,CR-C03-003,DS04,cerro_rojo,CAMPAIGN_03,290.000000000,292.000000000,2.000000000,0.652355237,0.000000000,0.000000000
CR-C03-003-A0147,CR-C03-003,DS04,cerro_rojo,CAMPAIGN_03,292.000000000,294.000000000,2.000000000,0.648799981,0.000000000,0.000000000
CR-C03-003-A0148,CR-C03-003,DS04,cerro_rojo,CAMPAIGN_03,294.000000000,296.000000000,2.000000000,0.602509981,0.000000000,0.000000000
CR-C03-003-A0149,CR-C03-003,DS04,cerro_rojo,CAMPAIGN_03,296.000000000,298.000000000,2.000000000,0.623964959,0.000000000,0.000000000
CR-C03-003-A0150,CR-C03-003,DS04,cerro_rojo,CAMPAIGN_03,298.000000000,300.000000000,2.000000000,0.632794723,0.000000000,0.000000000
CR-C03-003-A0151,CR-C03-003,DS04,cerro_rojo,CAMPAIGN_03,300.000000000,302.000000000,2.000000000,0.583142520,0.000000000,0.000000000
CR-C03-003-A0152,CR-C03-003,DS04,cerro_rojo,CAMPAIGN_03,302.000000000,304.000000000,2.000000000,0.588257375,0.000000000,0.000000000
CR-C03-003-A0153,CR-C03-003,DS04,cerro_rojo,CAMPAIGN_03,304.000000000,306.000000000,2.000000000,0.594528093,0.000000000,0.000000000
CR-C03-003-A0154,CR-C03-003,DS04,cerro_rojo,CAMPAIGN_03,306.000000000,308.000000000,2.000000000,0.618197977,0.000000000,0.000000000
CR-C03-003-A0155,CR-C03-003,DS04,cerro_rojo,CAMPAIGN_03,308.000000000,310.000000000,2.000000000,0.644951494,0.000000000,0.000000000
CR-C03-003-A0156,CR-C03-003,DS04,cerro_rojo,CAMPAIGN_03,310.000000000,312.000000000,2.000000000,0.631696636,0.000000000,0.000000000
CR-C03-003-A0157,CR-C03-003,DS04,cerro_rojo,CAMPAIGN_03,312.000000000,314.000000000,2.000000000,0.668914498,0.000000000,0.000000000
CR-C03-003-A0158,CR-C03-003,DS04,cerro_rojo,CAMPAIGN_03,314.000000000,316.000000000,2.000000000,0.613917876,0.000000000,0.000000000
CR-C03-003-A0159,CR-C03-003,DS04,cerro_rojo,CAMPAIGN_03,316.000000000,318.000000000,2.000000000,0.639921137,0.000000000,0.000000000
CR-C03-003-A0160,CR-C03-003,DS04,cerro_rojo,CAMPAIGN_03,318.000000000,320.000000000,2.000000000,0.609651080,0.000000000,0.000000000
CR-C03-003-A0161,CR-C03-003,DS04,cerro_rojo,CAMPAIGN_03,320.000000000,322.000000000,2.000000000,0.607641293,0.000000000,0.000000000
CR-C03-003-A0162,CR-C03-003,DS04,cerro_rojo,CAMPAIGN_03,322.000000000,324.000000000,2.000000000,0.617652830,0.000000000,0.000000000
CR-C03-003-A0163,CR-C03-003,DS04,cerro_rojo,CAMPAIGN_03,324.000000000,326.000000000,2.000000000,0.609086926,0.000000000,0.000000000
CR-C03-003-A0164,CR-C03-003,DS04,cerro_rojo,CAMPAIGN_03,326.000000000,328.000000000,2.000000000,0.668141113,0.000000000,0.000000000
CR-C03-003-A0165,CR-C03-003,DS04,cerro_rojo,CAMPAIGN_03,328.000000000,330.000000000,2.000000000,0.596478411,0.000000000,0.000000000
CR-C03-003-A0166,CR-C03-003,DS04,cerro_rojo,CAMPAIGN_03,330.000000000,332.000000000,2.000000000,0.701686298,0.000000000,0.000000000
CR-C03-003-A0167,CR-C03-003,DS04,cerro_rojo,CAMPAIGN_03,332.000000000,334.000000000,2.000000000,0.638924291,0.000000000,0.000000000
CR-C03-003-A0168,CR-C03-003,DS04,cerro_rojo,CAMPAIGN_03,334.000000000,336.000000000,2.000000000,0.598716708,0.000000000,0.000000000
CR-C03-003-A0169,CR-C03-003,DS04,cerro_rojo,CAMPAIGN_03,336.000000000,338.000000000,2.000000000,0.658596646,0.000000000,0.000000000
CR-C03-003-A0170,CR-C03-003,DS04,cerro_rojo,CAMPAIGN_03,338.000000000,340.000000000,2.000000000,0.630683166,0.000000000,0.000000000
CR-C03-003-A0171,CR-C03-003,DS04,cerro_rojo,CAMPAIGN_03,340.000000000,342.000000000,2.000000000,0.717272111,0.000000000,0.000000000
CR-C03-003-A0172,CR-C03-003,DS04,cerro_rojo,CAMPAIGN_03,342.000000000,344.000000000,2.000000000,0.674160197,0.000000000,0.000000000
CR-C03-003-A0173,CR-C03-003,DS04,cerro_rojo,CAMPAIGN_03,344.000000000,346.000000000,2.000000000,0.654899912,0.000000000,0.000000000
CR-C03-003-A0174,CR-C03-003,DS04,cerro_rojo,CAMPAIGN_03,346.000000000,348.000000000,2.000000000,0.689362556,0.000000000,0.000000000
CR-C03-003-A0175,CR-C03-003,DS04,cerro_rojo,CAMPAIGN_03,348.000000000,350.000000000,2.000000000,0.690737783,0.000000000,0.000000000
CR-C03-003-A0176,CR-C03-003,DS04,cerro_rojo,CAMPAIGN_03,350.000000000,352.000000000,2.000000000,0.736624964,0.000000000,0.000000000
CR-C03-003-A0177,CR-C03-003,DS04,cerro_rojo,CAMPAIGN_03,352.000000000,354.000000000,2.000000000,0.702760201,0.000000000,0.000000000
CR-C03-003-A0178,CR-C03-003,DS04,cerro_rojo,CAMPAIGN_03,354.000000000,356.000000000,2.000000000,0.753328027,0.000000000,0.000000000
CR-C03-003-A0179,CR-C03-003,DS04,cerro_rojo,CAMPAIGN_03,356.000000000,358.000000000,2.000000000,0.716313470,0.000000000,0.000000000
CR-C03-003-A0180,CR-C03-003,DS04,cerro_rojo,CAMPAIGN_03,358.000000000,360.000000000,2.000000000,0.677058239,0.000000000,0.000000000
CR-C03-003-A0181,CR-C03-003,DS04,cerro_rojo,CAMPAIGN_03,360.000000000,362.000000000,2.000000000,0.658440964,0.000000000,0.000000000
CR-C03-003-A0182,CR-C03-003,DS04,cerro_rojo,CAMPAIGN_03,362.000000000,364.000000000,2.000000000,0.699844015,0.000000000,0.000000000
CR-C03-003-A0183,CR-C03-003,DS04,cerro_rojo,CAMPAIGN_03,364.000000000,366.000000000,2.000000000,0.662126815,0.000000000,0.000000000
CR-C03-003-A0184,CR-C03-003,DS04,cerro_rojo,CAMPAIGN_03,366.000000000,368.000000000,2.000000000,0.686517372,0.000000000,0.000000000
CR-C03-003-A0185,CR-C03-003,DS04,cerro_rojo,CAMPAIGN_03,368.000000000,370.000000000,2.000000000,0.722927824,0.000000000,0.000000000
CR-C03-003-A0186,CR-C03-003,DS04,cerro_rojo,CAMPAIGN_03,370.000000000,372.000000000,2.000000000,0.657551240,0.000000000,0.000000000
CR-C03-003-A0187,CR-C03-003,DS04,cerro_rojo,CAMPAIGN_03,372.000000000,374.000000000,2.000000000,0.670815855,0.000000000,0.000000000
CR-C03-003-A0188,CR-C03-003,DS04,cerro_rojo,CAMPAIGN_03,374.000000000,376.000000000,2.000000000,0.679449897,0.000000000,0.000000000
CR-C03-003-A0189,CR-C03-003,DS04,cerro_rojo,CAMPAIGN_03,376.000000000,378.000000000,2.000000000,0.710417449,0.000000000,0.000000000
CR-C03-003-A0190,CR-C03-003,DS04,cerro_rojo,CAMPAIGN_03,378.000000000,380.000000000,2.000000000,0.703460817,0.000000000,0.000000000
CR-C03-003-A0191,CR-C03-003,DS04,cerro_rojo,CAMPAIGN_03,380.000000000,382.000000000,2.000000000,0.677386841,0.000000000,0.000000000
CR-C03-003-A0192,CR-C03-003,DS04,cerro_rojo,CAMPAIGN_03,382.000000000,384.000000000,2.000000000,0.649417590,0.000000000,0.000000000
CR-C03-003-A0193,CR-C03-003,DS04,cerro_rojo,CAMPAIGN_03,384.000000000,386.000000000,2.000000000,0.695456324,0.000000000,0.000000000
CR-C03-003-A0194,CR-C03-003,DS04,cerro_rojo,CAMPAIGN_03,386.000000000,388.000000000,2.000000000,0.657075431,0.000000000,0.000000000
CR-C03-003-A0195,CR-C03-003,DS04,cerro_rojo,CAMPAIGN_03,388.000000000,390.000000000,2.000000000,0.660743970,0.000000000,0.000000000
CR-C03-003-A0196,CR-C03-003,DS04,cerro_rojo,CAMPAIGN_03,390.000000000,392.000000000,2.000000000,0.666957766,0.000000000,0.000000000
CR-C03-003-A0197,CR-C03-003,DS04,cerro_rojo,CAMPAIGN_03,392.000000000,394.000000000,2.000000000,0.659804925,0.000000000,0.000000000
CR-C03-003-A0198,CR-C03-003,DS04,cerro_rojo,CAMPAIGN_03,394.000000000,395.110039845,1.110039845,0.673047383,0.000000000,0.000000000
CR-C03-004-A0001,CR-C03-004,DS04,cerro_rojo,CAMPAIGN_03,0.000000000,2.000000000,2.000000000,0.054087219,0.000000000,0.000000000
CR-C03-004-A0002,CR-C03-004,DS04,cerro_rojo,CAMPAIGN_03,2.000000000,4.000000000,2.000000000,0.059134534,0.000000000,0.000000000
CR-C03-004-A0003,CR-C03-004,DS04,cerro_rojo,CAMPAIGN_03,4.000000000,6.000000000,2.000000000,0.061681742,0.000000000,0.000000000
CR-C03-004-A0004,CR-C03-004,DS04,cerro_rojo,CAMPAIGN_03,6.000000000,8.000000000,2.000000000,0.069350751,0.000000000,0.000000000
CR-C03-004-A0005,CR-C03-004,DS04,cerro_rojo,CAMPAIGN_03,8.000000000,10.000000000,2.000000000,0.059030413,0.000000000,0.000000000
CR-C03-004-A0006,CR-C03-004,DS04,cerro_rojo,CAMPAIGN_03,10.000000000,12.000000000,2.000000000,0.060613906,0.000000000,0.000000000
CR-C03-004-A0007,CR-C03-004,DS04,cerro_rojo,CAMPAIGN_03,12.000000000,14.000000000,2.000000000,0.066323591,0.000000000,0.000000000
CR-C03-004-A0008,CR-C03-004,DS04,cerro_rojo,CAMPAIGN_03,14.000000000,16.000000000,2.000000000,0.069716459,0.000000000,0.000000000
CR-C03-004-A0009,CR-C03-004,DS04,cerro_rojo,CAMPAIGN_03,16.000000000,18.000000000,2.000000000,0.072553620,0.000000000,0.000000000
CR-C03-004-A0010,CR-C03-004,DS04,cerro_rojo,CAMPAIGN_03,18.000000000,20.000000000,2.000000000,0.072351765,0.000000000,0.000000000
CR-C03-004-A0011,CR-C03-004,DS04,cerro_rojo,CAMPAIGN_03,20.000000000,22.000000000,2.000000000,0.074996748,0.000000000,0.000000000
CR-C03-004-A0012,CR-C03-004,DS04,cerro_rojo,CAMPAIGN_03,22.000000000,24.000000000,2.000000000,0.080358531,0.000000000,0.000000000
CR-C03-004-A0013,CR-C03-004,DS04,cerro_rojo,CAMPAIGN_03,24.000000000,26.000000000,2.000000000,0.077946867,0.000000000,0.000000000
CR-C03-004-A0014,CR-C03-004,DS04,cerro_rojo,CAMPAIGN_03,26.000000000,28.000000000,2.000000000,0.076516562,0.000000000,0.000000000
CR-C03-004-A0015,CR-C03-004,DS04,cerro_rojo,CAMPAIGN_03,28.000000000,30.000000000,2.000000000,0.088111817,0.000000000,0.000000000
CR-C03-004-A0016,CR-C03-004,DS04,cerro_rojo,CAMPAIGN_03,30.000000000,32.000000000,2.000000000,0.087132329,0.000000000,0.000000000
CR-C03-004-A0017,CR-C03-004,DS04,cerro_rojo,CAMPAIGN_03,32.000000000,34.000000000,2.000000000,0.097456939,0.000000000,0.000000000
CR-C03-004-A0018,CR-C03-004,DS04,cerro_rojo,CAMPAIGN_03,34.000000000,36.000000000,2.000000000,0.092556323,0.000000000,0.000000000
CR-C03-004-A0019,CR-C03-004,DS04,cerro_rojo,CAMPAIGN_03,36.000000000,38.000000000,2.000000000,0.095208525,0.000000000,0.000000000
CR-C03-004-A0020,CR-C03-004,DS04,cerro_rojo,CAMPAIGN_03,38.000000000,40.000000000,2.000000000,0.099176611,0.000000000,0.000000000
CR-C03-004-A0021,CR-C03-004,DS04,cerro_rojo,CAMPAIGN_03,40.000000000,42.000000000,2.000000000,0.104321068,0.000000000,0.000000000
CR-C03-004-A0022,CR-C03-004,DS04,cerro_rojo,CAMPAIGN_03,42.000000000,44.000000000,2.000000000,0.099527444,0.000000000,0.000000000
CR-C03-004-A0023,CR-C03-004,DS04,cerro_rojo,CAMPAIGN_03,44.000000000,46.000000000,2.000000000,0.116112591,0.000000000,0.000000000
CR-C03-004-A0024,CR-C03-004,DS04,cerro_rojo,CAMPAIGN_03,46.000000000,48.000000000,2.000000000,0.109703909,0.000000000,0.000000000
CR-C03-004-A0025,CR-C03-004,DS04,cerro_rojo,CAMPAIGN_03,48.000000000,50.000000000,2.000000000,0.112926778,0.000000000,0.000000000
CR-C03-004-A0026,CR-C03-004,DS04,cerro_rojo,CAMPAIGN_03,50.000000000,52.000000000,2.000000000,0.114029718,0.000000000,0.000000000
CR-C03-004-A0027,CR-C03-004,DS04,cerro_rojo,CAMPAIGN_03,52.000000000,54.000000000,2.000000000,0.123852695,0.000000000,0.000000000
CR-C03-004-A0028,CR-C03-004,DS04,cerro_rojo,CAMPAIGN_03,54.000000000,56.000000000,2.000000000,0.118370614,0.000000000,0.000000000
CR-C03-004-A0029,CR-C03-004,DS04,cerro_rojo,CAMPAIGN_03,56.000000000,58.000000000,2.000000000,0.124521638,0.000000000,0.000000000
CR-C03-004-A0030,CR-C03-004,DS04,cerro_rojo,CAMPAIGN_03,58.000000000,60.000000000,2.000000000,0.136143652,0.000000000,0.000000000
CR-C03-004-A0031,CR-C03-004,DS04,cerro_rojo,CAMPAIGN_03,60.000000000,62.000000000,2.000000000,0.141659228,0.000000000,0.000000000
CR-C03-004-A0032,CR-C03-004,DS04,cerro_rojo,CAMPAIGN_03,62.000000000,64.000000000,2.000000000,0.138198534,0.000000000,0.000000000
CR-C03-004-A0033,CR-C03-004,DS04,cerro_rojo,CAMPAIGN_03,64.000000000,66.000000000,2.000000000,0.149394250,0.000000000,0.000000000
CR-C03-004-A0034,CR-C03-004,DS04,cerro_rojo,CAMPAIGN_03,66.000000000,68.000000000,2.000000000,0.136630386,0.000000000,0.000000000
CR-C03-004-A0035,CR-C03-004,DS04,cerro_rojo,CAMPAIGN_03,68.000000000,70.000000000,2.000000000,0.147494522,0.000000000,0.000000000
CR-C03-004-A0036,CR-C03-004,DS04,cerro_rojo,CAMPAIGN_03,70.000000000,72.000000000,2.000000000,0.151488915,0.000000000,0.000000000
CR-C03-004-A0037,CR-C03-004,DS04,cerro_rojo,CAMPAIGN_03,72.000000000,74.000000000,2.000000000,0.155523801,0.000000000,0.000000000
CR-C03-004-A0038,CR-C03-004,DS04,cerro_rojo,CAMPAIGN_03,74.000000000,76.000000000,2.000000000,0.161591831,0.000000000,0.000000000
CR-C03-004-A0039,CR-C03-004,DS04,cerro_rojo,CAMPAIGN_03,76.000000000,78.000000000,2.000000000,0.168356825,0.000000000,0.000000000
CR-C03-004-A0040,CR-C03-004,DS04,cerro_rojo,CAMPAIGN_03,78.000000000,80.000000000,2.000000000,0.169594066,0.000000000,0.000000000
CR-C03-004-A0041,CR-C03-004,DS04,cerro_rojo,CAMPAIGN_03,80.000000000,82.000000000,2.000000000,0.168842271,0.000000000,0.000000000
CR-C03-004-A0042,CR-C03-004,DS04,cerro_rojo,CAMPAIGN_03,82.000000000,84.000000000,2.000000000,0.189481436,0.000000000,0.000000000
CR-C03-004-A0043,CR-C03-004,DS04,cerro_rojo,CAMPAIGN_03,84.000000000,86.000000000,2.000000000,0.187257113,0.000000000,0.000000000
CR-C03-004-A0044,CR-C03-004,DS04,cerro_rojo,CAMPAIGN_03,86.000000000,88.000000000,2.000000000,0.192019968,0.000000000,0.000000000
CR-C03-004-A0045,CR-C03-004,DS04,cerro_rojo,CAMPAIGN_03,88.000000000,90.000000000,2.000000000,0.193110099,0.000000000,0.000000000
CR-C03-004-A0046,CR-C03-004,DS04,cerro_rojo,CAMPAIGN_03,90.000000000,92.000000000,2.000000000,0.207845859,0.000000000,0.000000000
CR-C03-004-A0047,CR-C03-004,DS04,cerro_rojo,CAMPAIGN_03,92.000000000,94.000000000,2.000000000,0.193853358,0.000000000,0.000000000
CR-C03-004-A0048,CR-C03-004,DS04,cerro_rojo,CAMPAIGN_03,94.000000000,96.000000000,2.000000000,0.225126306,0.000000000,0.000000000
CR-C03-004-A0049,CR-C03-004,DS04,cerro_rojo,CAMPAIGN_03,96.000000000,98.000000000,2.000000000,0.197379870,0.000000000,0.000000000
CR-C03-004-A0050,CR-C03-004,DS04,cerro_rojo,CAMPAIGN_03,98.000000000,100.000000000,2.000000000,0.214035077,0.000000000,0.000000000
CR-C03-004-A0051,CR-C03-004,DS04,cerro_rojo,CAMPAIGN_03,100.000000000,102.000000000,2.000000000,0.225459787,0.000000000,0.000000000
CR-C03-004-A0052,CR-C03-004,DS04,cerro_rojo,CAMPAIGN_03,102.000000000,104.000000000,2.000000000,0.226004954,0.000000000,0.000000000
CR-C03-004-A0053,CR-C03-004,DS04,cerro_rojo,CAMPAIGN_03,104.000000000,106.000000000,2.000000000,0.249191687,0.000000000,0.000000000
CR-C03-004-A0054,CR-C03-004,DS04,cerro_rojo,CAMPAIGN_03,106.000000000,108.000000000,2.000000000,0.241451644,0.000000000,0.000000000
CR-C03-004-A0055,CR-C03-004,DS04,cerro_rojo,CAMPAIGN_03,108.000000000,110.000000000,2.000000000,0.250768143,0.000000000,0.000000000
CR-C03-004-A0056,CR-C03-004,DS04,cerro_rojo,CAMPAIGN_03,110.000000000,112.000000000,2.000000000,0.236467990,0.000000000,0.000000000
CR-C03-004-A0057,CR-C03-004,DS04,cerro_rojo,CAMPAIGN_03,112.000000000,114.000000000,2.000000000,0.249116163,0.000000000,0.000000000
CR-C03-004-A0058,CR-C03-004,DS04,cerro_rojo,CAMPAIGN_03,114.000000000,116.000000000,2.000000000,0.240155656,0.000000000,0.000000000
CR-C03-004-A0059,CR-C03-004,DS04,cerro_rojo,CAMPAIGN_03,116.000000000,118.000000000,2.000000000,0.281820055,0.000000000,0.000000000
CR-C03-004-A0060,CR-C03-004,DS04,cerro_rojo,CAMPAIGN_03,118.000000000,120.000000000,2.000000000,0.245664837,0.000000000,0.000000000
CR-C03-004-A0061,CR-C03-004,DS04,cerro_rojo,CAMPAIGN_03,120.000000000,122.000000000,2.000000000,0.252498823,0.000000000,0.000000000
CR-C03-004-A0062,CR-C03-004,DS04,cerro_rojo,CAMPAIGN_03,122.000000000,124.000000000,2.000000000,0.288229755,0.000000000,0.000000000
CR-C03-004-A0063,CR-C03-004,DS04,cerro_rojo,CAMPAIGN_03,124.000000000,126.000000000,2.000000000,0.298503772,0.000000000,0.000000000
CR-C03-004-A0064,CR-C03-004,DS04,cerro_rojo,CAMPAIGN_03,126.000000000,128.000000000,2.000000000,0.287907586,0.000000000,0.000000000
CR-C03-004-A0065,CR-C03-004,DS04,cerro_rojo,CAMPAIGN_03,128.000000000,130.000000000,2.000000000,0.285811605,0.000000000,0.000000000
CR-C03-004-A0066,CR-C03-004,DS04,cerro_rojo,CAMPAIGN_03,130.000000000,132.000000000,2.000000000,0.296643040,0.000000000,0.000000000
CR-C03-004-A0067,CR-C03-004,DS04,cerro_rojo,CAMPAIGN_03,132.000000000,134.000000000,2.000000000,0.293646260,0.000000000,0.000000000
CR-C03-004-A0068,CR-C03-004,DS04,cerro_rojo,CAMPAIGN_03,134.000000000,136.000000000,2.000000000,0.319327847,0.000000000,0.000000000
CR-C03-004-A0069,CR-C03-004,DS04,cerro_rojo,CAMPAIGN_03,136.000000000,138.000000000,2.000000000,0.340851423,0.000000000,0.000000000
CR-C03-004-A0070,CR-C03-004,DS04,cerro_rojo,CAMPAIGN_03,138.000000000,140.000000000,2.000000000,0.291122651,0.000000000,0.000000000
CR-C03-004-A0071,CR-C03-004,DS04,cerro_rojo,CAMPAIGN_03,140.000000000,142.000000000,2.000000000,0.323397961,0.000000000,0.000000000
CR-C03-004-A0072,CR-C03-004,DS04,cerro_rojo,CAMPAIGN_03,142.000000000,144.000000000,2.000000000,0.336013579,0.000000000,0.000000000
CR-C03-004-A0073,CR-C03-004,DS04,cerro_rojo,CAMPAIGN_03,144.000000000,146.000000000,2.000000000,0.351474759,0.000000000,0.000000000
CR-C03-004-A0074,CR-C03-004,DS04,cerro_rojo,CAMPAIGN_03,146.000000000,148.000000000,2.000000000,0.348661702,0.000000000,0.000000000
CR-C03-004-A0075,CR-C03-004,DS04,cerro_rojo,CAMPAIGN_03,148.000000000,150.000000000,2.000000000,0.330986542,0.000000000,0.000000000
CR-C03-004-A0076,CR-C03-004,DS04,cerro_rojo,CAMPAIGN_03,150.000000000,152.000000000,2.000000000,0.364369251,0.000000000,0.000000000
CR-C03-004-A0077,CR-C03-004,DS04,cerro_rojo,CAMPAIGN_03,152.000000000,154.000000000,2.000000000,0.357234426,0.000000000,0.000000000
CR-C03-004-A0078,CR-C03-004,DS04,cerro_rojo,CAMPAIGN_03,154.000000000,156.000000000,2.000000000,0.364068035,0.000000000,0.000000000
CR-C03-004-A0079,CR-C03-004,DS04,cerro_rojo,CAMPAIGN_03,156.000000000,158.000000000,2.000000000,0.379521361,0.000000000,0.000000000
CR-C03-004-A0080,CR-C03-004,DS04,cerro_rojo,CAMPAIGN_03,158.000000000,160.000000000,2.000000000,0.374613399,0.000000000,0.000000000
CR-C03-004-A0081,CR-C03-004,DS04,cerro_rojo,CAMPAIGN_03,160.000000000,162.000000000,2.000000000,0.403404485,0.000000000,0.000000000
CR-C03-004-A0082,CR-C03-004,DS04,cerro_rojo,CAMPAIGN_03,162.000000000,164.000000000,2.000000000,0.377071230,0.000000000,0.000000000
CR-C03-004-A0083,CR-C03-004,DS04,cerro_rojo,CAMPAIGN_03,164.000000000,166.000000000,2.000000000,0.431291096,0.000000000,0.000000000
CR-C03-004-A0084,CR-C03-004,DS04,cerro_rojo,CAMPAIGN_03,166.000000000,168.000000000,2.000000000,0.414028079,0.000000000,0.000000000
CR-C03-004-A0085,CR-C03-004,DS04,cerro_rojo,CAMPAIGN_03,168.000000000,170.000000000,2.000000000,0.440999954,0.000000000,0.000000000
CR-C03-004-A0086,CR-C03-004,DS04,cerro_rojo,CAMPAIGN_03,170.000000000,172.000000000,2.000000000,0.413789367,0.000000000,0.000000000
CR-C03-004-A0087,CR-C03-004,DS04,cerro_rojo,CAMPAIGN_03,172.000000000,174.000000000,2.000000000,0.432401722,0.000000000,0.000000000
CR-C03-004-A0088,CR-C03-004,DS04,cerro_rojo,CAMPAIGN_03,174.000000000,176.000000000,2.000000000,0.419786148,0.000000000,0.000000000
CR-C03-004-A0089,CR-C03-004,DS04,cerro_rojo,CAMPAIGN_03,176.000000000,178.000000000,2.000000000,0.410588035,0.000000000,0.000000000
CR-C03-004-A0090,CR-C03-004,DS04,cerro_rojo,CAMPAIGN_03,178.000000000,180.000000000,2.000000000,0.416686677,0.000000000,0.000000000
CR-C03-004-A0091,CR-C03-004,DS04,cerro_rojo,CAMPAIGN_03,180.000000000,182.000000000,2.000000000,0.441420072,0.000000000,0.000000000
CR-C03-004-A0092,CR-C03-004,DS04,cerro_rojo,CAMPAIGN_03,182.000000000,184.000000000,2.000000000,0.435803041,0.000000000,0.000000000
CR-C03-004-A0093,CR-C03-004,DS04,cerro_rojo,CAMPAIGN_03,184.000000000,186.000000000,2.000000000,0.450907467,0.000000000,0.000000000
CR-C03-004-A0094,CR-C03-004,DS04,cerro_rojo,CAMPAIGN_03,186.000000000,188.000000000,2.000000000,0.435161254,0.000000000,0.000000000
CR-C03-004-A0095,CR-C03-004,DS04,cerro_rojo,CAMPAIGN_03,188.000000000,190.000000000,2.000000000,0.427244958,0.000000000,0.000000000
CR-C03-004-A0096,CR-C03-004,DS04,cerro_rojo,CAMPAIGN_03,190.000000000,192.000000000,2.000000000,0.438868459,0.000000000,0.000000000
CR-C03-004-A0097,CR-C03-004,DS04,cerro_rojo,CAMPAIGN_03,192.000000000,194.000000000,2.000000000,0.446835321,0.000000000,0.000000000
CR-C03-004-A0098,CR-C03-004,DS04,cerro_rojo,CAMPAIGN_03,194.000000000,196.000000000,2.000000000,0.470014437,0.000000000,0.000000000
CR-C03-004-A0099,CR-C03-004,DS04,cerro_rojo,CAMPAIGN_03,196.000000000,198.000000000,2.000000000,0.479786843,0.000000000,0.000000000
CR-C03-004-A0100,CR-C03-004,DS04,cerro_rojo,CAMPAIGN_03,198.000000000,200.000000000,2.000000000,0.506088053,0.000000000,0.000000000
CR-C03-004-A0101,CR-C03-004,DS04,cerro_rojo,CAMPAIGN_03,200.000000000,202.000000000,2.000000000,0.469854920,0.000000000,0.000000000
CR-C03-004-A0102,CR-C03-004,DS04,cerro_rojo,CAMPAIGN_03,202.000000000,204.000000000,2.000000000,0.519822322,0.000000000,0.000000000
CR-C03-004-A0103,CR-C03-004,DS04,cerro_rojo,CAMPAIGN_03,204.000000000,206.000000000,2.000000000,0.525731204,0.000000000,0.000000000
CR-C03-004-A0104,CR-C03-004,DS04,cerro_rojo,CAMPAIGN_03,206.000000000,208.000000000,2.000000000,0.476814513,0.000000000,0.000000000
CR-C03-004-A0105,CR-C03-004,DS04,cerro_rojo,CAMPAIGN_03,208.000000000,210.000000000,2.000000000,0.529435014,0.000000000,0.000000000
CR-C03-004-A0106,CR-C03-004,DS04,cerro_rojo,CAMPAIGN_03,210.000000000,212.000000000,2.000000000,0.571881390,0.000000000,0.000000000
CR-C03-004-A0107,CR-C03-004,DS04,cerro_rojo,CAMPAIGN_03,212.000000000,214.000000000,2.000000000,0.528246238,0.000000000,0.000000000
CR-C03-004-A0108,CR-C03-004,DS04,cerro_rojo,CAMPAIGN_03,214.000000000,216.000000000,2.000000000,0.555188633,0.000000000,0.000000000
CR-C03-004-A0109,CR-C03-004,DS04,cerro_rojo,CAMPAIGN_03,216.000000000,218.000000000,2.000000000,0.591074623,0.000000000,0.000000000
CR-C03-004-A0110,CR-C03-004,DS04,cerro_rojo,CAMPAIGN_03,218.000000000,220.000000000,2.000000000,0.561526233,0.000000000,0.000000000
CR-C03-004-A0111,CR-C03-004,DS04,cerro_rojo,CAMPAIGN_03,220.000000000,222.000000000,2.000000000,0.596335580,0.000000000,0.000000000
CR-C03-004-A0112,CR-C03-004,DS04,cerro_rojo,CAMPAIGN_03,222.000000000,224.000000000,2.000000000,0.580963039,0.000000000,0.000000000
CR-C03-004-A0113,CR-C03-004,DS04,cerro_rojo,CAMPAIGN_03,224.000000000,226.000000000,2.000000000,0.641388159,0.000000000,0.000000000
CR-C03-004-A0114,CR-C03-004,DS04,cerro_rojo,CAMPAIGN_03,226.000000000,228.000000000,2.000000000,0.642245825,0.000000000,0.000000000
CR-C03-004-A0115,CR-C03-004,DS04,cerro_rojo,CAMPAIGN_03,228.000000000,230.000000000,2.000000000,0.651942641,0.000000000,0.000000000
CR-C03-004-A0116,CR-C03-004,DS04,cerro_rojo,CAMPAIGN_03,230.000000000,232.000000000,2.000000000,0.672474677,0.000000000,0.000000000
CR-C03-004-A0117,CR-C03-004,DS04,cerro_rojo,CAMPAIGN_03,232.000000000,234.000000000,2.000000000,0.672874771,0.000000000,0.000000000
CR-C03-004-A0118,CR-C03-004,DS04,cerro_rojo,CAMPAIGN_03,234.000000000,236.000000000,2.000000000,0.692325000,0.000000000,0.000000000
CR-C03-004-A0119,CR-C03-004,DS04,cerro_rojo,CAMPAIGN_03,236.000000000,238.000000000,2.000000000,0.699309429,0.000000000,0.000000000
CR-C03-004-A0120,CR-C03-004,DS04,cerro_rojo,CAMPAIGN_03,238.000000000,240.000000000,2.000000000,0.644181049,0.000000000,0.000000000
CR-C03-004-A0121,CR-C03-004,DS04,cerro_rojo,CAMPAIGN_03,240.000000000,242.000000000,2.000000000,0.693739728,0.000000000,0.000000000
CR-C03-004-A0122,CR-C03-004,DS04,cerro_rojo,CAMPAIGN_03,242.000000000,244.000000000,2.000000000,0.667908611,0.000000000,0.000000000
CR-C03-004-A0123,CR-C03-004,DS04,cerro_rojo,CAMPAIGN_03,244.000000000,246.000000000,2.000000000,0.699996915,0.000000000,0.000000000
CR-C03-004-A0124,CR-C03-004,DS04,cerro_rojo,CAMPAIGN_03,246.000000000,248.000000000,2.000000000,0.734100227,0.000000000,0.000000000
CR-C03-004-A0125,CR-C03-004,DS04,cerro_rojo,CAMPAIGN_03,248.000000000,250.000000000,2.000000000,0.671255736,0.000000000,0.000000000
CR-C03-004-A0126,CR-C03-004,DS04,cerro_rojo,CAMPAIGN_03,250.000000000,252.000000000,2.000000000,0.700744883,0.000000000,0.000000000
CR-C03-004-A0127,CR-C03-004,DS04,cerro_rojo,CAMPAIGN_03,252.000000000,254.000000000,2.000000000,0.698631404,0.000000000,0.000000000
CR-C03-004-A0128,CR-C03-004,DS04,cerro_rojo,CAMPAIGN_03,254.000000000,256.000000000,2.000000000,0.673512004,0.000000000,0.000000000
CR-C03-004-A0129,CR-C03-004,DS04,cerro_rojo,CAMPAIGN_03,256.000000000,258.000000000,2.000000000,0.668690862,0.000000000,0.000000000
CR-C03-004-A0130,CR-C03-004,DS04,cerro_rojo,CAMPAIGN_03,258.000000000,260.000000000,2.000000000,0.682655177,0.000000000,0.000000000
CR-C03-004-A0131,CR-C03-004,DS04,cerro_rojo,CAMPAIGN_03,260.000000000,262.000000000,2.000000000,0.702854473,0.000000000,0.000000000
CR-C03-004-A0132,CR-C03-004,DS04,cerro_rojo,CAMPAIGN_03,262.000000000,264.000000000,2.000000000,0.746184238,0.000000000,0.000000000
CR-C03-004-A0133,CR-C03-004,DS04,cerro_rojo,CAMPAIGN_03,264.000000000,266.000000000,2.000000000,0.664264676,0.000000000,0.000000000
CR-C03-004-A0134,CR-C03-004,DS04,cerro_rojo,CAMPAIGN_03,266.000000000,268.000000000,2.000000000,0.695101639,0.000000000,0.000000000
CR-C03-004-A0135,CR-C03-004,DS04,cerro_rojo,CAMPAIGN_03,268.000000000,270.000000000,2.000000000,0.672147338,0.000000000,0.000000000
CR-C03-004-A0136,CR-C03-004,DS04,cerro_rojo,CAMPAIGN_03,270.000000000,272.000000000,2.000000000,0.688934785,0.000000000,0.000000000
CR-C03-004-A0137,CR-C03-004,DS04,cerro_rojo,CAMPAIGN_03,272.000000000,274.000000000,2.000000000,0.665829383,0.000000000,0.000000000
CR-C03-004-A0138,CR-C03-004,DS04,cerro_rojo,CAMPAIGN_03,274.000000000,276.000000000,2.000000000,0.705350784,0.000000000,0.000000000
CR-C03-004-A0139,CR-C03-004,DS04,cerro_rojo,CAMPAIGN_03,276.000000000,278.000000000,2.000000000,0.651812970,0.000000000,0.000000000
CR-C03-004-A0140,CR-C03-004,DS04,cerro_rojo,CAMPAIGN_03,278.000000000,280.000000000,2.000000000,0.686852799,0.000000000,0.000000000
CR-C03-004-A0141,CR-C03-004,DS04,cerro_rojo,CAMPAIGN_03,280.000000000,282.000000000,2.000000000,0.718333140,0.000000000,0.000000000
CR-C03-004-A0142,CR-C03-004,DS04,cerro_rojo,CAMPAIGN_03,282.000000000,284.000000000,2.000000000,0.646238315,0.000000000,0.000000000
CR-C03-004-A0143,CR-C03-004,DS04,cerro_rojo,CAMPAIGN_03,284.000000000,286.000000000,2.000000000,0.633646222,0.000000000,0.000000000
CR-C03-004-A0144,CR-C03-004,DS04,cerro_rojo,CAMPAIGN_03,286.000000000,288.000000000,2.000000000,0.676905997,0.000000000,0.000000000
CR-C03-004-A0145,CR-C03-004,DS04,cerro_rojo,CAMPAIGN_03,288.000000000,290.000000000,2.000000000,0.645338402,0.000000000,0.000000000
CR-C03-004-A0146,CR-C03-004,DS04,cerro_rojo,CAMPAIGN_03,290.000000000,290.261166922,0.261166922,0.610966560,0.000000000,0.000000000
CR-C03-005-A0001,CR-C03-005,DS04,cerro_rojo,CAMPAIGN_03,0.000000000,2.000000000,2.000000000,0.113776837,0.000000000,0.000000000
CR-C03-005-A0002,CR-C03-005,DS04,cerro_rojo,CAMPAIGN_03,2.000000000,4.000000000,2.000000000,0.119909371,0.000000000,0.000000000
CR-C03-005-A0003,CR-C03-005,DS04,cerro_rojo,CAMPAIGN_03,4.000000000,6.000000000,2.000000000,0.116366059,0.000000000,0.000000000
CR-C03-005-A0004,CR-C03-005,DS04,cerro_rojo,CAMPAIGN_03,6.000000000,8.000000000,2.000000000,0.126553148,0.000000000,0.000000000
CR-C03-005-A0005,CR-C03-005,DS04,cerro_rojo,CAMPAIGN_03,8.000000000,10.000000000,2.000000000,0.141172874,0.000000000,0.000000000
CR-C03-005-A0006,CR-C03-005,DS04,cerro_rojo,CAMPAIGN_03,10.000000000,12.000000000,2.000000000,0.121027494,0.000000000,0.000000000
CR-C03-005-A0007,CR-C03-005,DS04,cerro_rojo,CAMPAIGN_03,12.000000000,14.000000000,2.000000000,0.122624643,0.000000000,0.000000000
CR-C03-005-A0008,CR-C03-005,DS04,cerro_rojo,CAMPAIGN_03,14.000000000,16.000000000,2.000000000,0.141883728,0.000000000,0.000000000
CR-C03-005-A0009,CR-C03-005,DS04,cerro_rojo,CAMPAIGN_03,16.000000000,18.000000000,2.000000000,0.135142028,0.000000000,0.000000000
CR-C03-005-A0010,CR-C03-005,DS04,cerro_rojo,CAMPAIGN_03,18.000000000,20.000000000,2.000000000,0.144000179,0.000000000,0.000000000
CR-C03-005-A0011,CR-C03-005,DS04,cerro_rojo,CAMPAIGN_03,20.000000000,22.000000000,2.000000000,0.157159021,0.000000000,0.000000000
CR-C03-005-A0012,CR-C03-005,DS04,cerro_rojo,CAMPAIGN_03,22.000000000,24.000000000,2.000000000,0.155126113,0.000000000,0.000000000
CR-C03-005-A0013,CR-C03-005,DS04,cerro_rojo,CAMPAIGN_03,24.000000000,26.000000000,2.000000000,0.148461982,0.000000000,0.000000000
CR-C03-005-A0014,CR-C03-005,DS04,cerro_rojo,CAMPAIGN_03,26.000000000,28.000000000,2.000000000,0.163958106,0.000000000,0.000000000
CR-C03-005-A0015,CR-C03-005,DS04,cerro_rojo,CAMPAIGN_03,28.000000000,30.000000000,2.000000000,0.172786078,0.000000000,0.000000000
CR-C03-005-A0016,CR-C03-005,DS04,cerro_rojo,CAMPAIGN_03,30.000000000,32.000000000,2.000000000,0.178731560,0.000000000,0.000000000
CR-C03-005-A0017,CR-C03-005,DS04,cerro_rojo,CAMPAIGN_03,32.000000000,34.000000000,2.000000000,0.181796124,0.000000000,0.000000000
CR-C03-005-A0018,CR-C03-005,DS04,cerro_rojo,CAMPAIGN_03,34.000000000,36.000000000,2.000000000,0.194776931,0.000000000,0.000000000
CR-C03-005-A0019,CR-C03-005,DS04,cerro_rojo,CAMPAIGN_03,36.000000000,38.000000000,2.000000000,0.195173833,0.000000000,0.000000000
CR-C03-005-A0020,CR-C03-005,DS04,cerro_rojo,CAMPAIGN_03,38.000000000,40.000000000,2.000000000,0.206013638,0.000000000,0.000000000
CR-C03-005-A0021,CR-C03-005,DS04,cerro_rojo,CAMPAIGN_03,40.000000000,42.000000000,2.000000000,0.204295811,0.000000000,0.000000000
CR-C03-005-A0022,CR-C03-005,DS04,cerro_rojo,CAMPAIGN_03,42.000000000,44.000000000,2.000000000,0.200381945,0.000000000,0.000000000
CR-C03-005-A0023,CR-C03-005,DS04,cerro_rojo,CAMPAIGN_03,44.000000000,46.000000000,2.000000000,0.215654117,0.000000000,0.000000000
CR-C03-005-A0024,CR-C03-005,DS04,cerro_rojo,CAMPAIGN_03,46.000000000,48.000000000,2.000000000,0.218852635,0.000000000,0.000000000
CR-C03-005-A0025,CR-C03-005,DS04,cerro_rojo,CAMPAIGN_03,48.000000000,50.000000000,2.000000000,0.231374540,0.000000000,0.000000000
CR-C03-005-A0026,CR-C03-005,DS04,cerro_rojo,CAMPAIGN_03,50.000000000,52.000000000,2.000000000,0.233846953,0.000000000,0.000000000
CR-C03-005-A0027,CR-C03-005,DS04,cerro_rojo,CAMPAIGN_03,52.000000000,54.000000000,2.000000000,0.245986072,0.000000000,0.000000000
CR-C03-005-A0028,CR-C03-005,DS04,cerro_rojo,CAMPAIGN_03,54.000000000,56.000000000,2.000000000,0.231113494,0.000000000,0.000000000
CR-C03-005-A0029,CR-C03-005,DS04,cerro_rojo,CAMPAIGN_03,56.000000000,58.000000000,2.000000000,0.240672916,0.000000000,0.000000000
CR-C03-005-A0030,CR-C03-005,DS04,cerro_rojo,CAMPAIGN_03,58.000000000,60.000000000,2.000000000,0.262067019,0.000000000,0.000000000
CR-C03-005-A0031,CR-C03-005,DS04,cerro_rojo,CAMPAIGN_03,60.000000000,62.000000000,2.000000000,0.262809489,0.000000000,0.000000000
CR-C03-005-A0032,CR-C03-005,DS04,cerro_rojo,CAMPAIGN_03,62.000000000,64.000000000,2.000000000,0.258978592,0.000000000,0.000000000
CR-C03-005-A0033,CR-C03-005,DS04,cerro_rojo,CAMPAIGN_03,64.000000000,66.000000000,2.000000000,0.267177029,0.000000000,0.000000000
CR-C03-005-A0034,CR-C03-005,DS04,cerro_rojo,CAMPAIGN_03,66.000000000,68.000000000,2.000000000,0.287911528,0.000000000,0.000000000
CR-C03-005-A0035,CR-C03-005,DS04,cerro_rojo,CAMPAIGN_03,68.000000000,70.000000000,2.000000000,0.281504783,0.000000000,0.000000000
CR-C03-005-A0036,CR-C03-005,DS04,cerro_rojo,CAMPAIGN_03,70.000000000,72.000000000,2.000000000,0.296965056,0.000000000,0.000000000
CR-C03-005-A0037,CR-C03-005,DS04,cerro_rojo,CAMPAIGN_03,72.000000000,74.000000000,2.000000000,0.303974984,0.000000000,0.000000000
CR-C03-005-A0038,CR-C03-005,DS04,cerro_rojo,CAMPAIGN_03,74.000000000,76.000000000,2.000000000,0.292023153,0.000000000,0.000000000
CR-C03-005-A0039,CR-C03-005,DS04,cerro_rojo,CAMPAIGN_03,76.000000000,78.000000000,2.000000000,0.314908156,0.000000000,0.000000000
CR-C03-005-A0040,CR-C03-005,DS04,cerro_rojo,CAMPAIGN_03,78.000000000,80.000000000,2.000000000,0.325192873,0.000000000,0.000000000
CR-C03-005-A0041,CR-C03-005,DS04,cerro_rojo,CAMPAIGN_03,80.000000000,82.000000000,2.000000000,0.328121417,0.000000000,0.000000000
CR-C03-005-A0042,CR-C03-005,DS04,cerro_rojo,CAMPAIGN_03,82.000000000,84.000000000,2.000000000,0.315013285,0.000000000,0.000000000
CR-C03-005-A0043,CR-C03-005,DS04,cerro_rojo,CAMPAIGN_03,84.000000000,86.000000000,2.000000000,0.322059860,0.000000000,0.000000000
CR-C03-005-A0044,CR-C03-005,DS04,cerro_rojo,CAMPAIGN_03,86.000000000,88.000000000,2.000000000,0.328036383,0.000000000,0.000000000
CR-C03-005-A0045,CR-C03-005,DS04,cerro_rojo,CAMPAIGN_03,88.000000000,90.000000000,2.000000000,0.337919749,0.000000000,0.000000000
CR-C03-005-A0046,CR-C03-005,DS04,cerro_rojo,CAMPAIGN_03,90.000000000,92.000000000,2.000000000,0.315480269,0.000000000,0.000000000
CR-C03-005-A0047,CR-C03-005,DS04,cerro_rojo,CAMPAIGN_03,92.000000000,94.000000000,2.000000000,0.343403164,0.000000000,0.000000000
CR-C03-005-A0048,CR-C03-005,DS04,cerro_rojo,CAMPAIGN_03,94.000000000,96.000000000,2.000000000,0.374257779,0.000000000,0.000000000
CR-C03-005-A0049,CR-C03-005,DS04,cerro_rojo,CAMPAIGN_03,96.000000000,98.000000000,2.000000000,0.395389225,0.000000000,0.000000000
CR-C03-005-A0050,CR-C03-005,DS04,cerro_rojo,CAMPAIGN_03,98.000000000,100.000000000,2.000000000,0.394484875,0.000000000,0.000000000
CR-C03-005-A0051,CR-C03-005,DS04,cerro_rojo,CAMPAIGN_03,100.000000000,102.000000000,2.000000000,0.397119042,0.000000000,0.000000000
CR-C03-005-A0052,CR-C03-005,DS04,cerro_rojo,CAMPAIGN_03,102.000000000,104.000000000,2.000000000,0.421771809,0.000000000,0.000000000
CR-C03-005-A0053,CR-C03-005,DS04,cerro_rojo,CAMPAIGN_03,104.000000000,106.000000000,2.000000000,0.425912529,0.000000000,0.000000000
CR-C03-005-A0054,CR-C03-005,DS04,cerro_rojo,CAMPAIGN_03,106.000000000,108.000000000,2.000000000,0.422579048,0.000000000,0.000000000
CR-C03-005-A0055,CR-C03-005,DS04,cerro_rojo,CAMPAIGN_03,108.000000000,110.000000000,2.000000000,0.423376953,0.000000000,0.000000000
CR-C03-005-A0056,CR-C03-005,DS04,cerro_rojo,CAMPAIGN_03,110.000000000,112.000000000,2.000000000,0.428874451,0.000000000,0.000000000
CR-C03-005-A0057,CR-C03-005,DS04,cerro_rojo,CAMPAIGN_03,112.000000000,114.000000000,2.000000000,0.438655522,0.000000000,0.000000000
CR-C03-005-A0058,CR-C03-005,DS04,cerro_rojo,CAMPAIGN_03,114.000000000,116.000000000,2.000000000,0.460862647,0.000000000,0.000000000
CR-C03-005-A0059,CR-C03-005,DS04,cerro_rojo,CAMPAIGN_03,116.000000000,118.000000000,2.000000000,0.470793276,0.000000000,0.000000000
CR-C03-005-A0060,CR-C03-005,DS04,cerro_rojo,CAMPAIGN_03,118.000000000,120.000000000,2.000000000,0.449985629,0.000000000,0.000000000
CR-C03-005-A0061,CR-C03-005,DS04,cerro_rojo,CAMPAIGN_03,120.000000000,122.000000000,2.000000000,0.470844245,0.000000000,0.000000000
CR-C03-005-A0062,CR-C03-005,DS04,cerro_rojo,CAMPAIGN_03,122.000000000,124.000000000,2.000000000,0.468421323,0.000000000,0.000000000
CR-C03-005-A0063,CR-C03-005,DS04,cerro_rojo,CAMPAIGN_03,124.000000000,126.000000000,2.000000000,0.532553769,0.000000000,0.000000000
CR-C03-005-A0064,CR-C03-005,DS04,cerro_rojo,CAMPAIGN_03,126.000000000,128.000000000,2.000000000,0.524970907,0.000000000,0.000000000
CR-C03-005-A0065,CR-C03-005,DS04,cerro_rojo,CAMPAIGN_03,128.000000000,130.000000000,2.000000000,0.493007664,0.000000000,0.000000000
CR-C03-005-A0066,CR-C03-005,DS04,cerro_rojo,CAMPAIGN_03,130.000000000,132.000000000,2.000000000,0.510103494,0.000000000,0.000000000
CR-C03-005-A0067,CR-C03-005,DS04,cerro_rojo,CAMPAIGN_03,132.000000000,134.000000000,2.000000000,0.495882822,0.000000000,0.000000000
CR-C03-005-A0068,CR-C03-005,DS04,cerro_rojo,CAMPAIGN_03,134.000000000,136.000000000,2.000000000,0.490416387,0.000000000,0.000000000
CR-C03-005-A0069,CR-C03-005,DS04,cerro_rojo,CAMPAIGN_03,136.000000000,138.000000000,2.000000000,0.572263550,0.000000000,0.000000000
CR-C03-005-A0070,CR-C03-005,DS04,cerro_rojo,CAMPAIGN_03,138.000000000,140.000000000,2.000000000,0.543601263,0.000000000,0.000000000
CR-C03-005-A0071,CR-C03-005,DS04,cerro_rojo,CAMPAIGN_03,140.000000000,142.000000000,2.000000000,0.528794180,0.000000000,0.000000000
CR-C03-005-A0072,CR-C03-005,DS04,cerro_rojo,CAMPAIGN_03,142.000000000,144.000000000,2.000000000,0.553439033,0.000000000,0.000000000
CR-C03-005-A0073,CR-C03-005,DS04,cerro_rojo,CAMPAIGN_03,144.000000000,146.000000000,2.000000000,0.532383868,0.000000000,0.000000000
CR-C03-005-A0074,CR-C03-005,DS04,cerro_rojo,CAMPAIGN_03,146.000000000,148.000000000,2.000000000,0.557071119,0.000000000,0.000000000
CR-C03-005-A0075,CR-C03-005,DS04,cerro_rojo,CAMPAIGN_03,148.000000000,150.000000000,2.000000000,0.577181090,0.000000000,0.000000000
CR-C03-005-A0076,CR-C03-005,DS04,cerro_rojo,CAMPAIGN_03,150.000000000,152.000000000,2.000000000,0.574134146,0.000000000,0.000000000
CR-C03-005-A0077,CR-C03-005,DS04,cerro_rojo,CAMPAIGN_03,152.000000000,154.000000000,2.000000000,0.613296519,0.000000000,0.000000000
CR-C03-005-A0078,CR-C03-005,DS04,cerro_rojo,CAMPAIGN_03,154.000000000,156.000000000,2.000000000,0.562239838,0.000000000,0.000000000
CR-C03-005-A0079,CR-C03-005,DS04,cerro_rojo,CAMPAIGN_03,156.000000000,158.000000000,2.000000000,0.633299550,0.000000000,0.000000000
CR-C03-005-A0080,CR-C03-005,DS04,cerro_rojo,CAMPAIGN_03,158.000000000,160.000000000,2.000000000,0.592548246,0.000000000,0.000000000
CR-C03-005-A0081,CR-C03-005,DS04,cerro_rojo,CAMPAIGN_03,160.000000000,162.000000000,2.000000000,0.556278755,0.000000000,0.000000000
CR-C03-005-A0082,CR-C03-005,DS04,cerro_rojo,CAMPAIGN_03,162.000000000,164.000000000,2.000000000,0.609828368,0.000000000,0.000000000
CR-C03-005-A0083,CR-C03-005,DS04,cerro_rojo,CAMPAIGN_03,164.000000000,166.000000000,2.000000000,0.622236015,0.000000000,0.000000000
CR-C03-005-A0084,CR-C03-005,DS04,cerro_rojo,CAMPAIGN_03,166.000000000,168.000000000,2.000000000,0.584101495,0.000000000,0.000000000
CR-C03-005-A0085,CR-C03-005,DS04,cerro_rojo,CAMPAIGN_03,168.000000000,170.000000000,2.000000000,0.625957093,0.000000000,0.000000000
CR-C03-005-A0086,CR-C03-005,DS04,cerro_rojo,CAMPAIGN_03,170.000000000,172.000000000,2.000000000,0.671199594,0.000000000,0.000000000
CR-C03-005-A0087,CR-C03-005,DS04,cerro_rojo,CAMPAIGN_03,172.000000000,174.000000000,2.000000000,0.654299591,0.000000000,0.000000000
CR-C03-005-A0088,CR-C03-005,DS04,cerro_rojo,CAMPAIGN_03,174.000000000,176.000000000,2.000000000,0.674235850,0.000000000,0.000000000
CR-C03-005-A0089,CR-C03-005,DS04,cerro_rojo,CAMPAIGN_03,176.000000000,178.000000000,2.000000000,0.645915805,0.000000000,0.000000000
CR-C03-005-A0090,CR-C03-005,DS04,cerro_rojo,CAMPAIGN_03,178.000000000,180.000000000,2.000000000,0.674972406,0.000000000,0.000000000
CR-C03-005-A0091,CR-C03-005,DS04,cerro_rojo,CAMPAIGN_03,180.000000000,182.000000000,2.000000000,0.672608958,0.000000000,0.000000000
CR-C03-005-A0092,CR-C03-005,DS04,cerro_rojo,CAMPAIGN_03,182.000000000,184.000000000,2.000000000,0.646219763,0.000000000,0.000000000
CR-C03-005-A0093,CR-C03-005,DS04,cerro_rojo,CAMPAIGN_03,184.000000000,186.000000000,2.000000000,0.647961306,0.000000000,0.000000000
CR-C03-005-A0094,CR-C03-005,DS04,cerro_rojo,CAMPAIGN_03,186.000000000,188.000000000,2.000000000,0.692819056,0.000000000,0.000000000
CR-C03-005-A0095,CR-C03-005,DS04,cerro_rojo,CAMPAIGN_03,188.000000000,190.000000000,2.000000000,0.695243039,0.000000000,0.000000000
CR-C03-005-A0096,CR-C03-005,DS04,cerro_rojo,CAMPAIGN_03,190.000000000,192.000000000,2.000000000,0.683417056,0.000000000,0.000000000
CR-C03-005-A0097,CR-C03-005,DS04,cerro_rojo,CAMPAIGN_03,192.000000000,194.000000000,2.000000000,0.683996829,0.000000000,0.000000000
CR-C03-005-A0098,CR-C03-005,DS04,cerro_rojo,CAMPAIGN_03,194.000000000,196.000000000,2.000000000,0.682875404,0.000000000,0.000000000
CR-C03-005-A0099,CR-C03-005,DS04,cerro_rojo,CAMPAIGN_03,196.000000000,198.000000000,2.000000000,0.629340796,0.000000000,0.000000000
CR-C03-005-A0100,CR-C03-005,DS04,cerro_rojo,CAMPAIGN_03,198.000000000,200.000000000,2.000000000,0.698260925,0.000000000,0.000000000
CR-C03-005-A0101,CR-C03-005,DS04,cerro_rojo,CAMPAIGN_03,200.000000000,202.000000000,2.000000000,0.602870683,0.000000000,0.000000000
CR-C03-005-A0102,CR-C03-005,DS04,cerro_rojo,CAMPAIGN_03,202.000000000,204.000000000,2.000000000,0.675289030,0.000000000,0.000000000
CR-C03-005-A0103,CR-C03-005,DS04,cerro_rojo,CAMPAIGN_03,204.000000000,206.000000000,2.000000000,0.721219979,0.000000000,0.000000000
CR-C03-005-A0104,CR-C03-005,DS04,cerro_rojo,CAMPAIGN_03,206.000000000,208.000000000,2.000000000,0.662080806,0.000000000,0.000000000
CR-C03-005-A0105,CR-C03-005,DS04,cerro_rojo,CAMPAIGN_03,208.000000000,210.000000000,2.000000000,0.723720497,0.000000000,0.000000000
CR-C03-005-A0106,CR-C03-005,DS04,cerro_rojo,CAMPAIGN_03,210.000000000,212.000000000,2.000000000,0.665488194,0.000000000,0.000000000
CR-C03-005-A0107,CR-C03-005,DS04,cerro_rojo,CAMPAIGN_03,212.000000000,214.000000000,2.000000000,0.730468549,0.000000000,0.000000000
CR-C03-005-A0108,CR-C03-005,DS04,cerro_rojo,CAMPAIGN_03,214.000000000,216.000000000,2.000000000,0.738752817,0.000000000,0.000000000
CR-C03-005-A0109,CR-C03-005,DS04,cerro_rojo,CAMPAIGN_03,216.000000000,218.000000000,2.000000000,0.747171990,0.000000000,0.000000000
CR-C03-005-A0110,CR-C03-005,DS04,cerro_rojo,CAMPAIGN_03,218.000000000,220.000000000,2.000000000,0.707800465,0.000000000,0.000000000
CR-C03-005-A0111,CR-C03-005,DS04,cerro_rojo,CAMPAIGN_03,220.000000000,222.000000000,2.000000000,0.689341268,0.000000000,0.000000000
CR-C03-005-A0112,CR-C03-005,DS04,cerro_rojo,CAMPAIGN_03,222.000000000,224.000000000,2.000000000,0.670914986,0.000000000,0.000000000
CR-C03-005-A0113,CR-C03-005,DS04,cerro_rojo,CAMPAIGN_03,224.000000000,226.000000000,2.000000000,0.741723722,0.000000000,0.000000000
CR-C03-005-A0114,CR-C03-005,DS04,cerro_rojo,CAMPAIGN_03,226.000000000,228.000000000,2.000000000,0.709160929,0.000000000,0.000000000
CR-C03-005-A0115,CR-C03-005,DS04,cerro_rojo,CAMPAIGN_03,228.000000000,230.000000000,2.000000000,0.694903436,0.000000000,0.000000000
CR-C03-005-A0116,CR-C03-005,DS04,cerro_rojo,CAMPAIGN_03,230.000000000,232.000000000,2.000000000,0.750058578,0.000000000,0.000000000
CR-C03-005-A0117,CR-C03-005,DS04,cerro_rojo,CAMPAIGN_03,232.000000000,234.000000000,2.000000000,0.729305774,0.000000000,0.000000000
CR-C03-005-A0118,CR-C03-005,DS04,cerro_rojo,CAMPAIGN_03,234.000000000,236.000000000,2.000000000,0.671873662,0.000000000,0.000000000
CR-C03-005-A0119,CR-C03-005,DS04,cerro_rojo,CAMPAIGN_03,236.000000000,238.000000000,2.000000000,0.731989223,0.000000000,0.000000000
CR-C03-005-A0120,CR-C03-005,DS04,cerro_rojo,CAMPAIGN_03,238.000000000,240.000000000,2.000000000,0.729251345,0.000000000,0.000000000
CR-C03-005-A0121,CR-C03-005,DS04,cerro_rojo,CAMPAIGN_03,240.000000000,242.000000000,2.000000000,0.686967509,0.000000000,0.000000000
CR-C03-005-A0122,CR-C03-005,DS04,cerro_rojo,CAMPAIGN_03,242.000000000,244.000000000,2.000000000,0.649585352,0.000000000,0.000000000
CR-C03-005-A0123,CR-C03-005,DS04,cerro_rojo,CAMPAIGN_03,244.000000000,246.000000000,2.000000000,0.683842932,0.000000000,0.000000000
CR-C03-005-A0124,CR-C03-005,DS04,cerro_rojo,CAMPAIGN_03,246.000000000,248.000000000,2.000000000,0.706526310,0.000000000,0.000000000
CR-C03-005-A0125,CR-C03-005,DS04,cerro_rojo,CAMPAIGN_03,248.000000000,250.000000000,2.000000000,0.677728127,0.000000000,0.000000000
CR-C03-005-A0126,CR-C03-005,DS04,cerro_rojo,CAMPAIGN_03,250.000000000,252.000000000,2.000000000,0.702092339,0.000000000,0.000000000
CR-C03-005-A0127,CR-C03-005,DS04,cerro_rojo,CAMPAIGN_03,252.000000000,254.000000000,2.000000000,0.692397761,0.000000000,0.000000000
CR-C03-005-A0128,CR-C03-005,DS04,cerro_rojo,CAMPAIGN_03,254.000000000,256.000000000,2.000000000,0.636204216,0.000000000,0.000000000
CR-C03-005-A0129,CR-C03-005,DS04,cerro_rojo,CAMPAIGN_03,256.000000000,258.000000000,2.000000000,0.683750912,0.000000000,0.000000000
CR-C03-005-A0130,CR-C03-005,DS04,cerro_rojo,CAMPAIGN_03,258.000000000,260.000000000,2.000000000,0.709825561,0.000000000,0.000000000
CR-C03-005-A0131,CR-C03-005,DS04,cerro_rojo,CAMPAIGN_03,260.000000000,262.000000000,2.000000000,0.647739318,0.000000000,0.000000000
CR-C03-005-A0132,CR-C03-005,DS04,cerro_rojo,CAMPAIGN_03,262.000000000,264.000000000,2.000000000,0.666080539,0.000000000,0.000000000
CR-C03-005-A0133,CR-C03-005,DS04,cerro_rojo,CAMPAIGN_03,264.000000000,266.000000000,2.000000000,0.653493195,0.000000000,0.000000000
CR-C03-005-A0134,CR-C03-005,DS04,cerro_rojo,CAMPAIGN_03,266.000000000,268.000000000,2.000000000,0.671495272,0.000000000,0.000000000
CR-C03-005-A0135,CR-C03-005,DS04,cerro_rojo,CAMPAIGN_03,268.000000000,270.000000000,2.000000000,0.648713084,0.000000000,0.000000000
CR-C03-005-A0136,CR-C03-005,DS04,cerro_rojo,CAMPAIGN_03,270.000000000,272.000000000,2.000000000,0.621964428,0.000000000,0.000000000
CR-C03-005-A0137,CR-C03-005,DS04,cerro_rojo,CAMPAIGN_03,272.000000000,274.000000000,2.000000000,0.642561115,0.000000000,0.000000000
CR-C03-005-A0138,CR-C03-005,DS04,cerro_rojo,CAMPAIGN_03,274.000000000,276.000000000,2.000000000,0.706537153,0.000000000,0.000000000
CR-C03-005-A0139,CR-C03-005,DS04,cerro_rojo,CAMPAIGN_03,276.000000000,278.000000000,2.000000000,0.656235968,0.000000000,0.000000000
CR-C03-005-A0140,CR-C03-005,DS04,cerro_rojo,CAMPAIGN_03,278.000000000,280.000000000,2.000000000,0.646374296,0.000000000,0.000000000
CR-C03-005-A0141,CR-C03-005,DS04,cerro_rojo,CAMPAIGN_03,280.000000000,282.000000000,2.000000000,0.683056466,0.000000000,0.000000000
CR-C03-005-A0142,CR-C03-005,DS04,cerro_rojo,CAMPAIGN_03,282.000000000,284.000000000,2.000000000,0.680328228,0.000000000,0.000000000
CR-C03-005-A0143,CR-C03-005,DS04,cerro_rojo,CAMPAIGN_03,284.000000000,286.000000000,2.000000000,0.654888530,0.000000000,0.000000000
CR-C03-005-A0144,CR-C03-005,DS04,cerro_rojo,CAMPAIGN_03,286.000000000,288.000000000,2.000000000,0.691617127,0.000000000,0.000000000
CR-C03-005-A0145,CR-C03-005,DS04,cerro_rojo,CAMPAIGN_03,288.000000000,290.000000000,2.000000000,0.662868056,0.000000000,0.000000000
CR-C03-005-A0146,CR-C03-005,DS04,cerro_rojo,CAMPAIGN_03,290.000000000,292.000000000,2.000000000,0.710681056,0.000000000,0.000000000
CR-C03-005-A0147,CR-C03-005,DS04,cerro_rojo,CAMPAIGN_03,292.000000000,294.000000000,2.000000000,0.735423660,0.000000000,0.000000000
CR-C03-005-A0148,CR-C03-005,DS04,cerro_rojo,CAMPAIGN_03,294.000000000,296.000000000,2.000000000,0.692776058,0.000000000,0.000000000
CR-C03-005-A0149,CR-C03-005,DS04,cerro_rojo,CAMPAIGN_03,296.000000000,298.000000000,2.000000000,0.704183708,0.000000000,0.000000000
CR-C03-005-A0150,CR-C03-005,DS04,cerro_rojo,CAMPAIGN_03,298.000000000,300.000000000,2.000000000,0.630444487,0.000000000,0.000000000
CR-C03-005-A0151,CR-C03-005,DS04,cerro_rojo,CAMPAIGN_03,300.000000000,302.000000000,2.000000000,0.642120451,0.000000000,0.000000000
CR-C03-005-A0152,CR-C03-005,DS04,cerro_rojo,CAMPAIGN_03,302.000000000,304.000000000,2.000000000,0.652348274,0.000000000,0.000000000
CR-C03-005-A0153,CR-C03-005,DS04,cerro_rojo,CAMPAIGN_03,304.000000000,306.000000000,2.000000000,0.679867852,0.000000000,0.000000000
CR-C03-005-A0154,CR-C03-005,DS04,cerro_rojo,CAMPAIGN_03,306.000000000,308.000000000,2.000000000,0.772484431,0.000000000,0.000000000
CR-C03-005-A0155,CR-C03-005,DS04,cerro_rojo,CAMPAIGN_03,308.000000000,310.000000000,2.000000000,0.699442320,0.000000000,0.000000000
CR-C03-005-A0156,CR-C03-005,DS04,cerro_rojo,CAMPAIGN_03,310.000000000,312.000000000,2.000000000,0.703360771,0.000000000,0.000000000
CR-C03-005-A0157,CR-C03-005,DS04,cerro_rojo,CAMPAIGN_03,312.000000000,314.000000000,2.000000000,0.662965064,0.000000000,0.000000000
CR-C03-005-A0158,CR-C03-005,DS04,cerro_rojo,CAMPAIGN_03,314.000000000,316.000000000,2.000000000,0.697173519,0.000000000,0.000000000
CR-C03-005-A0159,CR-C03-005,DS04,cerro_rojo,CAMPAIGN_03,316.000000000,318.000000000,2.000000000,0.671368034,0.000000000,0.000000000
CR-C03-005-A0160,CR-C03-005,DS04,cerro_rojo,CAMPAIGN_03,318.000000000,320.000000000,2.000000000,0.684306227,0.000000000,0.000000000
CR-C03-005-A0161,CR-C03-005,DS04,cerro_rojo,CAMPAIGN_03,320.000000000,322.000000000,2.000000000,0.675893243,0.000000000,0.000000000
CR-C03-005-A0162,CR-C03-005,DS04,cerro_rojo,CAMPAIGN_03,322.000000000,324.000000000,2.000000000,0.686165132,0.000000000,0.000000000
CR-C03-005-A0163,CR-C03-005,DS04,cerro_rojo,CAMPAIGN_03,324.000000000,326.000000000,2.000000000,0.645612467,0.000000000,0.000000000
CR-C03-005-A0164,CR-C03-005,DS04,cerro_rojo,CAMPAIGN_03,326.000000000,328.000000000,2.000000000,0.625511156,0.000000000,0.000000000
CR-C03-005-A0165,CR-C03-005,DS04,cerro_rojo,CAMPAIGN_03,328.000000000,329.247075623,1.247075623,0.608710617,0.000000000,0.000000000
CR-C03-006-A0001,CR-C03-006,DS04,cerro_rojo,CAMPAIGN_03,0.000000000,2.000000000,2.000000000,0.044471828,0.000000000,0.000000000
CR-C03-006-A0002,CR-C03-006,DS04,cerro_rojo,CAMPAIGN_03,2.000000000,4.000000000,2.000000000,0.051786226,0.000000000,0.000000000
CR-C03-006-A0003,CR-C03-006,DS04,cerro_rojo,CAMPAIGN_03,4.000000000,6.000000000,2.000000000,0.049086935,0.000000000,0.000000000
CR-C03-006-A0004,CR-C03-006,DS04,cerro_rojo,CAMPAIGN_03,6.000000000,8.000000000,2.000000000,0.050119113,0.000000000,0.000000000
CR-C03-006-A0005,CR-C03-006,DS04,cerro_rojo,CAMPAIGN_03,8.000000000,10.000000000,2.000000000,0.050800936,0.000000000,0.000000000
CR-C03-006-A0006,CR-C03-006,DS04,cerro_rojo,CAMPAIGN_03,10.000000000,12.000000000,2.000000000,0.053592899,0.000000000,0.000000000
CR-C03-006-A0007,CR-C03-006,DS04,cerro_rojo,CAMPAIGN_03,12.000000000,14.000000000,2.000000000,0.052278272,0.000000000,0.000000000
CR-C03-006-A0008,CR-C03-006,DS04,cerro_rojo,CAMPAIGN_03,14.000000000,16.000000000,2.000000000,0.059720969,0.000000000,0.000000000
CR-C03-006-A0009,CR-C03-006,DS04,cerro_rojo,CAMPAIGN_03,16.000000000,18.000000000,2.000000000,0.059198738,0.000000000,0.000000000
CR-C03-006-A0010,CR-C03-006,DS04,cerro_rojo,CAMPAIGN_03,18.000000000,20.000000000,2.000000000,0.059882680,0.000000000,0.000000000
CR-C03-006-A0011,CR-C03-006,DS04,cerro_rojo,CAMPAIGN_03,20.000000000,22.000000000,2.000000000,0.057347976,0.000000000,0.000000000
CR-C03-006-A0012,CR-C03-006,DS04,cerro_rojo,CAMPAIGN_03,22.000000000,24.000000000,2.000000000,0.057944803,0.000000000,0.000000000
CR-C03-006-A0013,CR-C03-006,DS04,cerro_rojo,CAMPAIGN_03,24.000000000,26.000000000,2.000000000,0.059564384,0.000000000,0.000000000
CR-C03-006-A0014,CR-C03-006,DS04,cerro_rojo,CAMPAIGN_03,26.000000000,28.000000000,2.000000000,0.066315072,0.000000000,0.000000000
CR-C03-006-A0015,CR-C03-006,DS04,cerro_rojo,CAMPAIGN_03,28.000000000,30.000000000,2.000000000,0.063193887,0.000000000,0.000000000
CR-C03-006-A0016,CR-C03-006,DS04,cerro_rojo,CAMPAIGN_03,30.000000000,32.000000000,2.000000000,0.069340380,0.000000000,0.000000000
CR-C03-006-A0017,CR-C03-006,DS04,cerro_rojo,CAMPAIGN_03,32.000000000,34.000000000,2.000000000,0.073101656,0.000000000,0.000000000
CR-C03-006-A0018,CR-C03-006,DS04,cerro_rojo,CAMPAIGN_03,34.000000000,36.000000000,2.000000000,0.076637847,0.000000000,0.000000000
CR-C03-006-A0019,CR-C03-006,DS04,cerro_rojo,CAMPAIGN_03,36.000000000,38.000000000,2.000000000,0.078841654,0.000000000,0.000000000
CR-C03-006-A0020,CR-C03-006,DS04,cerro_rojo,CAMPAIGN_03,38.000000000,40.000000000,2.000000000,0.074223592,0.000000000,0.000000000
CR-C03-006-A0021,CR-C03-006,DS04,cerro_rojo,CAMPAIGN_03,40.000000000,42.000000000,2.000000000,0.076813173,0.000000000,0.000000000
CR-C03-006-A0022,CR-C03-006,DS04,cerro_rojo,CAMPAIGN_03,42.000000000,44.000000000,2.000000000,0.073297385,0.000000000,0.000000000
CR-C03-006-A0023,CR-C03-006,DS04,cerro_rojo,CAMPAIGN_03,44.000000000,46.000000000,2.000000000,0.078812749,0.000000000,0.000000000
CR-C03-006-A0024,CR-C03-006,DS04,cerro_rojo,CAMPAIGN_03,46.000000000,48.000000000,2.000000000,0.085298784,0.000000000,0.000000000
CR-C03-006-A0025,CR-C03-006,DS04,cerro_rojo,CAMPAIGN_03,48.000000000,50.000000000,2.000000000,0.081177424,0.000000000,0.000000000
CR-C03-006-A0026,CR-C03-006,DS04,cerro_rojo,CAMPAIGN_03,50.000000000,52.000000000,2.000000000,0.091656571,0.000000000,0.000000000
CR-C03-006-A0027,CR-C03-006,DS04,cerro_rojo,CAMPAIGN_03,52.000000000,54.000000000,2.000000000,0.078613437,0.000000000,0.000000000
CR-C03-006-A0028,CR-C03-006,DS04,cerro_rojo,CAMPAIGN_03,54.000000000,56.000000000,2.000000000,0.091457731,0.000000000,0.000000000
CR-C03-006-A0029,CR-C03-006,DS04,cerro_rojo,CAMPAIGN_03,56.000000000,58.000000000,2.000000000,0.094369571,0.000000000,0.000000000
CR-C03-006-A0030,CR-C03-006,DS04,cerro_rojo,CAMPAIGN_03,58.000000000,60.000000000,2.000000000,0.100844931,0.000000000,0.000000000
CR-C03-006-A0031,CR-C03-006,DS04,cerro_rojo,CAMPAIGN_03,60.000000000,62.000000000,2.000000000,0.099180286,0.000000000,0.000000000
CR-C03-006-A0032,CR-C03-006,DS04,cerro_rojo,CAMPAIGN_03,62.000000000,64.000000000,2.000000000,0.094104160,0.000000000,0.000000000
CR-C03-006-A0033,CR-C03-006,DS04,cerro_rojo,CAMPAIGN_03,64.000000000,66.000000000,2.000000000,0.105920408,0.000000000,0.000000000
CR-C03-006-A0034,CR-C03-006,DS04,cerro_rojo,CAMPAIGN_03,66.000000000,68.000000000,2.000000000,0.105509913,0.000000000,0.000000000
CR-C03-006-A0035,CR-C03-006,DS04,cerro_rojo,CAMPAIGN_03,68.000000000,70.000000000,2.000000000,0.106354219,0.000000000,0.000000000
CR-C03-006-A0036,CR-C03-006,DS04,cerro_rojo,CAMPAIGN_03,70.000000000,72.000000000,2.000000000,0.114697266,0.000000000,0.000000000
CR-C03-006-A0037,CR-C03-006,DS04,cerro_rojo,CAMPAIGN_03,72.000000000,74.000000000,2.000000000,0.114593777,0.000000000,0.000000000
CR-C03-006-A0038,CR-C03-006,DS04,cerro_rojo,CAMPAIGN_03,74.000000000,76.000000000,2.000000000,0.111427602,0.000000000,0.000000000
CR-C03-006-A0039,CR-C03-006,DS04,cerro_rojo,CAMPAIGN_03,76.000000000,78.000000000,2.000000000,0.116547910,0.000000000,0.000000000
CR-C03-006-A0040,CR-C03-006,DS04,cerro_rojo,CAMPAIGN_03,78.000000000,80.000000000,2.000000000,0.123314657,0.000000000,0.000000000
CR-C03-006-A0041,CR-C03-006,DS04,cerro_rojo,CAMPAIGN_03,80.000000000,82.000000000,2.000000000,0.131827932,0.000000000,0.000000000
CR-C03-006-A0042,CR-C03-006,DS04,cerro_rojo,CAMPAIGN_03,82.000000000,84.000000000,2.000000000,0.114055318,0.000000000,0.000000000
CR-C03-006-A0043,CR-C03-006,DS04,cerro_rojo,CAMPAIGN_03,84.000000000,86.000000000,2.000000000,0.130965765,0.000000000,0.000000000
CR-C03-006-A0044,CR-C03-006,DS04,cerro_rojo,CAMPAIGN_03,86.000000000,88.000000000,2.000000000,0.138769411,0.000000000,0.000000000
CR-C03-006-A0045,CR-C03-006,DS04,cerro_rojo,CAMPAIGN_03,88.000000000,90.000000000,2.000000000,0.135320803,0.000000000,0.000000000
CR-C03-006-A0046,CR-C03-006,DS04,cerro_rojo,CAMPAIGN_03,90.000000000,92.000000000,2.000000000,0.143671006,0.000000000,0.000000000
CR-C03-006-A0047,CR-C03-006,DS04,cerro_rojo,CAMPAIGN_03,92.000000000,94.000000000,2.000000000,0.152550473,0.000000000,0.000000000
CR-C03-006-A0048,CR-C03-006,DS04,cerro_rojo,CAMPAIGN_03,94.000000000,96.000000000,2.000000000,0.159799476,0.000000000,0.000000000
CR-C03-006-A0049,CR-C03-006,DS04,cerro_rojo,CAMPAIGN_03,96.000000000,98.000000000,2.000000000,0.163304070,0.000000000,0.000000000
CR-C03-006-A0050,CR-C03-006,DS04,cerro_rojo,CAMPAIGN_03,98.000000000,100.000000000,2.000000000,0.152209203,0.000000000,0.000000000
CR-C03-006-A0051,CR-C03-006,DS04,cerro_rojo,CAMPAIGN_03,100.000000000,102.000000000,2.000000000,0.157700626,0.000000000,0.000000000
CR-C03-006-A0052,CR-C03-006,DS04,cerro_rojo,CAMPAIGN_03,102.000000000,104.000000000,2.000000000,0.167781151,0.000000000,0.000000000
CR-C03-006-A0053,CR-C03-006,DS04,cerro_rojo,CAMPAIGN_03,104.000000000,106.000000000,2.000000000,0.172720850,0.000000000,0.000000000
CR-C03-006-A0054,CR-C03-006,DS04,cerro_rojo,CAMPAIGN_03,106.000000000,108.000000000,2.000000000,0.176648848,0.000000000,0.000000000
CR-C03-006-A0055,CR-C03-006,DS04,cerro_rojo,CAMPAIGN_03,108.000000000,110.000000000,2.000000000,0.177865611,0.000000000,0.000000000
CR-C03-006-A0056,CR-C03-006,DS04,cerro_rojo,CAMPAIGN_03,110.000000000,112.000000000,2.000000000,0.173435291,0.000000000,0.000000000
CR-C03-006-A0057,CR-C03-006,DS04,cerro_rojo,CAMPAIGN_03,112.000000000,114.000000000,2.000000000,0.177755771,0.000000000,0.000000000
CR-C03-006-A0058,CR-C03-006,DS04,cerro_rojo,CAMPAIGN_03,114.000000000,116.000000000,2.000000000,0.190819875,0.000000000,0.000000000
CR-C03-006-A0059,CR-C03-006,DS04,cerro_rojo,CAMPAIGN_03,116.000000000,118.000000000,2.000000000,0.199041647,0.000000000,0.000000000
CR-C03-006-A0060,CR-C03-006,DS04,cerro_rojo,CAMPAIGN_03,118.000000000,120.000000000,2.000000000,0.195052428,0.000000000,0.000000000
CR-C03-006-A0061,CR-C03-006,DS04,cerro_rojo,CAMPAIGN_03,120.000000000,122.000000000,2.000000000,0.208393476,0.000000000,0.000000000
CR-C03-006-A0062,CR-C03-006,DS04,cerro_rojo,CAMPAIGN_03,122.000000000,124.000000000,2.000000000,0.209709474,0.000000000,0.000000000
CR-C03-006-A0063,CR-C03-006,DS04,cerro_rojo,CAMPAIGN_03,124.000000000,126.000000000,2.000000000,0.211591098,0.000000000,0.000000000
CR-C03-006-A0064,CR-C03-006,DS04,cerro_rojo,CAMPAIGN_03,126.000000000,128.000000000,2.000000000,0.215592714,0.000000000,0.000000000
CR-C03-006-A0065,CR-C03-006,DS04,cerro_rojo,CAMPAIGN_03,128.000000000,130.000000000,2.000000000,0.210664622,0.000000000,0.000000000
CR-C03-006-A0066,CR-C03-006,DS04,cerro_rojo,CAMPAIGN_03,130.000000000,132.000000000,2.000000000,0.223510980,0.000000000,0.000000000
CR-C03-006-A0067,CR-C03-006,DS04,cerro_rojo,CAMPAIGN_03,132.000000000,134.000000000,2.000000000,0.236399387,0.000000000,0.000000000
CR-C03-006-A0068,CR-C03-006,DS04,cerro_rojo,CAMPAIGN_03,134.000000000,136.000000000,2.000000000,0.240447810,0.000000000,0.000000000
CR-C03-006-A0069,CR-C03-006,DS04,cerro_rojo,CAMPAIGN_03,136.000000000,138.000000000,2.000000000,0.244005307,0.000000000,0.000000000
CR-C03-006-A0070,CR-C03-006,DS04,cerro_rojo,CAMPAIGN_03,138.000000000,140.000000000,2.000000000,0.244738609,0.000000000,0.000000000
CR-C03-006-A0071,CR-C03-006,DS04,cerro_rojo,CAMPAIGN_03,140.000000000,142.000000000,2.000000000,0.256097452,0.000000000,0.000000000
CR-C03-006-A0072,CR-C03-006,DS04,cerro_rojo,CAMPAIGN_03,142.000000000,144.000000000,2.000000000,0.252727282,0.000000000,0.000000000
CR-C03-006-A0073,CR-C03-006,DS04,cerro_rojo,CAMPAIGN_03,144.000000000,146.000000000,2.000000000,0.277541552,0.000000000,0.000000000
CR-C03-006-A0074,CR-C03-006,DS04,cerro_rojo,CAMPAIGN_03,146.000000000,148.000000000,2.000000000,0.249594080,0.000000000,0.000000000
CR-C03-006-A0075,CR-C03-006,DS04,cerro_rojo,CAMPAIGN_03,148.000000000,150.000000000,2.000000000,0.276007738,0.000000000,0.000000000
CR-C03-006-A0076,CR-C03-006,DS04,cerro_rojo,CAMPAIGN_03,150.000000000,152.000000000,2.000000000,0.256915837,0.000000000,0.000000000
CR-C03-006-A0077,CR-C03-006,DS04,cerro_rojo,CAMPAIGN_03,152.000000000,154.000000000,2.000000000,0.290428100,0.000000000,0.000000000
CR-C03-006-A0078,CR-C03-006,DS04,cerro_rojo,CAMPAIGN_03,154.000000000,156.000000000,2.000000000,0.302251475,0.000000000,0.000000000
CR-C03-006-A0079,CR-C03-006,DS04,cerro_rojo,CAMPAIGN_03,156.000000000,158.000000000,2.000000000,0.280371471,0.000000000,0.000000000
CR-C03-006-A0080,CR-C03-006,DS04,cerro_rojo,CAMPAIGN_03,158.000000000,160.000000000,2.000000000,0.295025077,0.000000000,0.000000000
CR-C03-006-A0081,CR-C03-006,DS04,cerro_rojo,CAMPAIGN_03,160.000000000,162.000000000,2.000000000,0.311765110,0.000000000,0.000000000
CR-C03-006-A0082,CR-C03-006,DS04,cerro_rojo,CAMPAIGN_03,162.000000000,164.000000000,2.000000000,0.308890294,0.000000000,0.000000000
CR-C03-006-A0083,CR-C03-006,DS04,cerro_rojo,CAMPAIGN_03,164.000000000,166.000000000,2.000000000,0.306883099,0.000000000,0.000000000
CR-C03-006-A0084,CR-C03-006,DS04,cerro_rojo,CAMPAIGN_03,166.000000000,168.000000000,2.000000000,0.326997771,0.000000000,0.000000000
CR-C03-006-A0085,CR-C03-006,DS04,cerro_rojo,CAMPAIGN_03,168.000000000,170.000000000,2.000000000,0.332527948,0.000000000,0.000000000
CR-C03-006-A0086,CR-C03-006,DS04,cerro_rojo,CAMPAIGN_03,170.000000000,172.000000000,2.000000000,0.339806544,0.000000000,0.000000000
CR-C03-006-A0087,CR-C03-006,DS04,cerro_rojo,CAMPAIGN_03,172.000000000,174.000000000,2.000000000,0.355072685,0.000000000,0.000000000
CR-C03-006-A0088,CR-C03-006,DS04,cerro_rojo,CAMPAIGN_03,174.000000000,176.000000000,2.000000000,0.345053597,0.000000000,0.000000000
CR-C03-006-A0089,CR-C03-006,DS04,cerro_rojo,CAMPAIGN_03,176.000000000,178.000000000,2.000000000,0.340696118,0.000000000,0.000000000
CR-C03-006-A0090,CR-C03-006,DS04,cerro_rojo,CAMPAIGN_03,178.000000000,180.000000000,2.000000000,0.324013099,0.000000000,0.000000000
CR-C03-006-A0091,CR-C03-006,DS04,cerro_rojo,CAMPAIGN_03,180.000000000,182.000000000,2.000000000,0.360159470,0.000000000,0.000000000
CR-C03-006-A0092,CR-C03-006,DS04,cerro_rojo,CAMPAIGN_03,182.000000000,184.000000000,2.000000000,0.356949707,0.000000000,0.000000000
CR-C03-006-A0093,CR-C03-006,DS04,cerro_rojo,CAMPAIGN_03,184.000000000,186.000000000,2.000000000,0.382676475,0.000000000,0.000000000
CR-C03-006-A0094,CR-C03-006,DS04,cerro_rojo,CAMPAIGN_03,186.000000000,188.000000000,2.000000000,0.411202285,0.000000000,0.000000000
CR-C03-006-A0095,CR-C03-006,DS04,cerro_rojo,CAMPAIGN_03,188.000000000,190.000000000,2.000000000,0.367864054,0.000000000,0.000000000
CR-C03-006-A0096,CR-C03-006,DS04,cerro_rojo,CAMPAIGN_03,190.000000000,192.000000000,2.000000000,0.372530595,0.000000000,0.000000000
CR-C03-006-A0097,CR-C03-006,DS04,cerro_rojo,CAMPAIGN_03,192.000000000,194.000000000,2.000000000,0.398347361,0.000000000,0.000000000
CR-C03-006-A0098,CR-C03-006,DS04,cerro_rojo,CAMPAIGN_03,194.000000000,196.000000000,2.000000000,0.375572205,0.000000000,0.000000000
CR-C03-006-A0099,CR-C03-006,DS04,cerro_rojo,CAMPAIGN_03,196.000000000,198.000000000,2.000000000,0.417788063,0.000000000,0.000000000
CR-C03-006-A0100,CR-C03-006,DS04,cerro_rojo,CAMPAIGN_03,198.000000000,200.000000000,2.000000000,0.409704554,0.000000000,0.000000000
CR-C03-006-A0101,CR-C03-006,DS04,cerro_rojo,CAMPAIGN_03,200.000000000,202.000000000,2.000000000,0.403143091,0.000000000,0.000000000
CR-C03-006-A0102,CR-C03-006,DS04,cerro_rojo,CAMPAIGN_03,202.000000000,204.000000000,2.000000000,0.387727164,0.000000000,0.000000000
CR-C03-006-A0103,CR-C03-006,DS04,cerro_rojo,CAMPAIGN_03,204.000000000,206.000000000,2.000000000,0.426518170,0.000000000,0.000000000
CR-C03-006-A0104,CR-C03-006,DS04,cerro_rojo,CAMPAIGN_03,206.000000000,208.000000000,2.000000000,0.421118586,0.000000000,0.000000000
CR-C03-006-A0105,CR-C03-006,DS04,cerro_rojo,CAMPAIGN_03,208.000000000,210.000000000,2.000000000,0.413938624,0.000000000,0.000000000
CR-C03-006-A0106,CR-C03-006,DS04,cerro_rojo,CAMPAIGN_03,210.000000000,212.000000000,2.000000000,0.409922106,0.000000000,0.000000000
CR-C03-006-A0107,CR-C03-006,DS04,cerro_rojo,CAMPAIGN_03,212.000000000,214.000000000,2.000000000,0.403335523,0.000000000,0.000000000
CR-C03-006-A0108,CR-C03-006,DS04,cerro_rojo,CAMPAIGN_03,214.000000000,216.000000000,2.000000000,0.445290167,0.000000000,0.000000000
CR-C03-006-A0109,CR-C03-006,DS04,cerro_rojo,CAMPAIGN_03,216.000000000,218.000000000,2.000000000,0.431777341,0.000000000,0.000000000
CR-C03-006-A0110,CR-C03-006,DS04,cerro_rojo,CAMPAIGN_03,218.000000000,220.000000000,2.000000000,0.459056265,0.000000000,0.000000000
CR-C03-006-A0111,CR-C03-006,DS04,cerro_rojo,CAMPAIGN_03,220.000000000,222.000000000,2.000000000,0.438212726,0.000000000,0.000000000
CR-C03-006-A0112,CR-C03-006,DS04,cerro_rojo,CAMPAIGN_03,222.000000000,224.000000000,2.000000000,0.445114326,0.000000000,0.000000000
CR-C03-006-A0113,CR-C03-006,DS04,cerro_rojo,CAMPAIGN_03,224.000000000,226.000000000,2.000000000,0.449166092,0.000000000,0.000000000
CR-C03-006-A0114,CR-C03-006,DS04,cerro_rojo,CAMPAIGN_03,226.000000000,228.000000000,2.000000000,0.469626286,0.000000000,0.000000000
CR-C03-006-A0115,CR-C03-006,DS04,cerro_rojo,CAMPAIGN_03,228.000000000,230.000000000,2.000000000,0.477538986,0.000000000,0.000000000
CR-C03-006-A0116,CR-C03-006,DS04,cerro_rojo,CAMPAIGN_03,230.000000000,232.000000000,2.000000000,0.447185201,0.000000000,0.000000000
CR-C03-006-A0117,CR-C03-006,DS04,cerro_rojo,CAMPAIGN_03,232.000000000,234.000000000,2.000000000,0.444554707,0.000000000,0.000000000
CR-C03-006-A0118,CR-C03-006,DS04,cerro_rojo,CAMPAIGN_03,234.000000000,236.000000000,2.000000000,0.447164284,0.000000000,0.000000000
CR-C03-006-A0119,CR-C03-006,DS04,cerro_rojo,CAMPAIGN_03,236.000000000,238.000000000,2.000000000,0.456635361,0.000000000,0.000000000
CR-C03-006-A0120,CR-C03-006,DS04,cerro_rojo,CAMPAIGN_03,238.000000000,240.000000000,2.000000000,0.436305432,0.000000000,0.000000000
CR-C03-006-A0121,CR-C03-006,DS04,cerro_rojo,CAMPAIGN_03,240.000000000,242.000000000,2.000000000,0.522465988,0.000000000,0.000000000
CR-C03-006-A0122,CR-C03-006,DS04,cerro_rojo,CAMPAIGN_03,242.000000000,244.000000000,2.000000000,0.488514409,0.000000000,0.000000000
CR-C03-006-A0123,CR-C03-006,DS04,cerro_rojo,CAMPAIGN_03,244.000000000,246.000000000,2.000000000,0.519659856,0.000000000,0.000000000
CR-C03-006-A0124,CR-C03-006,DS04,cerro_rojo,CAMPAIGN_03,246.000000000,248.000000000,2.000000000,0.532120724,0.000000000,0.000000000
CR-C03-006-A0125,CR-C03-006,DS04,cerro_rojo,CAMPAIGN_03,248.000000000,250.000000000,2.000000000,0.507623679,0.000000000,0.000000000
CR-C03-006-A0126,CR-C03-006,DS04,cerro_rojo,CAMPAIGN_03,250.000000000,252.000000000,2.000000000,0.578382864,0.000000000,0.000000000
CR-C03-006-A0127,CR-C03-006,DS04,cerro_rojo,CAMPAIGN_03,252.000000000,254.000000000,2.000000000,0.523300456,0.000000000,0.000000000
CR-C03-006-A0128,CR-C03-006,DS04,cerro_rojo,CAMPAIGN_03,254.000000000,256.000000000,2.000000000,0.530691044,0.000000000,0.000000000
CR-C03-006-A0129,CR-C03-006,DS04,cerro_rojo,CAMPAIGN_03,256.000000000,258.000000000,2.000000000,0.541944888,0.000000000,0.000000000
CR-C03-006-A0130,CR-C03-006,DS04,cerro_rojo,CAMPAIGN_03,258.000000000,260.000000000,2.000000000,0.569370204,0.000000000,0.000000000
CR-C03-006-A0131,CR-C03-006,DS04,cerro_rojo,CAMPAIGN_03,260.000000000,262.000000000,2.000000000,0.584984596,0.000000000,0.000000000
CR-C03-006-A0132,CR-C03-006,DS04,cerro_rojo,CAMPAIGN_03,262.000000000,264.000000000,2.000000000,0.612079543,0.000000000,0.000000000
CR-C03-006-A0133,CR-C03-006,DS04,cerro_rojo,CAMPAIGN_03,264.000000000,266.000000000,2.000000000,0.648963290,0.000000000,0.000000000
CR-C03-006-A0134,CR-C03-006,DS04,cerro_rojo,CAMPAIGN_03,266.000000000,268.000000000,2.000000000,0.609051321,0.000000000,0.000000000
CR-C03-006-A0135,CR-C03-006,DS04,cerro_rojo,CAMPAIGN_03,268.000000000,270.000000000,2.000000000,0.667597754,0.000000000,0.000000000
CR-C03-006-A0136,CR-C03-006,DS04,cerro_rojo,CAMPAIGN_03,270.000000000,272.000000000,2.000000000,0.588827110,0.000000000,0.000000000
CR-C03-006-A0137,CR-C03-006,DS04,cerro_rojo,CAMPAIGN_03,272.000000000,274.000000000,2.000000000,0.655370227,0.000000000,0.000000000
CR-C03-006-A0138,CR-C03-006,DS04,cerro_rojo,CAMPAIGN_03,274.000000000,276.000000000,2.000000000,0.652667142,0.000000000,0.000000000
CR-C03-006-A0139,CR-C03-006,DS04,cerro_rojo,CAMPAIGN_03,276.000000000,278.000000000,2.000000000,0.676095326,0.000000000,0.000000000
CR-C03-006-A0140,CR-C03-006,DS04,cerro_rojo,CAMPAIGN_03,278.000000000,280.000000000,2.000000000,0.676065115,0.000000000,0.000000000
CR-C03-006-A0141,CR-C03-006,DS04,cerro_rojo,CAMPAIGN_03,280.000000000,282.000000000,2.000000000,0.658429103,0.000000000,0.000000000
CR-C03-006-A0142,CR-C03-006,DS04,cerro_rojo,CAMPAIGN_03,282.000000000,284.000000000,2.000000000,0.723730837,0.000000000,0.000000000
CR-C03-006-A0143,CR-C03-006,DS04,cerro_rojo,CAMPAIGN_03,284.000000000,286.000000000,2.000000000,0.684279813,0.000000000,0.000000000
CR-C03-006-A0144,CR-C03-006,DS04,cerro_rojo,CAMPAIGN_03,286.000000000,288.000000000,2.000000000,0.724671225,0.000000000,0.000000000
CR-C03-006-A0145,CR-C03-006,DS04,cerro_rojo,CAMPAIGN_03,288.000000000,290.000000000,2.000000000,0.684623564,0.000000000,0.000000000
CR-C03-006-A0146,CR-C03-006,DS04,cerro_rojo,CAMPAIGN_03,290.000000000,292.000000000,2.000000000,0.750270318,0.000000000,0.000000000
CR-C03-006-A0147,CR-C03-006,DS04,cerro_rojo,CAMPAIGN_03,292.000000000,294.000000000,2.000000000,0.750350150,0.000000000,0.000000000
CR-C03-006-A0148,CR-C03-006,DS04,cerro_rojo,CAMPAIGN_03,294.000000000,296.000000000,2.000000000,0.723524344,0.000000000,0.000000000
CR-C03-006-A0149,CR-C03-006,DS04,cerro_rojo,CAMPAIGN_03,296.000000000,298.000000000,2.000000000,0.681982445,0.000000000,0.000000000
CR-C03-006-A0150,CR-C03-006,DS04,cerro_rojo,CAMPAIGN_03,298.000000000,300.000000000,2.000000000,0.739757427,0.000000000,0.000000000
CR-C03-006-A0151,CR-C03-006,DS04,cerro_rojo,CAMPAIGN_03,300.000000000,302.000000000,2.000000000,0.651587452,0.000000000,0.000000000
CR-C03-006-A0152,CR-C03-006,DS04,cerro_rojo,CAMPAIGN_03,302.000000000,304.000000000,2.000000000,0.728231138,0.000000000,0.000000000
CR-C03-006-A0153,CR-C03-006,DS04,cerro_rojo,CAMPAIGN_03,304.000000000,306.000000000,2.000000000,0.712362556,0.000000000,0.000000000
CR-C03-006-A0154,CR-C03-006,DS04,cerro_rojo,CAMPAIGN_03,306.000000000,308.000000000,2.000000000,0.722365605,0.000000000,0.000000000
CR-C03-006-A0155,CR-C03-006,DS04,cerro_rojo,CAMPAIGN_03,308.000000000,310.000000000,2.000000000,0.702887670,0.000000000,0.000000000
CR-C03-006-A0156,CR-C03-006,DS04,cerro_rojo,CAMPAIGN_03,310.000000000,312.000000000,2.000000000,0.749687537,0.000000000,0.000000000
CR-C03-006-A0157,CR-C03-006,DS04,cerro_rojo,CAMPAIGN_03,312.000000000,314.000000000,2.000000000,0.692171323,0.000000000,0.000000000
CR-C03-006-A0158,CR-C03-006,DS04,cerro_rojo,CAMPAIGN_03,314.000000000,316.000000000,2.000000000,0.698624234,0.000000000,0.000000000
CR-C03-006-A0159,CR-C03-006,DS04,cerro_rojo,CAMPAIGN_03,316.000000000,318.000000000,2.000000000,0.681454100,0.000000000,0.000000000
CR-C03-006-A0160,CR-C03-006,DS04,cerro_rojo,CAMPAIGN_03,318.000000000,320.000000000,2.000000000,0.700462347,0.000000000,0.000000000
CR-C03-006-A0161,CR-C03-006,DS04,cerro_rojo,CAMPAIGN_03,320.000000000,322.000000000,2.000000000,0.660559265,0.000000000,0.000000000
CR-C03-006-A0162,CR-C03-006,DS04,cerro_rojo,CAMPAIGN_03,322.000000000,324.000000000,2.000000000,0.625406800,0.000000000,0.000000000
CR-C03-006-A0163,CR-C03-006,DS04,cerro_rojo,CAMPAIGN_03,324.000000000,326.000000000,2.000000000,0.682467762,0.000000000,0.000000000
CR-C03-006-A0164,CR-C03-006,DS04,cerro_rojo,CAMPAIGN_03,326.000000000,328.000000000,2.000000000,0.688392442,0.000000000,0.000000000
CR-C03-006-A0165,CR-C03-006,DS04,cerro_rojo,CAMPAIGN_03,328.000000000,330.000000000,2.000000000,0.688234182,0.000000000,0.000000000
CR-C03-006-A0166,CR-C03-006,DS04,cerro_rojo,CAMPAIGN_03,330.000000000,332.000000000,2.000000000,0.664672103,0.000000000,0.000000000
CR-C03-006-A0167,CR-C03-006,DS04,cerro_rojo,CAMPAIGN_03,332.000000000,334.000000000,2.000000000,0.665957989,0.000000000,0.000000000
CR-C03-006-A0168,CR-C03-006,DS04,cerro_rojo,CAMPAIGN_03,334.000000000,336.000000000,2.000000000,0.654822917,0.000000000,0.000000000
CR-C03-006-A0169,CR-C03-006,DS04,cerro_rojo,CAMPAIGN_03,336.000000000,336.993835551,0.993835551,0.617993591,0.000000000,0.000000000
